ISO-10303-21;
HEADER;
FILE_DESCRIPTION (( 'STEP AP214' ),
    '1' );
FILE_NAME ('620-1001-ND TRANSDUCER.STEP',
    '2020-12-17T16:33:19',
    ( '' ),
    ( '' ),
    'SwSTEP 2.0',
    'SolidWorks 2018',
    '' );
FILE_SCHEMA (( 'AUTOMOTIVE_DESIGN' ));
ENDSEC;

DATA;
#1 = AXIS2_PLACEMENT_3D ( 'NONE', #3037, #420, #3467 ) ;
#2 = CARTESIAN_POINT ( 'NONE',  ( 0.02077758628691770207, 0.7599999999999997868, -0.2706018021871384183 ) ) ;
#3 = CARTESIAN_POINT ( 'NONE',  ( 0.9450000000000006173, -0.02999999999999967276, 2.020000000000000018 ) ) ;
#4 = CARTESIAN_POINT ( 'NONE',  ( 0.2410538243217370813, 0.7599999999999995648, 0.1330480892162473061 ) ) ;
#5 = CARTESIAN_POINT ( 'NONE',  ( 0.5192244741752997106, 0.7399999999999998801, 0.2349423797872709774 ) ) ;
#6 = VECTOR ( 'NONE', #4117, 1000.000000000000000 ) ;
#7 = CARTESIAN_POINT ( 'NONE',  ( -0.3862736957643642111, 0.7599999999999997868, -0.2706018021871384183 ) ) ;
#8 =( NAMED_UNIT ( * ) PLANE_ANGLE_UNIT ( ) SI_UNIT ( $, .RADIAN. ) );
#9 = CARTESIAN_POINT ( 'NONE',  ( 0.5291666666666664520, 0.7599999999999998979, 0.04967280062692649989 ) ) ;
#10 = ORIENTED_EDGE ( 'NONE', *, *, #3425, .T. ) ;
#11 = CARTESIAN_POINT ( 'NONE',  ( 0.5192244741752997106, 0.7599999999999998979, 0.2349423797872709774 ) ) ;
#12 = CARTESIAN_POINT ( 'NONE',  ( -0.4468023838141024773, 0.7399999999999999911, 0.2210795514282085372 ) ) ;
#13 = ORIENTED_EDGE ( 'NONE', *, *, #2180, .F. ) ;
#14 = CARTESIAN_POINT ( 'NONE',  ( -0.1618645343416919569, 0.7399999999999998801, 0.1427221491312525015 ) ) ;
#15 = CARTESIAN_POINT ( 'NONE',  ( 0.3750000000000004441, -1.346972987469857941, 2.479999999999999982 ) ) ;
#16 = ORIENTED_EDGE ( 'NONE', *, *, #4475, .F. ) ;
#17 = VERTEX_POINT ( 'NONE', #636 ) ;
#18 = CARTESIAN_POINT ( 'NONE',  ( -0.3211530724705632389, 0.7599999999999997868, 0.1513684937088689286 ) ) ;
#19 = CARTESIAN_POINT ( 'NONE',  ( -0.3223605862389044563, 0.7399999999999998801, -0.2263294391008122963 ) ) ;
#20 = CARTESIAN_POINT ( 'NONE',  ( -1.644999999999999574, -1.346972987469857941, 2.020000000000000018 ) ) ;
#21 = CARTESIAN_POINT ( 'NONE',  ( 0.3944407412598218143, 0.7399999999999999911, 0.2206006448589536983 ) ) ;
#22 = ORIENTED_EDGE ( 'NONE', *, *, #3327, .F. ) ;
#23 = CARTESIAN_POINT ( 'NONE',  ( 0.05632362844453758788, 0.7399999999999999911, -0.2522078115704897150 ) ) ;
#24 = CARTESIAN_POINT ( 'NONE',  ( -0.07375391214200137380, 0.7599999999999997868, 0.2731978099680195671 ) ) ;
#25 = CARTESIAN_POINT ( 'NONE',  ( -0.4511883333243373873, 0.7399999999999998801, 0.2210134983352159965 ) ) ;
#26 = ORIENTED_EDGE ( 'NONE', *, *, #4800, .F. ) ;
#27 = CARTESIAN_POINT ( 'NONE',  ( -0.4418503661517947378, 0.7399999999999997691, 0.2209864324206061437 ) ) ;
#28 = ORIENTED_EDGE ( 'NONE', *, *, #2008, .T. ) ;
#29 = ORIENTED_EDGE ( 'NONE', *, *, #80, .F. ) ;
#30 = CARTESIAN_POINT ( 'NONE',  ( -0.4035487737510764505, 0.7600000000000001199, -0.2206995692730533143 ) ) ;
#31 = CARTESIAN_POINT ( 'NONE',  ( -1.644999999999999574, -0.4399999999999996136, 2.020000000000000018 ) ) ;
#32 = CARTESIAN_POINT ( 'NONE',  ( 0.008383320655371008859, 0.7599999999999998979, 0.2701985584265108598 ) ) ;
#33 = CARTESIAN_POINT ( 'NONE',  ( 0.2374465811965811024, 0.7399999999999998801, -0.2673819870333298820 ) ) ;
#34 = ORIENTED_EDGE ( 'NONE', *, *, #2767, .T. ) ;
#35 = EDGE_LOOP ( 'NONE', ( #29, #263, #2950, #3816 ) ) ;
#36 = DIRECTION ( 'NONE',  ( 0.000000000000000000, 0.000000000000000000, -1.000000000000000000 ) ) ;
#37 = CARTESIAN_POINT ( 'NONE',  ( 0.1070122046563648510, 0.7600000000000000089, 0.005776318033700902216 ) ) ;
#38 = VERTEX_POINT ( 'NONE', #169 ) ;
#39 = DIRECTION ( 'NONE',  ( -1.000000000000000000, 0.000000000000000000, 0.000000000000000000 ) ) ;
#40 = CARTESIAN_POINT ( 'NONE',  ( 0.2374465811965811302, 0.7600000000000000089, 0.05221687113974701755 ) ) ;
#41 = CARTESIAN_POINT ( 'NONE',  ( -0.4748931623931622603, 0.7599999999999998979, -0.002798653699996567993 ) ) ;
#42 = CARTESIAN_POINT ( 'NONE',  ( -0.1184618935337533180, 0.7599999999999998979, 0.2601311650978794798 ) ) ;
#43 = CARTESIAN_POINT ( 'NONE',  ( -0.5166883832369416618, 0.7399999999999997691, 0.2051254953784840962 ) ) ;
#44 = CARTESIAN_POINT ( 'NONE',  ( -0.3120726495726494631, 0.7599999999999998979, 0.1091404488641059822 ) ) ;
#45 = CARTESIAN_POINT ( 'NONE',  ( 0.2374447865110898281, 0.7399999999999997691, 0.05868356002069784194 ) ) ;
#46 = VECTOR ( 'NONE', #5044, 1000.000000000000000 ) ;
#47 = VERTEX_POINT ( 'NONE', #1019 ) ;
#48 = CARTESIAN_POINT ( 'NONE',  ( -0.2648546466867170435, 0.7399999999999998801, 0.1119921256128985215 ) ) ;
#49 = DIRECTION ( 'NONE',  ( -0.000000000000000000, -1.000000000000000000, -0.000000000000000000 ) ) ;
#50 = CARTESIAN_POINT ( 'NONE',  ( 0.1303664500673958615, 0.7600000000000000089, 0.04331821064083638678 ) ) ;
#51 = PLANE ( 'NONE',  #5195 ) ;
#52 = CARTESIAN_POINT ( 'NONE',  ( 0.1108790731837607096, 0.7399999999999999911, 0.01055771649231113454 ) ) ;
#53 = VECTOR ( 'NONE', #157, 1000.000000000000000 ) ;
#54 = ORIENTED_EDGE ( 'NONE', *, *, #4134, .T. ) ;
#55 = EDGE_CURVE ( 'NONE', #1601, #5521, #3209, .T. ) ;
#56 = CARTESIAN_POINT ( 'NONE',  ( -0.006339315926504967245, 0.7399999999999996581, -0.2233392473724832294 ) ) ;
#57 = AXIS2_PLACEMENT_3D ( 'NONE', #3575, #3610, #4807 ) ;
#58 = VECTOR ( 'NONE', #3434, 1000.000000000000000 ) ;
#59 = CARTESIAN_POINT ( 'NONE',  ( -0.4843495975147926735, 0.7400000000000001021, 0.2172845935852806276 ) ) ;
#60 = CARTESIAN_POINT ( 'NONE',  ( -0.2149999999999999134, -0.02999999999999964501, 1.510000000000000009 ) ) ;
#61 = CARTESIAN_POINT ( 'NONE',  ( -0.3919904867385374803, 0.7599999999999998979, 0.2129244342223081676 ) ) ;
#62 = CARTESIAN_POINT ( 'NONE',  ( -0.3120726495726494631, 0.7399999999999999911, 0.1091404488641059822 ) ) ;
#63 = EDGE_CURVE ( 'NONE', #829, #2589, #1572, .T. ) ;
#64 = CARTESIAN_POINT ( 'NONE',  ( 0.2468808426816238577, 0.7599999999999998979, 0.1637319619517128011 ) ) ;
#65 = ORIENTED_EDGE ( 'NONE', *, *, #1259, .F. ) ;
#66 = CARTESIAN_POINT ( 'NONE',  ( -0.1751165341197516989, 0.7399999999999998801, -0.2029814446394118954 ) ) ;
#67 = CARTESIAN_POINT ( 'NONE',  ( 0.4095953525641025106, 0.7399999999999999911, 0.2210795514282085372 ) ) ;
#68 = LINE ( 'NONE', #2730, #5403 ) ;
#69 = DIRECTION ( 'NONE',  ( -0.000000000000000000, -1.000000000000000000, -0.000000000000000000 ) ) ;
#70 = ORIENTED_EDGE ( 'NONE', *, *, #4999, .T. ) ;
#71 =( LENGTH_UNIT ( ) NAMED_UNIT ( * ) SI_UNIT ( .MILLI., .METRE. ) );
#72 = EDGE_CURVE ( 'NONE', #4348, #3647, #3477, .T. ) ;
#73 = CARTESIAN_POINT ( 'NONE',  ( 0.3750000000000003331, -1.346972987469857941, 2.020000000000000018 ) ) ;
#74 = EDGE_LOOP ( 'NONE', ( #4538, #2443 ) ) ;
#75 = VERTEX_POINT ( 'NONE', #4944 ) ;
#76 = PLANE ( 'NONE',  #2397 ) ;
#77 = CARTESIAN_POINT ( 'NONE',  ( 0.3495765575173186979, 0.7399999999999998801, 0.2073053555696156014 ) ) ;
#78 = CARTESIAN_POINT ( 'NONE',  ( 0.1107038866154453904, 0.7399999999999999911, -0.1780712184837815737 ) ) ;
#79 =( NAMED_UNIT ( * ) SI_UNIT ( $, .STERADIAN. ) SOLID_ANGLE_UNIT ( ) );
#80 = EDGE_CURVE ( 'NONE', #1526, #654, #1910, .T. ) ;
#81 = CARTESIAN_POINT ( 'NONE',  ( 0.4261301942011347377, 0.7599999999999998979, 0.2750246545284866784 ) ) ;
#82 = ORIENTED_EDGE ( 'NONE', *, *, #4466, .T. ) ;
#83 = CARTESIAN_POINT ( 'NONE',  ( 0.2508884907180672919, 0.7599999999999996758, 0.1760129158113051262 ) ) ;
#84 = DIRECTION ( 'NONE',  ( 0.000000000000000000, 0.000000000000000000, 1.000000000000000000 ) ) ;
#85 = DIRECTION ( 'NONE',  ( -1.000000000000000000, -0.000000000000000000, -0.000000000000000000 ) ) ;
#86 = ORIENTED_EDGE ( 'NONE', *, *, #619, .T. ) ;
#87 = EDGE_CURVE ( 'NONE', #5417, #1444, #2314, .T. ) ;
#88 = EDGE_CURVE ( 'NONE', #3483, #5052, #3343, .T. ) ;
#89 = CARTESIAN_POINT ( 'NONE',  ( -0.2149999999999999134, -0.4399999999999996136, 1.510000000000000009 ) ) ;
#90 = VECTOR ( 'NONE', #4238, 1000.000000000000000 ) ;
#91 = CARTESIAN_POINT ( 'NONE',  ( -0.4555230147034523558, 0.7599999999999998979, -0.05740086174778762096 ) ) ;
#92 = CARTESIAN_POINT ( 'NONE',  ( 0.07031341925815715044, 0.7599999999999996758, -0.02649600844089149490 ) ) ;
#93 = FILL_AREA_STYLE ('',( #968 ) ) ;
#94 = ORIENTED_EDGE ( 'NONE', *, *, #88, .F. ) ;
#95 = ADVANCED_FACE ( 'NONE', ( #407 ), #503, .T. ) ;
#96 = DIRECTION ( 'NONE',  ( -0.000000000000000000, 1.000000000000000000, 0.000000000000000000 ) ) ;
#97 = CARTESIAN_POINT ( 'NONE',  ( 0.06047287014120024395, 0.7400000000000001021, -0.1752639192909258847 ) ) ;
#98 = CARTESIAN_POINT ( 'NONE',  ( -0.4456363514957264460, 0.7599999999999998979, -0.2266768588282016827 ) ) ;
#99 = CARTESIAN_POINT ( 'NONE',  ( -0.3737648484656668768, 0.7399999999999999911, -0.08326446271351722883 ) ) ;
#100 = CARTESIAN_POINT ( 'NONE',  ( 0.05806506187396250074, 0.7400000000000001021, 0.1877794718165550769 ) ) ;
#101 = ORIENTED_EDGE ( 'NONE', *, *, #1649, .F. ) ;
#102 = CARTESIAN_POINT ( 'NONE',  ( 0.2468808426816238577, 0.7399999999999997691, 0.1637319619517128011 ) ) ;
#103 = VERTEX_POINT ( 'NONE', #729 ) ;
#104 = ORIENTED_EDGE ( 'NONE', *, *, #4081, .F. ) ;
#105 = CARTESIAN_POINT ( 'NONE',  ( -0.4021838675846464151, 0.7399999999999998801, -0.06925023853538181395 ) ) ;
#106 = ORIENTED_EDGE ( 'NONE', *, *, #2452, .F. ) ;
#107 = DIRECTION ( 'NONE',  ( 1.000000000000000000, 0.000000000000000000, 0.000000000000000000 ) ) ;
#108 = PLANE ( 'NONE',  #4195 ) ;
#109 = CARTESIAN_POINT ( 'NONE',  ( -0.02746277857976221065, 0.7400000000000002132, -0.2264195259545619676 ) ) ;
#110 = VECTOR ( 'NONE', #1288, 1000.000000000000000 ) ;
#111 = CARTESIAN_POINT ( 'NONE',  ( -0.3627631488182972985, 0.7399999999999998801, -0.09164264504010297130 ) ) ;
#112 = FILL_AREA_STYLE ('',( #1856 ) ) ;
#113 = VECTOR ( 'NONE', #3305, 1000.000000000000000 ) ;
#114 = ORIENTED_EDGE ( 'NONE', *, *, #55, .T. ) ;
#115 = ADVANCED_FACE ( 'NONE', ( #2855 ), #2229, .T. ) ;
#116 = CARTESIAN_POINT ( 'NONE',  ( -0.1521909396991592278, 0.7600000000000000089, 0.1627611125250053303 ) ) ;
#117 = CARTESIAN_POINT ( 'NONE',  ( 0.2690259567265901874, 0.7399999999999998801, 0.2093457686647074156 ) ) ;
#118 = CARTESIAN_POINT ( 'NONE',  ( -0.1571975455881816364, 0.7599999999999997868, 0.1531781881307159032 ) ) ;
#119 = LINE ( 'NONE', #89, #315 ) ;
#120 = DIRECTION ( 'NONE',  ( 0.000000000000000000, 0.000000000000000000, 1.000000000000000000 ) ) ;
#121 = CARTESIAN_POINT ( 'NONE',  ( -0.02974009371823580633, 0.7600000000000001199, -0.06003278712894006414 ) ) ;
#122 = EDGE_CURVE ( 'NONE', #2447, #3223, #546, .T. ) ;
#123 = CARTESIAN_POINT ( 'NONE',  ( -0.5999910465519745495, 0.7599999999999997868, -0.1610069080875717040 ) ) ;
#124 = CARTESIAN_POINT ( 'NONE',  ( 0.04473026983186963873, 0.7599999999999997868, -0.1959470034983551157 ) ) ;
#125 = CARTESIAN_POINT ( 'NONE',  ( -0.3397795621232160834, 0.7399999999999998801, -0.1324320779949745841 ) ) ;
#126 = FACE_BOUND ( 'NONE', #2799, .T. ) ;
#127 = CARTESIAN_POINT ( 'NONE',  ( 0.08589820958071871237, 0.7399999999999998801, 0.1513684937088689286 ) ) ;
#128 = CARTESIAN_POINT ( 'NONE',  ( 0.05542661721687205251, 0.7400000000000001021, 0.02967232945358110746 ) ) ;
#129 = CARTESIAN_POINT ( 'NONE',  ( 0.3173104276337066487, 0.7600000000000000089, 0.2520569191819430621 ) ) ;
#130 = CARTESIAN_POINT ( 'NONE',  ( -0.1696047008547007795, 0.7399999999999998801, 0.1193167309153880390 ) ) ;
#131 = CARTESIAN_POINT ( 'NONE',  ( -0.4533078491468972016, 0.7599999999999998979, 0.2752217901257265065 ) ) ;
#132 = DIRECTION ( 'NONE',  ( -0.000000000000000000, -1.000000000000000000, -0.000000000000000000 ) ) ;
#133 = CARTESIAN_POINT ( 'NONE',  ( 0.2850050013343298771, 0.7399999999999997691, 0.07479662812394283211 ) ) ;
#134 = DIRECTION ( 'NONE',  ( -0.000000000000000000, -1.000000000000000000, -0.000000000000000000 ) ) ;
#135 = ORIENTED_EDGE ( 'NONE', *, *, #1533, .F. ) ;
#136 = ORIENTED_EDGE ( 'NONE', *, *, #4788, .F. ) ;
#137 = CARTESIAN_POINT ( 'NONE',  ( -0.5255131755850356301, 0.7400000000000003242, 0.2601311650978795909 ) ) ;
#138 = ADVANCED_FACE ( 'NONE', ( #1774 ), #4586, .T. ) ;
#139 = AXIS2_PLACEMENT_3D ( 'NONE', #5470, #4191, #5490 ) ;
#140 = CARTESIAN_POINT ( 'NONE',  ( 0.5285010903242564062, 0.7399999999999999911, 0.08992571924155740026 ) ) ;
#141 = ORIENTED_EDGE ( 'NONE', *, *, #3432, .F. ) ;
#142 = ORIENTED_EDGE ( 'NONE', *, *, #910, .T. ) ;
#143 = CARTESIAN_POINT ( 'NONE',  ( -0.5890302165040395277, 0.7599999999999997868, -0.1899645382592749510 ) ) ;
#144 = EDGE_CURVE ( 'NONE', #706, #17, #409, .T. ) ;
#145 = CARTESIAN_POINT ( 'NONE',  ( -0.02511584105452042970, 0.7399999999999997691, 0.2208043462399208179 ) ) ;
#146 = VERTEX_POINT ( 'NONE', #3387 ) ;
#147 = ORIENTED_EDGE ( 'NONE', *, *, #3034, .T. ) ;
#148 = CARTESIAN_POINT ( 'NONE',  ( -0.2766848319838862147, 0.7399999999999999911, 0.04331821064083638678 ) ) ;
#149 = CARTESIAN_POINT ( 'NONE',  ( -0.5255131755850356301, 0.7400000000000006573, 0.2601311650978795909 ) ) ;
#151 = CARTESIAN_POINT ( 'NONE',  ( -0.3485943346191421321, 0.7599999999999998979, -0.03798697478864199867 ) ) ;
#150 = LINE ( 'NONE', #3095, #569 ) ;
#152 = PRESENTATION_LAYER_ASSIGNMENT (  '', '', ( #1041 ) ) ;
#153 = ORIENTED_EDGE ( 'NONE', *, *, #1178, .F. ) ;
#154 = PRESENTATION_LAYER_ASSIGNMENT (  '', '', ( #2515 ) ) ;
#155 = EDGE_CURVE ( 'NONE', #2719, #3081, #610, .T. ) ;
#156 = ORIENTED_EDGE ( 'NONE', *, *, #1115, .F. ) ;
#157 = DIRECTION ( 'NONE',  ( 0.000000000000000000, 1.000000000000000000, 0.000000000000000000 ) ) ;
#158 = CARTESIAN_POINT ( 'NONE',  ( -0.3397795621232160834, 0.7599999999999998979, -0.1324320779949745841 ) ) ;
#159 = ORIENTED_EDGE ( 'NONE', *, *, #5065, .T. ) ;
#160 = CARTESIAN_POINT ( 'NONE',  ( -0.5746825640439903182, 0.7599999999999998979, -0.2151974692192349103 ) ) ;
#161 = CARTESIAN_POINT ( 'NONE',  ( 0.05612611390816362594, 0.7599999999999998979, -0.1824409726064654957 ) ) ;
#162 = CARTESIAN_POINT ( 'NONE',  ( 0.05303617618464140371, 0.7599999999999997868, -0.1009911466906706634 ) ) ;
#163 = CARTESIAN_POINT ( 'NONE',  ( -0.5358272081027574130, 0.7600000000000000089, -0.2541703004106560249 ) ) ;
#164 = ORIENTED_EDGE ( 'NONE', *, *, #4859, .F. ) ;
#165 = CARTESIAN_POINT ( 'NONE',  ( -1.644999999999999574, -0.02999999999999967276, 2.070000000000000284 ) ) ;
#166 = ORIENTED_EDGE ( 'NONE', *, *, #2156, .F. ) ;
#167 = CARTESIAN_POINT ( 'NONE',  ( 0.2468808426816238577, 0.7399999999999997691, 0.1637319619517128011 ) ) ;
#168 = CARTESIAN_POINT ( 'NONE',  ( 0.09931604714031443126, 0.7399999999999998801, -0.003740011632993730031 ) ) ;
#169 = CARTESIAN_POINT ( 'NONE',  ( -1.594999999999999529, -0.02999999999999967276, 2.530000000000000249 ) ) ;
#170 = CARTESIAN_POINT ( 'NONE',  ( -0.3157173159530506923, 0.7599999999999995648, -0.06839962275228257671 ) ) ;
#171 = COLOUR_RGB ( '',0.2509803921568627416, 0.2509803921568627416, 0.2509803921568627416 ) ;
#172 = CARTESIAN_POINT ( 'NONE',  ( -0.07729831546351045857, 0.7599999999999997868, 0.2172845935852805999 ) ) ;
#173 =( NAMED_UNIT ( * ) PLANE_ANGLE_UNIT ( ) SI_UNIT ( $, .RADIAN. ) );
#174 = CARTESIAN_POINT ( 'NONE',  ( -0.06129515647703238229, 0.7599999999999998979, -0.05718325329802085438 ) ) ;
#175 = CARTESIAN_POINT ( 'NONE',  ( 0.2374465811965811024, 0.7599999999999998979, -0.2673819870333298820 ) ) ;
#176 = CIRCLE ( 'NONE', #4495, 0.05000000000000012768 ) ;
#177 = VERTEX_POINT ( 'NONE', #5405 ) ;
#178 = EDGE_CURVE ( 'NONE', #4977, #4020, #3736, .T. ) ;
#179 = CARTESIAN_POINT ( 'NONE',  ( -0.5465811843270214077, 0.7600000000000000089, -0.2458581913520233586 ) ) ;
#180 = CARTESIAN_POINT ( 'NONE',  ( -0.3749999999999994449, -0.4399999999999996136, 2.020000000000000018 ) ) ;
#181 = CARTESIAN_POINT ( 'NONE',  ( -0.4741012104175107433, 0.7600000000000000089, -0.2789053301250218886 ) ) ;
#182 = ORIENTED_EDGE ( 'NONE', *, *, #513, .F. ) ;
#183 = CARTESIAN_POINT ( 'NONE',  ( -0.4345140606310443632, 0.7600000000000000089, -0.2264195259545620231 ) ) ;
#184 = CARTESIAN_POINT ( 'NONE',  ( -1.054999999999999938, -0.4399999999999996136, 2.530000000000001137 ) ) ;
#185 = CARTESIAN_POINT ( 'NONE',  ( 0.1108790731837607096, 0.7399999999999997691, 0.01055771649231113454 ) ) ;
#186 = FACE_OUTER_BOUND ( 'NONE', #2937, .T. ) ;
#187 = EDGE_CURVE ( 'NONE', #3516, #3373, #5471, .T. ) ;
#188 = CARTESIAN_POINT ( 'NONE',  ( -0.4476504073183759091, 0.7599999999999998979, 0.2753530557017128122 ) ) ;
#189 = CARTESIAN_POINT ( 'NONE',  ( -0.2922402650963820681, 0.7599999999999997868, -0.1269207842041939760 ) ) ;
#190 = CARTESIAN_POINT ( 'NONE',  ( -0.1096371011856595301, 0.7599999999999998979, 0.2051254953784840962 ) ) ;
#191 = CARTESIAN_POINT ( 'NONE',  ( -0.4133905979777870443, 0.7399999999999998801, -0.2233392473724832572 ) ) ;
#192 = LINE ( 'NONE', #4648, #2712 ) ;
#193 = CARTESIAN_POINT ( 'NONE',  ( 0.4095953525641025106, 0.7599999999999998979, 0.2210795514282085372 ) ) ;
#194 = VECTOR ( 'NONE', #1138, 1000.000000000000000 ) ;
#195 = FACE_OUTER_BOUND ( 'NONE', #4158, .T. ) ;
#196 = CARTESIAN_POINT ( 'NONE',  ( -1.644999999999999574, -0.02999999999999967276, 2.020000000000000018 ) ) ;
#197 = UNCERTAINTY_MEASURE_WITH_UNIT (LENGTH_MEASURE( 1.000000000000000082E-05 ), #2250, 'distance_accuracy_value', 'NONE');
#198 = DIRECTION ( 'NONE',  ( 0.000000000000000000, 0.000000000000000000, 1.000000000000000000 ) ) ;
#199 = CARTESIAN_POINT ( 'NONE',  ( 0.1303664500673958615, 0.7600000000000000089, 0.04331821064083638678 ) ) ;
#200 = VECTOR ( 'NONE', #2710, 1000.000000000000000 ) ;
#201 = CARTESIAN_POINT ( 'NONE',  ( -0.3000825103245934877, 0.7599999999999997868, -0.09587183971325452525 ) ) ;
#202 = ORIENTED_EDGE ( 'NONE', *, *, #1286, .F. ) ;
#203 = CARTESIAN_POINT ( 'NONE',  ( -0.06784188034188028127, 0.7399999999999997691, -0.002798653699996567993 ) ) ;
#204 = CARTESIAN_POINT ( 'NONE',  ( -0.5263295324625394400, 0.7600000000000001199, 0.1993044158257502863 ) ) ;
#205 = CARTESIAN_POINT ( 'NONE',  ( -0.6093397714280366362, 0.7399999999999997691, 0.1715532227345266114 ) ) ;
#206 = CARTESIAN_POINT ( 'NONE',  ( 0.4225215792201369447, 0.7600000000000001199, 0.2205934213470292782 ) ) ;
#207 = EDGE_LOOP ( 'NONE', ( #5019, #640, #4529, #3808 ) ) ;
#208 = VERTEX_POINT ( 'NONE', #5560 ) ;
#209 = SURFACE_STYLE_FILL_AREA ( #2972 ) ;
#210 = CARTESIAN_POINT ( 'NONE',  ( -0.1876938218452752216, 0.7599999999999997868, -0.1758851487156786186 ) ) ;
#211 =( NAMED_UNIT ( * ) PLANE_ANGLE_UNIT ( ) SI_UNIT ( $, .RADIAN. ) );
#212 = ORIENTED_EDGE ( 'NONE', *, *, #2516, .F. ) ;
#213 = VERTEX_POINT ( 'NONE', #2964 ) ;
#214 = AXIS2_PLACEMENT_3D ( 'NONE', #3568, #4902, #1412 ) ;
#215 = CARTESIAN_POINT ( 'NONE',  ( -1.254999999999998117, 0.7599999999999998979, 1.510000000000000009 ) ) ;
#216 = VECTOR ( 'NONE', #2844, 1000.000000000000000 ) ;
#217 = CARTESIAN_POINT ( 'NONE',  ( -0.3478907116406676492, 0.7399999999999999911, -0.03188140679386135268 ) ) ;
#218 = ORIENTED_EDGE ( 'NONE', *, *, #4594, .T. ) ;
#219 = CARTESIAN_POINT ( 'NONE',  ( -0.6229015555593088171, 0.7399999999999999911, 0.1255595285804745331 ) ) ;
#220 = CARTESIAN_POINT ( 'NONE',  ( -0.3390271618465728887, 0.7599999999999998979, -0.04456670463136384180 ) ) ;
#221 = CARTESIAN_POINT ( 'NONE',  ( -0.3535197983440170333, 0.7600000000000000089, -0.03459953511025300188 ) ) ;
#222 = EDGE_CURVE ( 'NONE', #5521, #1556, #5351, .T. ) ;
#223 = ORIENTED_EDGE ( 'NONE', *, *, #122, .T. ) ;
#224 = ORIENTED_EDGE ( 'NONE', *, *, #4454, .T. ) ;
#225 = CARTESIAN_POINT ( 'NONE',  ( -0.6241452991452990373, 0.7599999999999998979, 0.1193167309153880390 ) ) ;
#226 = CARTESIAN_POINT ( 'NONE',  ( -0.1929397645006924733, 0.7599999999999997868, -0.1610069080875716763 ) ) ;
#227 = CARTESIAN_POINT ( 'NONE',  ( -0.04847173265217034205, 0.7399999999999996581, -0.05740086174778760014 ) ) ;
#228 = AXIS2_PLACEMENT_3D ( 'NONE', #3819, #5564, #4274 ) ;
#229 = EDGE_LOOP ( 'NONE', ( #4956, #3490, #5517, #3031 ) ) ;
#230 = CARTESIAN_POINT ( 'NONE',  ( 0.06765457621892266571, 0.7600000000000000089, -0.1519376743405413954 ) ) ;
#231 = CARTESIAN_POINT ( 'NONE',  ( -0.1954548899718257515, 0.7400000000000001021, -0.1505934184475560544 ) ) ;
#232 = EDGE_LOOP ( 'NONE', ( #773, #1745, #4430, #1114 ) ) ;
#233 = CARTESIAN_POINT ( 'NONE',  ( 0.2396166744478153976, 0.7600000000000000089, 0.1198720481058429821 ) ) ;
#234 = CARTESIAN_POINT ( 'NONE',  ( -0.2134261664136787862, 0.7600000000000000089, 0.1377269964403936009 ) ) ;
#235 = CARTESIAN_POINT ( 'NONE',  ( -0.4237058037190450932, 0.7599999999999998979, -0.2252345472034715246 ) ) ;
#236 = CARTESIAN_POINT ( 'NONE',  ( 0.3971675382663203968, 0.7399999999999998801, 0.2750016176874736651 ) ) ;
#237 = LINE ( 'NONE', #3707, #2553 ) ;
#238 = ORIENTED_EDGE ( 'NONE', *, *, #2273, .F. ) ;
#239 = PRODUCT_RELATED_PRODUCT_CATEGORY ( 'part', '', ( #486 ) ) ;
#240 = CARTESIAN_POINT ( 'NONE',  ( -0.3123040165890507147, 0.7599999999999998979, 0.1042099250111353792 ) ) ;
#241 = ADVANCED_FACE ( 'NONE', ( #1168 ), #370, .T. ) ;
#242 = CARTESIAN_POINT ( 'NONE',  ( -0.1011725082055670438, 0.7600000000000000089, -0.2098609805413381713 ) ) ;
#243 = DIRECTION ( 'NONE',  ( 0.000000000000000000, 0.000000000000000000, -1.000000000000000000 ) ) ;
#244 = PLANE ( 'NONE',  #2848 ) ;
#245 = VECTOR ( 'NONE', #853, 1000.000000000000000 ) ;
#246 = EDGE_LOOP ( 'NONE', ( #648, #5136, #4537, #5555 ) ) ;
#247 = DIRECTION ( 'NONE',  ( 0.000000000000000000, 0.000000000000000000, 1.000000000000000000 ) ) ;
#248 = CARTESIAN_POINT ( 'NONE',  ( -0.5642488276394636015, 0.7599999999999997868, 0.1531781881307159032 ) ) ;
#249 = CARTESIAN_POINT ( 'NONE',  ( -0.1445798881090739896, 0.7600000000000000089, -0.1558226490891563842 ) ) ;
#250 = DIRECTION ( 'NONE',  ( -0.000000000000000000, -0.000000000000000000, -1.000000000000000000 ) ) ;
#251 = VECTOR ( 'NONE', #4001, 1000.000000000000000 ) ;
#252 = EDGE_CURVE ( 'NONE', #5307, #1524, #2167, .T. ) ;
#253 = CARTESIAN_POINT ( 'NONE',  ( -0.06784188034188029515, 0.7399999999999998801, -0.05707215797350084774 ) ) ;
#254 = CARTESIAN_POINT ( 'NONE',  ( -0.4462723691239315338, 0.7399999999999998801, -0.2809503631017059022 ) ) ;
#255 = CARTESIAN_POINT ( 'NONE',  ( -0.5730122162149483556, 0.7399999999999994360, 0.1313162933923128495 ) ) ;
#256 = CARTESIAN_POINT ( 'NONE',  ( -0.03922108707264949923, 0.7399999999999997691, -0.2809503631017059022 ) ) ;
#257 = B_SPLINE_CURVE_WITH_KNOTS ( 'NONE', 3,
 ( #633, #1467, #3684, #1037, #4089, #4121, #5423, #1088, #4104, #1953, #2330 ),
 .UNSPECIFIED., .F., .F.,
 ( 4, 1, 1, 1, 1, 1, 1, 1, 4 ),
 ( 0.000000000000000000, 0.07812986515842768043, 0.1694654174977333061, 0.2743352908540844792, 0.3921101633539203490, 0.5236873298575190905, 0.6683654211389633559, 0.8271319021257838022, 1.000000000000000000 ),
 .UNSPECIFIED. ) ;
#258 = CARTESIAN_POINT ( 'NONE',  ( 0.3750000000000003331, -0.4399999999999996136, 2.020000000000000018 ) ) ;
#259 = CARTESIAN_POINT ( 'NONE',  ( -0.3986679613959111523, 0.7400000000000002132, 0.2701985584265109153 ) ) ;
#260 = LINE ( 'NONE', #4391, #4720 ) ;
#261 = CARTESIAN_POINT ( 'NONE',  ( 0.2986529496937311290, 0.7600000000000001199, 0.1608090045073999885 ) ) ;
#262 = EDGE_CURVE ( 'NONE', #3746, #208, #3877, .T. ) ;
#263 = ORIENTED_EDGE ( 'NONE', *, *, #2436, .T. ) ;
#264 = CARTESIAN_POINT ( 'NONE',  ( 0.4820455185070942616, 0.7599999999999998979, 0.1970348932715180745 ) ) ;
#265 = CARTESIAN_POINT ( 'NONE',  ( -0.06784188034188028127, 0.7399999999999998801, -0.002798653699996567993 ) ) ;
#266 = CARTESIAN_POINT ( 'NONE',  ( 0.2878387386588055485, 0.7400000000000002132, 0.1250248692740568435 ) ) ;
#267 = CARTESIAN_POINT ( 'NONE',  ( -0.5592422217504412485, 0.7599999999999998979, 0.1627611125250053303 ) ) ;
#268 = LINE ( 'NONE', #1032, #885 ) ;
#269 = ADVANCED_FACE ( 'NONE', ( #2577 ), #4169, .T. ) ;
#270 = CARTESIAN_POINT ( 'NONE',  ( -0.1590553467128797971, 0.7400000000000001021, -0.2263355392281071188 ) ) ;
#271 = ORIENTED_EDGE ( 'NONE', *, *, #1977, .T. ) ;
#272 = CARTESIAN_POINT ( 'NONE',  ( 0.2150000000000001354, -0.02999999999999964501, 1.510000000000000009 ) ) ;
#273 = CARTESIAN_POINT ( 'NONE',  ( -0.4748931623931622603, 0.7399999999999998801, -0.05707215797350084080 ) ) ;
#274 = CARTESIAN_POINT ( 'NONE',  ( 0.5665432340390677002, 0.7400000000000005462, 0.1553309589069446217 ) ) ;
#275 = VERTEX_POINT ( 'NONE', #930 ) ;
#276 = ORIENTED_EDGE ( 'NONE', *, *, #4659, .T. ) ;
#277 = CARTESIAN_POINT ( 'NONE',  ( -0.5754187471763216877, 0.7599999999999998979, 0.1233911650643369912 ) ) ;
#278 = CARTESIAN_POINT ( 'NONE',  ( -0.08911678123313071520, 0.7599999999999997868, -0.2167149013363941223 ) ) ;
#279 = CARTESIAN_POINT ( 'NONE',  ( 0.4353132657647580395, 0.7399999999999997691, 0.2185884192747127863 ) ) ;
#280 = VERTEX_POINT ( 'NONE', #98 ) ;
#281 = ORIENTED_EDGE ( 'NONE', *, *, #1943, .F. ) ;
#282 = CARTESIAN_POINT ( 'NONE',  ( 0.2932376846614142551, 0.7599999999999997868, 0.1484217483154993689 ) ) ;
#283 = CARTESIAN_POINT ( 'NONE',  ( 0.09428568267947726178, 0.7600000000000000089, 0.09437341090515467823 ) ) ;
#284 = CARTESIAN_POINT ( 'NONE',  ( -0.5352088341346152855, 0.7599999999999998979, 0.1924587581589777829 ) ) ;
#285 = EDGE_CURVE ( 'NONE', #2691, #515, #3936, .T. ) ;
#286 = CARTESIAN_POINT ( 'NONE',  ( 1.485000000000000320, -0.02999999999999967276, 2.020000000000000906 ) ) ;
#287 = LINE ( 'NONE', #2130, #4682 ) ;
#288 = ORIENTED_EDGE ( 'NONE', *, *, #4435, .F. ) ;
#289 = CARTESIAN_POINT ( 'NONE',  ( -0.1751165341197516989, 0.7400000000000001021, -0.2029814446394118954 ) ) ;
#290 = CARTESIAN_POINT ( 'NONE',  ( -0.04461026210680180126, 0.7399999999999999911, -0.2264664981443985647 ) ) ;
#291 = CARTESIAN_POINT ( 'NONE',  ( -0.05256284450022345733, 0.7399999999999999911, -0.001943854750242331219 ) ) ;
#292 = ORIENTED_EDGE ( 'NONE', *, *, #1300, .F. ) ;
#293 = EDGE_CURVE ( 'NONE', #1444, #213, #3674, .T. ) ;
#294 = EDGE_CURVE ( 'NONE', #4697, #1501, #268, .T. ) ;
#295 = VERTEX_POINT ( 'NONE', #2791 ) ;
#296 = CARTESIAN_POINT ( 'NONE',  ( -0.2149999999999999134, -0.4399999999999996136, 2.020000000000000906 ) ) ;
#297 = CARTESIAN_POINT ( 'NONE',  ( 0.5242141071989099288, 0.7399999999999999911, 0.1299580907682700015 ) ) ;
#298 = ADVANCED_FACE ( 'NONE', ( #195 ), #2265, .T. ) ;
#299 = ORIENTED_EDGE ( 'NONE', *, *, #1369, .T. ) ;
#300 = CARTESIAN_POINT ( 'NONE',  ( -0.5465119071652057015, 0.7599999999999997868, -0.1656809325133725141 ) ) ;
#301 = DIRECTION ( 'NONE',  ( -0.000000000000000000, -1.000000000000000000, -0.000000000000000000 ) ) ;
#302 = VERTEX_POINT ( 'NONE', #532 ) ;
#303 = CARTESIAN_POINT ( 'NONE',  ( 0.1293155247422854148, 0.7600000000000001199, 0.1699720140303565552 ) ) ;
#304 = DIRECTION ( 'NONE',  ( -0.000000000000000000, -1.000000000000000000, -0.000000000000000000 ) ) ;
#305 = CARTESIAN_POINT ( 'NONE',  ( -2.045000000000000373, -0.02999999999999975256, 1.510000000000000009 ) ) ;
#306 = CARTESIAN_POINT ( 'NONE',  ( -0.3157173159530506923, 0.7599999999999995648, -0.06839962275228257671 ) ) ;
#307 = FILL_AREA_STYLE ('',( #1162 ) ) ;
#308 = LINE ( 'NONE', #2669, #5130 ) ;
#309 = CARTESIAN_POINT ( 'NONE',  ( 0.2150000000000001354, -0.4399999999999996136, 1.510000000000000009 ) ) ;
#310 = CARTESIAN_POINT ( 'NONE',  ( -1.055000000000000382, -0.02999999999999964501, 1.510000000000000009 ) ) ;
#311 = ORIENTED_EDGE ( 'NONE', *, *, #5129, .F. ) ;
#312 = AXIS2_PLACEMENT_3D ( 'NONE', #2727, #4004, #120 ) ;
#313 = CARTESIAN_POINT ( 'NONE',  ( -0.2648546466867170435, 0.7399999999999999911, 0.1119921256128985215 ) ) ;
#314 = CARTESIAN_POINT ( 'NONE',  ( -0.3367378627931247870, 0.7399999999999997691, -0.02649600844089149490 ) ) ;
#315 = VECTOR ( 'NONE', #3116, 1000.000000000000000 ) ;
#316 = CARTESIAN_POINT ( 'NONE',  ( 0.1148110169548999804, 0.7599999999999997868, -0.1269207842041939760 ) ) ;
#317 = CARTESIAN_POINT ( 'NONE',  ( 0.1186631070424207651, 0.7599999999999997868, 0.1903940432972665575 ) ) ;
#318 = CARTESIAN_POINT ( 'NONE',  ( 0.2374465811965811024, 0.7599999999999998979, -0.2673819870333298820 ) ) ;
#319 = CARTESIAN_POINT ( 'NONE',  ( 0.05353148370726502903, 0.7600000000000000089, -0.03459953511025300188 ) ) ;
#320 = FACE_OUTER_BOUND ( 'NONE', #512, .T. ) ;
#321 = CARTESIAN_POINT ( 'NONE',  ( 0.1108790731837607096, 0.7399999999999997691, 0.01055771649231113454 ) ) ;
#322 = LINE ( 'NONE', #3309, #3468 ) ;
#323 = ADVANCED_FACE ( 'NONE', ( #2438, #4796 ), #605, .F. ) ;
#324 = DIRECTION ( 'NONE',  ( 0.000000000000000000, 0.000000000000000000, 1.000000000000000000 ) ) ;
#325 = CARTESIAN_POINT ( 'NONE',  ( -0.2645833333333332260, 0.7599999999999998979, 0.1045823225286358904 ) ) ;
#326 = CARTESIAN_POINT ( 'NONE',  ( -0.2149999999999999134, -0.4399999999999996136, 17.26000000000000156 ) ) ;
#327 = VECTOR ( 'NONE', #3787, 1000.000000000000000 ) ;
#328 = B_SPLINE_CURVE_WITH_KNOTS ( 'NONE', 3,
 ( #4936, #2359, #255, #4526, #2342, #3696, #650, #3313, #4990, #5372, #699 ),
 .UNSPECIFIED., .F., .F.,
 ( 4, 1, 1, 1, 1, 1, 1, 1, 4 ),
 ( 0.000000000000000000, 0.1497703860319676838, 0.2913164099952439412, 0.4259663731047422242, 0.5521595739695277505, 0.6715274135235923536, 0.7861216286916583584, 0.8953250730704442883, 1.000000000000000000 ),
 .UNSPECIFIED. ) ;
#329 = VECTOR ( 'NONE', #3673, 1000.000000000000000 ) ;
#330 = CARTESIAN_POINT ( 'NONE',  ( -0.3013705245579297309, 0.7599999999999997868, 0.2095015532818353399 ) ) ;
#331 = AXIS2_PLACEMENT_3D ( 'NONE', #2137, #1264, #3869 ) ;
#332 = CARTESIAN_POINT ( 'NONE',  ( -0.3757511754630288303, 0.7600000000000000089, 0.2633863021866139631 ) ) ;
#333 = EDGE_CURVE ( 'NONE', #3205, #642, #3137, .T. ) ;
#334 = DIRECTION ( 'NONE',  ( -0.000000000000000000, -0.000000000000000000, 1.000000000000000000 ) ) ;
#335 = ORIENTED_EDGE ( 'NONE', *, *, #5340, .F. ) ;
#336 = CARTESIAN_POINT ( 'NONE',  ( -0.01569377083696316469, 0.7399999999999999911, 0.2746353940910841729 ) ) ;
#337 = CARTESIAN_POINT ( 'NONE',  ( -0.3162896345968721490, 0.7399999999999997691, 0.07990182527109881971 ) ) ;
#338 = CARTESIAN_POINT ( 'NONE',  ( -0.2170940170940170166, 0.7599999999999998979, 0.1193167309153880390 ) ) ;
#339 = DIRECTION ( 'NONE',  ( 0.000000000000000000, -0.000000000000000000, 1.000000000000000000 ) ) ;
#340 = CARTESIAN_POINT ( 'NONE',  ( -0.2917200854700853774, 0.7599999999999998979, -0.1434645524713640541 ) ) ;
#341 = EDGE_LOOP ( 'NONE', ( #156, #4376, #4242, #1147 ) ) ;
#342 = EDGE_CURVE ( 'NONE', #2941, #3092, #1707, .T. ) ;
#343 = CARTESIAN_POINT ( 'NONE',  ( 0.1421966353645649495, 0.7399999999999999911, 0.1119921256128985215 ) ) ;
#344 = CARTESIAN_POINT ( 'NONE',  ( 0.3750000000000004441, -0.4399999999999996136, 2.479999999999999982 ) ) ;
#345 = ORIENTED_EDGE ( 'NONE', *, *, #4678, .F. ) ;
#346 = ORIENTED_EDGE ( 'NONE', *, *, #479, .T. ) ;
#347 = CARTESIAN_POINT ( 'NONE',  ( 0.8950000000000005729, -0.02999999999999967276, 2.479999999999999982 ) ) ;
#348 = FACE_OUTER_BOUND ( 'NONE', #1191, .T. ) ;
#349 = CARTESIAN_POINT ( 'NONE',  ( -0.2924736412848492062, 0.7399999999999997691, -0.1608835870952189384 ) ) ;
#350 = VERTEX_POINT ( 'NONE', #256 ) ;
#351 = ADVANCED_FACE ( 'NONE', ( #4321 ), #480, .T. ) ;
#352 = CARTESIAN_POINT ( 'NONE',  ( -0.4696971956753290822, 0.7399999999999999911, -0.002507960822553838894 ) ) ;
#353 = CARTESIAN_POINT ( 'NONE',  ( -0.4516615441580839607, 0.7400000000000001021, -0.2264664981443985925 ) ) ;
#354 = EDGE_LOOP ( 'NONE', ( #5356, #1950, #2651, #576 ) ) ;
#355 = CARTESIAN_POINT ( 'NONE',  ( -0.3397795621232160834, 0.7599999999999998979, -0.1324320779949745841 ) ) ;
#356 = CARTESIAN_POINT ( 'NONE',  ( 0.06697226384912539909, 0.7600000000000000089, 0.04056885120919018900 ) ) ;
#357 = CARTESIAN_POINT ( 'NONE',  ( 0.4122454260149571170, 0.7599999999999998979, 0.2753530557017128122 ) ) ;
#358 = EDGE_CURVE ( 'NONE', #946, #424, #3873, .T. ) ;
#359 = ORIENTED_EDGE ( 'NONE', *, *, #442, .F. ) ;
#360 = ORIENTED_EDGE ( 'NONE', *, *, #4588, .F. ) ;
#361 = CARTESIAN_POINT ( 'NONE',  ( 0.1368165742281664821, 0.7399999999999998801, 0.1486200630909850218 ) ) ;
#362 = EDGE_LOOP ( 'NONE', ( #3976, #834, #4308, #2933 ) ) ;
#363 = EDGE_CURVE ( 'NONE', #2201, #4689, #5078, .T. ) ;
#364 = ADVANCED_FACE ( 'NONE', ( #126, #4458, #4394, #2429 ), #4722, .F. ) ;
#365 = ORIENTED_EDGE ( 'NONE', *, *, #1625, .F. ) ;
#366 = CARTESIAN_POINT ( 'NONE',  ( -0.8949999999999997957, -0.4399999999999996136, 2.020000000000000018 ) ) ;
#367 = VECTOR ( 'NONE', #1438, 1000.000000000000000 ) ;
#368 = CARTESIAN_POINT ( 'NONE',  ( 0.06047287014120024395, 0.7399999999999996581, -0.1752639192909258847 ) ) ;
#369 = CARTESIAN_POINT ( 'NONE',  ( -2.045000000000000373, 0.7599999999999998979, 1.510000000000000009 ) ) ;
#370 = B_SPLINE_SURFACE_WITH_KNOTS ( 'NONE', 3, 1, ( 
 ( #1228, #4679 ),
 ( #3372, #297 ),
 ( #2984, #819 ),
 ( #1207, #1269 ),
 ( #766, #4265 ),
 ( #3353, #3777 ),
 ( #2928, #4215 ),
 ( #3524, #2575 ),
 ( #2141, #1315 ),
 ( #2597, #2193 ),
 ( #9, #3925 ) ),
 .UNSPECIFIED., .F., .F., .F.,
 ( 4, 1, 1, 1, 1, 1, 1, 1, 4 ),
 ( 2, 2 ),
 ( 0.000000000000000000, 0.06983510391543634732, 0.1556207549116652156, 0.2578015566582756990, 0.3738112340663712896, 0.5064024926743713184, 0.6555644581431038231, 0.8200792824038523054, 0.9999999999999998890 ),
 ( 0.000000000000000000, 1.000000000000000000 ),
 .UNSPECIFIED. ) ;
#371 = CARTESIAN_POINT ( 'NONE',  ( -0.5354570805559045743, 0.7600000000000000089, -0.1829908014538720318 ) ) ;
#372 = CARTESIAN_POINT ( 'NONE',  ( 0.06802412020470907650, 0.7399999999999999911, -0.04456670463136384180 ) ) ;
#373 = CARTESIAN_POINT ( 'NONE',  ( -0.4190936553189986702, 0.7399999999999997691, 0.002791159552915370694 ) ) ;
#374 = CYLINDRICAL_SURFACE ( 'NONE', #2262, 0.05000000000000012768 ) ;
#375 = ORIENTED_EDGE ( 'NONE', *, *, #2743, .T. ) ;
#376 = DIRECTION ( 'NONE',  ( 0.000000000000000000, 0.7071067811865463515, 0.7071067811865487940 ) ) ;
#377 = CARTESIAN_POINT ( 'NONE',  ( -0.5766559829059827447, 0.7399999999999998801, 0.1193167309153880390 ) ) ;
#378 = CARTESIAN_POINT ( 'NONE',  ( -0.04413705127305534576, 0.7599999999999997868, 0.2210134983352159965 ) ) ;
#379 = VECTOR ( 'NONE', #5186, 1000.000000000000000 ) ;
#380 = ADVANCED_FACE ( 'NONE', ( #3732 ), #4193, .T. ) ;
#381 = B_SPLINE_SURFACE_WITH_KNOTS ( 'NONE', 3, 1, ( 
 ( #4362, #4794 ),
 ( #3066, #489 ),
 ( #3562, #948 ),
 ( #3544, #5284 ),
 ( #4918, #4034 ),
 ( #4051, #97 ),
 ( #161, #4457 ),
 ( #3142, #3581 ),
 ( #124, #1462 ),
 ( #3203, #973 ),
 ( #3637, #3994 ),
 ( #1405, #4420 ),
 ( #3181, #4477 ),
 ( #4011, #5353 ),
 ( #1854, #4860 ),
 ( #3217, #4896 ),
 ( #2276, #109 ),
 ( #1886, #3165 ),
 ( #1869, #4875 ) ),
 .UNSPECIFIED., .F., .F., .F.,
 ( 4, 1, 1, 1, 1, 1, 1, 1, 1, 1, 1, 1, 1, 1, 1, 1, 4 ),
 ( 2, 2 ),
 ( 0.000000000000000000, 0.05527454908752653384, 0.1099660938819835565, 0.1632474428518067011, 0.2180761854823606294, 0.2733008743735932944, 0.3309093000114347594, 0.3909945233652108443, 0.4541759534308246749, 0.5188615408488260750, 0.5833105320111678926, 0.6485166818638258279, 0.7150308870971836539, 0.7825020728543329307, 0.8523226850768557128, 0.9249284897844292086, 1.000000000000000000 ),
 ( 0.000000000000000000, 1.000000000000000000 ),
 .UNSPECIFIED. ) ;
#382 = DIRECTION ( 'NONE',  ( -0.000000000000000000, -1.000000000000000000, -0.000000000000000000 ) ) ;
#383 = CARTESIAN_POINT ( 'NONE',  ( -0.1967414529914529309, 0.7599999999999998979, -0.1452666024179452842 ) ) ;
#384 = CARTESIAN_POINT ( 'NONE',  ( -0.1226838926000444474, 0.7399999999999999911, -0.1906196272398752167 ) ) ;
#385 = CARTESIAN_POINT ( 'NONE',  ( -0.2645833333333332260, 0.7399999999999999911, 0.1045823225286358904 ) ) ;
#386 = DIRECTION ( 'NONE',  ( 1.000000000000000000, 0.000000000000000000, 0.000000000000000000 ) ) ;
#387 = CARTESIAN_POINT ( 'NONE',  ( -0.3585610231405940151, 0.7599999999999997868, 0.1955717017539619074 ) ) ;
#388 = VECTOR ( 'NONE', #1490, 1000.000000000000000 ) ;
#389 = ORIENTED_EDGE ( 'NONE', *, *, #395, .F. ) ;
#390 =( GEOMETRIC_REPRESENTATION_CONTEXT ( 3 ) GLOBAL_UNCERTAINTY_ASSIGNED_CONTEXT ( ( #2385 ) ) GLOBAL_UNIT_ASSIGNED_CONTEXT ( ( #3428, #3860, #473 ) ) REPRESENTATION_CONTEXT ( 'NONE', 'WORKASPACE' ) );
#391 = CARTESIAN_POINT ( 'NONE',  ( -0.3027104542833646272, 0.7399999999999997691, -0.1948231470048591152 ) ) ;
#392 = PRESENTATION_LAYER_ASSIGNMENT (  '', '', ( #4266 ) ) ;
#393 = VECTOR ( 'NONE', #5487, 1000.000000000000000 ) ;
#394 = DIRECTION ( 'NONE',  ( -1.000000000000000000, 0.000000000000000000, 0.000000000000000000 ) ) ;
#395 = EDGE_CURVE ( 'NONE', #4972, #1962, #3612, .T. ) ;
#396 = CARTESIAN_POINT ( 'NONE',  ( -0.5352088341346152855, 0.7399999999999998801, 0.1924587581589777829 ) ) ;
#397 = CARTESIAN_POINT ( 'NONE',  ( 0.1153311965811966433, 0.7599999999999998979, -0.1434645524713640541 ) ) ;
#398 = VECTOR ( 'NONE', #250, 1000.000000000000000 ) ;
#399 = ADVANCED_FACE ( 'NONE', ( #2573 ), #415, .T. ) ;
#400 = DIRECTION ( 'NONE',  ( 1.000000000000000000, 0.000000000000000000, 0.000000000000000000 ) ) ;
#401 = CARTESIAN_POINT ( 'NONE',  ( -0.3770405015064970944, 0.7600000000000001199, -0.2079590198120003508 ) ) ;
#402 = LINE ( 'NONE', #4429, #4061 ) ;
#403 = EDGE_CURVE ( 'NONE', #302, #4955, #1425, .T. ) ;
#404 = CARTESIAN_POINT ( 'NONE',  ( 0.1145776407664328006, 0.7599999999999997868, -0.1608835870952189384 ) ) ;
#405 = CARTESIAN_POINT ( 'NONE',  ( -0.06784188034188028127, 0.7599999999999998979, -0.002798653699996567993 ) ) ;
#406 = DIRECTION ( 'NONE',  ( -1.000000000000000000, 0.000000000000000000, 0.000000000000000000 ) ) ;
#407 = FACE_OUTER_BOUND ( 'NONE', #5410, .T. ) ;
#408 = DIRECTION ( 'NONE',  ( -0.000000000000000000, -1.000000000000000000, -0.000000000000000000 ) ) ;
#409 = B_SPLINE_CURVE_WITH_KNOTS ( 'NONE', 3,
 ( #1956, #240, #675, #1110, #4549, #5457, #1974, #4997, #3301, #3760, #3723, #1131, #4145, #3855, #2481, #748, #5511, #2557, #2086 ),
 .UNSPECIFIED., .F., .F.,
 ( 4, 1, 1, 1, 1, 1, 1, 1, 1, 1, 1, 1, 1, 1, 1, 1, 4 ),
 ( 0.000000000000000000, 0.06690918560565653483, 0.1334854404229653957, 0.2010351165700815235, 0.2712343400187638420, 0.3428799841615842725, 0.4138361296100205311, 0.4859766219744202642, 0.5602295572555486824, 0.5998841807523909164, 0.6440548396425964661, 0.6918919315842544382, 0.7446875244737720667, 0.8014917751698764636, 0.8628576982200922840, 0.9293283793947431093, 1.000000000000000000 ),
 .UNSPECIFIED. ) ;
#410 = CARTESIAN_POINT ( 'NONE',  ( 1.645000000000000462, -0.02999999999999967276, 2.020000000000000018 ) ) ;
#411 = VERTEX_POINT ( 'NONE', #2263 ) ;
#412 = EDGE_CURVE ( 'NONE', #4790, #1181, #682, .T. ) ;
#413 = CARTESIAN_POINT ( 'NONE',  ( 0.001421150541716615289, 0.7600000000000000089, -0.2765625067216413990 ) ) ;
#414 = CARTESIAN_POINT ( 'NONE',  ( -0.2134261664136787862, 0.7399999999999999911, 0.1377269964403936009 ) ) ;
#415 = B_SPLINE_SURFACE_WITH_KNOTS ( 'NONE', 3, 1, ( 
 ( #1395, #2239 ),
 ( #3587, #4022 ),
 ( #3550, #3623 ),
 ( #5309, #2724 ),
 ( #1824, #4868 ),
 ( #4464, #935 ),
 ( #5274, #4826 ),
 ( #4447, #958 ),
 ( #129, #3963 ),
 ( #3571, #3191 ),
 ( #3170, #2702 ),
 ( #5293, #1431 ),
 ( #575, #1891 ),
 ( #1377, #117 ),
 ( #555, #4386 ),
 ( #1016, #3998 ),
 ( #83, #4885 ),
 ( #1874, #2285 ),
 ( #64, #102 ) ),
 .UNSPECIFIED., .F., .F., .F.,
 ( 4, 1, 1, 1, 1, 1, 1, 1, 1, 1, 1, 1, 1, 1, 1, 1, 4 ),
 ( 2, 2 ),
 ( 0.000000000000000000, 0.07117450374563444315, 0.1396441217506234345, 0.2063172239119630824, 0.2713732401918831361, 0.3354180839163127259, 0.3980763446528611804, 0.4606079146322840656, 0.5229695111172334432, 0.5847157240924587551, 0.6448949403163618532, 0.7042905608207902235, 0.7629981899193222228, 0.8210874309038770358, 0.8801038914767006505, 0.9393884881896686911, 1.000000000000000000 ),
 ( 0.000000000000000000, 1.000000000000000000 ),
 .UNSPECIFIED. ) ;
#416 = CARTESIAN_POINT ( 'NONE',  ( -0.3120726495726494631, 0.7399999999999999911, 0.1091404488641059822 ) ) ;
#417 = ORIENTED_EDGE ( 'NONE', *, *, #1500, .F. ) ;
#418 = ORIENTED_EDGE ( 'NONE', *, *, #1508, .T. ) ;
#419 = PRESENTATION_LAYER_ASSIGNMENT (  '', '', ( #897 ) ) ;
#420 = DIRECTION ( 'NONE',  ( 0.000000000000000000, 0.000000000000000000, -1.000000000000000000 ) ) ;
#421 = DIRECTION ( 'NONE',  ( -0.000000000000000000, -0.000000000000000000, -1.000000000000000000 ) ) ;
#422 = CARTESIAN_POINT ( 'NONE',  ( -0.4133905979777870443, 0.7599999999999998979, -0.2233392473724832572 ) ) ;
#423 = CARTESIAN_POINT ( 'NONE',  ( 0.05632362844453758788, 0.7399999999999997691, -0.2522078115704897150 ) ) ;
#424 = VERTEX_POINT ( 'NONE', #1844 ) ;
#425 = VERTEX_POINT ( 'NONE', #4040 ) ;
#426 = DIRECTION ( 'NONE',  ( 0.000000000000000000, 0.000000000000000000, 1.000000000000000000 ) ) ;
#427 = DIRECTION ( 'NONE',  ( 0.000000000000000000, 1.000000000000000000, -0.000000000000000000 ) ) ;
#428 = COLOUR_RGB ( '',0.2509803921568627416, 0.2509803921568627416, 0.2509803921568627416 ) ;
#429 = CARTESIAN_POINT ( 'NONE',  ( 1.055000000000000160, -0.4399999999999996136, 17.26000000000000156 ) ) ;
#430 = ORIENTED_EDGE ( 'NONE', *, *, #3236, .F. ) ;
#431 = CARTESIAN_POINT ( 'NONE',  ( -0.3123040165890507147, 0.7599999999999998979, 0.1042099250111353792 ) ) ;
#432 = EDGE_LOOP ( 'NONE', ( #3109, #5093, #5545, #34, #82, #1231, #3314, #3361, #3104, #2664, #70, #2809, #288, #5239, #3552, #3627 ) ) ;
#433 = EDGE_LOOP ( 'NONE', ( #3890, #789, #3757, #3911, #769, #224, #1783, #4613, #2947, #2475, #3640, #4205, #2793, #1583, #4604, #1194, #2030 ) ) ;
#434 = CARTESIAN_POINT ( 'NONE',  ( -0.2134261664136787862, 0.7600000000000000089, 0.1377269964403936009 ) ) ;
#435 = DIRECTION ( 'NONE',  ( 0.000000000000000000, -1.000000000000000000, 0.000000000000000000 ) ) ;
#436 = PRESENTATION_LAYER_ASSIGNMENT (  '', '', ( #2208 ) ) ;
#437 = CARTESIAN_POINT ( 'NONE',  ( 1.485000000000000320, -0.02999999999999967276, 17.26000000000000156 ) ) ;
#438 = CARTESIAN_POINT ( 'NONE',  ( 0.1303664500673958615, 0.7399999999999999911, 0.04331821064083638678 ) ) ;
#439 =( GEOMETRIC_REPRESENTATION_CONTEXT ( 3 ) GLOBAL_UNCERTAINTY_ASSIGNED_CONTEXT ( ( #625 ) ) GLOBAL_UNIT_ASSIGNED_CONTEXT ( ( #2192, #8, #1336 ) ) REPRESENTATION_CONTEXT ( 'NONE', 'WORKASPACE' ) );
#440 = CARTESIAN_POINT ( 'NONE',  ( -0.4345140606310443632, 0.7400000000000004352, -0.2264195259545620231 ) ) ;
#441 = ORIENTED_EDGE ( 'NONE', *, *, #1912, .T. ) ;
#442 = EDGE_CURVE ( 'NONE', #5188, #5417, #402, .T. ) ;
#443 = CARTESIAN_POINT ( 'NONE',  ( 0.05916057041061434374, 0.7599999999999998979, -0.03188140679386135268 ) ) ;
#444 = ORIENTED_EDGE ( 'NONE', *, *, #3245, .T. ) ;
#445 = DIRECTION ( 'NONE',  ( -0.000000000000000000, -0.000000000000000000, -1.000000000000000000 ) ) ;
#446 = DIRECTION ( 'NONE',  ( -0.000000000000000000, -1.000000000000000000, -0.000000000000000000 ) ) ;
#447 = VECTOR ( 'NONE', #1946, 1000.000000000000000 ) ;
#448 = EDGE_CURVE ( 'NONE', #2044, #1051, #4714, .T. ) ;
#449 = CARTESIAN_POINT ( 'NONE',  ( -0.4077141001911586127, 0.7400000000000002132, 0.005015514890581721646 ) ) ;
#450 = CIRCLE ( 'NONE', #4035, 0.05000000000000012768 ) ;
#451 = CARTESIAN_POINT ( 'NONE',  ( -0.4597710785176102322, 0.7599999999999998979, 0.2208842408357715725 ) ) ;
#452 = DIRECTION ( 'NONE',  ( 0.000000000000000000, 0.000000000000000000, 1.000000000000000000 ) ) ;
#453 = CARTESIAN_POINT ( 'NONE',  ( 1.645000000000000462, -1.346972987469858163, 2.020000000000000018 ) ) ;
#454 = CARTESIAN_POINT ( 'NONE',  ( -0.3919904867385374803, 0.7399999999999998801, 0.2129244342223081676 ) ) ;
#455 = VECTOR ( 'NONE', #69, 1000.000000000000000 ) ;
#456 = ORIENTED_EDGE ( 'NONE', *, *, #561, .F. ) ;
#457 = CARTESIAN_POINT ( 'NONE',  ( 0.2374465811965811302, 0.7600000000000000089, 0.05221687113974701755 ) ) ;
#458 = CARTESIAN_POINT ( 'NONE',  ( -0.01865135774722670101, 0.7599999999999998979, -0.2803293322369314611 ) ) ;
#459 = VECTOR ( 'NONE', #3670, 1000.000000000000000 ) ;
#460 = B_SPLINE_SURFACE_WITH_KNOTS ( 'NONE', 3, 1, ( 
 ( #1515, #1948 ),
 ( #5399, #231 ),
 ( #1099, #2826 ),
 ( #210, #668 ),
 ( #3294, #1219 ),
 ( #4224, #289 ),
 ( #774, #5522 ),
 ( #4203, #270 ),
 ( #3751, #2510 ),
 ( #4190, #793 ),
 ( #1165, #3791 ),
 ( #1576, #2922 ),
 ( #1598, #4173 ),
 ( #3807, #2904 ),
 ( #2075, #2885 ),
 ( #5469, #3346 ),
 ( #5504, #2956 ),
 ( #760, #5091 ),
 ( #2020, #741 ) ),
 .UNSPECIFIED., .F., .F., .F.,
 ( 4, 1, 1, 1, 1, 1, 1, 1, 1, 1, 1, 1, 1, 1, 1, 1, 4 ),
 ( 2, 2 ),
 ( 0.000000000000000000, 0.07262534608343561293, 0.1419766113262345697, 0.2089849284189387590, 0.2739568703644448822, 0.3368893473968407326, 0.3987449534945903817, 0.4601158852788616582, 0.5208249225900292156, 0.5809944586324857774, 0.6401519276014649984, 0.6986224507562548425, 0.7572710809271645527, 0.8164266940046602805, 0.8762540482034705258, 0.9371652930625374855, 1.000000000000000000 ),
 ( 0.000000000000000000, 1.000000000000000000 ),
 .UNSPECIFIED. ) ;
#461 = DIRECTION ( 'NONE',  ( -0.000000000000000000, -1.000000000000000000, -0.000000000000000000 ) ) ;
#462 = CARTESIAN_POINT ( 'NONE',  ( 0.1108790731837607096, 0.7599999999999998979, 0.01055771649231113454 ) ) ;
#463 = CARTESIAN_POINT ( 'NONE',  ( -2.045000000000000373, -0.7600000000000001199, -1.510000000000000009 ) ) ;
#464 = CIRCLE ( 'NONE', #3448, 0.05000000000000012768 ) ;
#465 = VECTOR ( 'NONE', #2063, 1000.000000000000000 ) ;
#466 = ORIENTED_EDGE ( 'NONE', *, *, #561, .T. ) ;
#467 = DIRECTION ( 'NONE',  ( 0.000000000000000000, -1.000000000000000000, 0.000000000000000000 ) ) ;
#468 = VECTOR ( 'NONE', #4256, 1000.000000000000000 ) ;
#469 = CARTESIAN_POINT ( 'NONE',  ( -0.5171262746831958301, 0.7600000000000000089, -0.2030951411376782367 ) ) ;
#470 = EDGE_CURVE ( 'NONE', #3701, #1310, #2920, .T. ) ;
#471 = CARTESIAN_POINT ( 'NONE',  ( -0.3263515420300836523, 0.7399999999999997691, 0.1610504477046010297 ) ) ;
#472 = CARTESIAN_POINT ( 'NONE',  ( 0.1184761282776656682, 0.7399999999999997691, 0.02095896632405153462 ) ) ;
#473 =( NAMED_UNIT ( * ) SI_UNIT ( $, .STERADIAN. ) SOLID_ANGLE_UNIT ( ) );
#474 =( NAMED_UNIT ( * ) SI_UNIT ( $, .STERADIAN. ) SOLID_ANGLE_UNIT ( ) );
#475 = DIRECTION ( 'NONE',  ( 0.000000000000000000, 0.000000000000000000, 1.000000000000000000 ) ) ;
#476 = VERTEX_POINT ( 'NONE', #2364 ) ;
#477 = EDGE_LOOP ( 'NONE', ( #1311, #3258, #4946, #2327 ) ) ;
#478 = CARTESIAN_POINT ( 'NONE',  ( 0.9450000000000006173, -0.02999999999999964501, 2.479999999999999982 ) ) ;
#479 = EDGE_CURVE ( 'NONE', #3652, #2856, #5406, .T. ) ;
#480 = B_SPLINE_SURFACE_WITH_KNOTS ( 'NONE', 3, 1, ( 
 ( #3698, #4544 ),
 ( #3714, #3295 ),
 ( #5438, #1126 ),
 ( #701, #2845 ),
 ( #5008, #5419 ),
 ( #233, #2411 ),
 ( #4138, #2861 ),
 ( #1559, #4562 ),
 ( #1986, #3531 ),
 ( #2181, #45 ),
 ( #457, #1292 ) ),
 .UNSPECIFIED., .F., .F., .F.,
 ( 4, 1, 1, 1, 1, 1, 1, 1, 4 ),
 ( 2, 2 ),
 ( 0.000000000000000000, 0.07812986515842768043, 0.1694654174977333061, 0.2743352908540844792, 0.3921101633539203490, 0.5236873298575190905, 0.6683654211389633559, 0.8271319021257838022, 1.000000000000000000 ),
 ( 0.000000000000000000, 1.000000000000000000 ),
 .UNSPECIFIED. ) ;
#481 = CARTESIAN_POINT ( 'NONE',  ( -0.3853937413054153160, 0.7399999999999999911, -0.2129352482600751495 ) ) ;
#482 = CARTESIAN_POINT ( 'NONE',  ( 1.794999999999999485, -0.5100000000000002309, -1.510000000000000009 ) ) ;
#483 = VERTEX_POINT ( 'NONE', #4107 ) ;
#484 = ORIENTED_EDGE ( 'NONE', *, *, #2367, .T. ) ;
#485 = CARTESIAN_POINT ( 'NONE',  ( -0.3027104542833646272, 0.7599999999999997868, -0.1948231470048591152 ) ) ;
#486 = PRODUCT ( '620-1001-ND TRANSDUCER', '620-1001-ND TRANSDUCER', '', ( #1028 ) ) ;
#487 = FACE_OUTER_BOUND ( 'NONE', #2468, .T. ) ;
#488 = CARTESIAN_POINT ( 'NONE',  ( -0.3249999999999994560, -0.4399999999999996136, 2.530000000000000249 ) ) ;
#489 = CARTESIAN_POINT ( 'NONE',  ( 0.06777922535123966086, 0.7400000000000005462, -0.1464399793392226479 ) ) ;
#490 = ORIENTED_EDGE ( 'NONE', *, *, #1772, .T. ) ;
#491 = EDGE_CURVE ( 'NONE', #2413, #4766, #1657, .T. ) ;
#492 = ORIENTED_EDGE ( 'NONE', *, *, #4731, .F. ) ;
#493 = CARTESIAN_POINT ( 'NONE',  ( -0.1184618935337533180, 0.7399999999999998801, 0.2601311650978794798 ) ) ;
#494 = B_SPLINE_SURFACE_WITH_KNOTS ( 'NONE', 3, 1, ( 
 ( #1954, #5404 ),
 ( #2832, #217 ),
 ( #5014, #314 ),
 ( #2007, #4211 ),
 ( #3758, #3318 ),
 ( #1170, #4622 ),
 ( #2399, #2052 ) ),
 .UNSPECIFIED., .F., .F., .F.,
 ( 4, 1, 1, 1, 4 ),
 ( 2, 2 ),
 ( 0.000000000000000000, 0.2538796003266559631, 0.5030089172783633877, 0.7502910806899732998, 1.000000000000000000 ),
 ( 0.000000000000000000, 1.000000000000000000 ),
 .UNSPECIFIED. ) ;
#495 = CARTESIAN_POINT ( 'NONE',  ( 0.000000000000000000, 0.7399999999999998801, 0.000000000000000000 ) ) ;
#496 = VECTOR ( 'NONE', #5094, 1000.000000000000000 ) ;
#497 = CARTESIAN_POINT ( 'NONE',  ( -1.644999999999999574, -0.4399999999999996136, 2.479999999999999982 ) ) ;
#498 = EDGE_LOOP ( 'NONE', ( #4857, #136, #5478, #2527 ) ) ;
#499 = CARTESIAN_POINT ( 'NONE',  ( -0.5890302165040395277, 0.7399999999999997691, -0.1899645382592749510 ) ) ;
#500 = CARTESIAN_POINT ( 'NONE',  ( -0.3749999999999994449, -1.346972987469857941, 2.020000000000000018 ) ) ;
#501 = CARTESIAN_POINT ( 'NONE',  ( 0.000000000000000000, 0.7599999999999998979, 0.000000000000000000 ) ) ;
#502 = EDGE_CURVE ( 'NONE', #17, #302, #5289, .T. ) ;
#503 = B_SPLINE_SURFACE_WITH_KNOTS ( 'NONE', 3, 1, ( 
 ( #188, #5326 ),
 ( #131, #4964 ),
 ( #2365, #2817 ),
 ( #5394, #1892 ),
 ( #556, #1005 ),
 ( #1433, #1877 ),
 ( #2744, #149 ),
 ( #3193, #578 ),
 ( #3624, #1453 ),
 ( #4467, #2320 ),
 ( #2762, #3208 ),
 ( #1564, #4567 ),
 ( #3739, #4531 ),
 ( #1585, #708 ),
 ( #3333, #2833 ),
 ( #2009, #5474 ),
 ( #1604, #688 ),
 ( #5446, #219 ),
 ( #1154, #2911 ) ),
 .UNSPECIFIED., .F., .F., .F.,
 ( 4, 1, 1, 1, 1, 1, 1, 1, 1, 1, 1, 1, 1, 1, 1, 1, 4 ),
 ( 2, 2 ),
 ( 0.000000000000000000, 0.06554117033740350373, 0.1289631677825935907, 0.1903771361885612523, 0.2500923616690528539, 0.3085484324592011607, 0.3663979630552963718, 0.4245421892666801922, 0.4831699964229059230, 0.5422433998311203540, 0.6017393520173303090, 0.6625060022496069845, 0.7248555134488472440, 0.7891278292811814143, 0.8563463998785103559, 0.9262952349869055801, 1.000000000000000000 ),
 ( 0.000000000000000000, 1.000000000000000000 ),
 .UNSPECIFIED. ) ;
#504 = CARTESIAN_POINT ( 'NONE',  ( -1.594999999999999529, -0.02999999999999967276, 2.020000000000000018 ) ) ;
#505 = CARTESIAN_POINT ( 'NONE',  ( -0.3393967058323593133, 0.7399999999999997691, -0.1519376743405413954 ) ) ;
#506 = DIRECTION ( 'NONE',  ( 0.000000000000000000, 0.000000000000000000, 1.000000000000000000 ) ) ;
#507 = CARTESIAN_POINT ( 'NONE',  ( 1.055000000000000160, -0.4399999999999996136, 17.26000000000000156 ) ) ;
#508 = CARTESIAN_POINT ( 'NONE',  ( -0.2963473954358364915, 0.7599999999999997868, -0.1780712184837815737 ) ) ;
#509 =( GEOMETRIC_REPRESENTATION_CONTEXT ( 3 ) GLOBAL_UNCERTAINTY_ASSIGNED_CONTEXT ( ( #5312 ) ) GLOBAL_UNIT_ASSIGNED_CONTEXT ( ( #687, #3776, #2440 ) ) REPRESENTATION_CONTEXT ( 'NONE', 'WORKASPACE' ) );
#510 = EDGE_LOOP ( 'NONE', ( #1998, #2338, #5477, #1116 ) ) ;
#511 = CARTESIAN_POINT ( 'NONE',  ( -0.3120726495726494631, 0.7599999999999998979, 0.1091404488641059822 ) ) ;
#512 = EDGE_LOOP ( 'NONE', ( #4871, #3237, #1043, #3154 ) ) ;
#513 = EDGE_CURVE ( 'NONE', #2164, #295, #2163, .T. ) ;
#514 = CARTESIAN_POINT ( 'NONE',  ( -0.3394001243868244311, 0.7399999999999997691, -0.1399152004083543122 ) ) ;
#515 = VERTEX_POINT ( 'NONE', #1520 ) ;
#516 = LINE ( 'NONE', #4397, #726 ) ;
#517 = CARTESIAN_POINT ( 'NONE',  ( 0.01506079531274455777, 0.7599999999999995648, 0.2129244342223080289 ) ) ;
#518 = ADVANCED_FACE ( 'NONE', ( #5346 ), #494, .T. ) ;
#519 = DIRECTION ( 'NONE',  ( 0.000000000000000000, 0.000000000000000000, -1.000000000000000000 ) ) ;
#520 = CARTESIAN_POINT ( 'NONE',  ( 0.2468808426816238577, 0.7599999999999998979, 0.1637319619517128011 ) ) ;
#521 = LINE ( 'NONE', #1814, #4235 ) ;
#522 = VERTEX_POINT ( 'NONE', #2349 ) ;
#523 = DIRECTION ( 'NONE',  ( 0.000000000000000000, 1.000000000000000000, -0.000000000000000000 ) ) ;
#524 = DIRECTION ( 'NONE',  ( -0.000000000000000000, -1.000000000000000000, -0.000000000000000000 ) ) ;
#525 = CARTESIAN_POINT ( 'NONE',  ( -0.3465784119100817628, 0.7399999999999999911, -0.1752639192909259125 ) ) ;
#526 = AXIS2_PLACEMENT_3D ( 'NONE', #4021, #4428, #5337 ) ;
#527 = CARTESIAN_POINT ( 'NONE',  ( 0.000000000000000000, 0.000000000000000000, 0.000000000000000000 ) ) ;
#528 = VECTOR ( 'NONE', #4497, 1000.000000000000000 ) ;
#529 = ORIENTED_EDGE ( 'NONE', *, *, #3872, .F. ) ;
#530 = EDGE_CURVE ( 'NONE', #2395, #2697, #4188, .T. ) ;
#531 = CARTESIAN_POINT ( 'NONE',  ( -0.4450490768802932706, 0.7599999999999998979, -0.0006806521312489286239 ) ) ;
#532 = CARTESIAN_POINT ( 'NONE',  ( -0.4748931623931622603, 0.7399999999999997691, -0.002798653699996567993 ) ) ;
#533 = CARTESIAN_POINT ( 'NONE',  ( -0.3426219924007504747, 0.7399999999999998801, -0.1214671306867397826 ) ) ;
#534 = CARTESIAN_POINT ( 'NONE',  ( -0.2936259582975266347, 0.7600000000000000089, 0.01404382893790528247 ) ) ;
#535 = CARTESIAN_POINT ( 'NONE',  ( -0.04847173265217034205, 0.7399999999999995470, -0.05740086174778760014 ) ) ;
#536 = CARTESIAN_POINT ( 'NONE',  ( 2.044999999999999485, -0.5100000000000002309, 1.450000000000000622 ) ) ;
#537 = EDGE_CURVE ( 'NONE', #3081, #476, #2234, .T. ) ;
#538 = DIRECTION ( 'NONE',  ( -0.000000000000000000, 1.000000000000000000, 0.000000000000000000 ) ) ;
#539 = VECTOR ( 'NONE', #570, 1000.000000000000000 ) ;
#540 = EDGE_LOOP ( 'NONE', ( #5120, #4269, #4824, #5363 ) ) ;
#541 = CARTESIAN_POINT ( 'NONE',  ( -0.1349760116385408659, 0.7399999999999997691, 0.1864813067641982458 ) ) ;
#542 = CARTESIAN_POINT ( 'NONE',  ( -0.3535197983440170333, 0.7600000000000000089, -0.03459953511025300188 ) ) ;
#543 = CARTESIAN_POINT ( 'NONE',  ( 0.2849288301923996181, 0.7399999999999998801, 0.05416024519785491570 ) ) ;
#544 = CARTESIAN_POINT ( 'NONE',  ( 0.2150000000000001354, -0.4399999999999996136, 17.26000000000000156 ) ) ;
#545 = ADVANCED_FACE ( 'NONE', ( #5158 ), #3300, .F. ) ;
#546 = LINE ( 'NONE', #2382, #2036 ) ;
#547 = DIRECTION ( 'NONE',  ( -0.000000000000000000, -1.000000000000000000, -0.000000000000000000 ) ) ;
#548 = AXIS2_PLACEMENT_3D ( 'NONE', #2790, #4136, #1967 ) ;
#549 = CARTESIAN_POINT ( 'NONE',  ( 0.5765425822224061747, 0.7399999999999999911, 0.06921819208621590724 ) ) ;
#550 = EDGE_CURVE ( 'NONE', #4290, #654, #2985, .T. ) ;
#551 = CARTESIAN_POINT ( 'NONE',  ( -0.2722775964428175710, 0.7599999999999997868, 0.05498397798048406532 ) ) ;
#552 = VERTEX_POINT ( 'NONE', #4605 ) ;
#553 = ORIENTED_EDGE ( 'NONE', *, *, #5448, .F. ) ;
#554 = CARTESIAN_POINT ( 'NONE',  ( -1.485000000000000098, -0.02999999999999967276, 2.530000000000000249 ) ) ;
#555 = CARTESIAN_POINT ( 'NONE',  ( 0.2620529182245664446, 0.7600000000000000089, 0.1988604510581646612 ) ) ;
#556 = CARTESIAN_POINT ( 'NONE',  ( -0.4964264511210132458, 0.7600000000000004530, 0.2699729163189711900 ) ) ;
#557 = CARTESIAN_POINT ( 'NONE',  ( -0.1590553467128797971, 0.7399999999999998801, -0.2263355392281071188 ) ) ;
#558 = EDGE_LOOP ( 'NONE', ( #572, #3894, #5554, #5579 ) ) ;
#559 = ORIENTED_EDGE ( 'NONE', *, *, #4713, .T. ) ;
#560 = CARTESIAN_POINT ( 'NONE',  ( -0.2883881750088612139, 0.7399999999999996581, 0.1903940432972665575 ) ) ;
#561 = EDGE_CURVE ( 'NONE', #4262, #552, #2888, .T. ) ;
#562 = CARTESIAN_POINT ( 'NONE',  ( -0.01204237326771667380, 0.7400000000000001021, 0.002791159552915368526 ) ) ;
#563 = CARTESIAN_POINT ( 'NONE',  ( 0.2852558820349037627, 0.7600000000000000089, 0.08557234514723910390 ) ) ;
#564 = LINE ( 'NONE', #507, #4018 ) ;
#565 = DIRECTION ( 'NONE',  ( 0.000000000000000000, 0.000000000000000000, -1.000000000000000000 ) ) ;
#566 = CARTESIAN_POINT ( 'NONE',  ( 0.06765115766445753409, 0.7599999999999997868, -0.1399152004083543122 ) ) ;
#567 = EDGE_LOOP ( 'NONE', ( #2228, #2671, #721, #182 ) ) ;
#568 = CARTESIAN_POINT ( 'NONE',  ( 1.485000000000000320, -0.02999999999999967276, 2.530000000000001137 ) ) ;
#569 = VECTOR ( 'NONE', #752, 1000.000000000000000 ) ;
#570 = DIRECTION ( 'NONE',  ( 0.000000000000000000, 0.000000000000000000, -1.000000000000000000 ) ) ;
#571 = CARTESIAN_POINT ( 'NONE',  ( 0.1107038866154453904, 0.7599999999999997868, -0.1780712184837815737 ) ) ;
#572 = ORIENTED_EDGE ( 'NONE', *, *, #2331, .F. ) ;
#573 = CARTESIAN_POINT ( 'NONE',  ( -0.1779106300883982195, 0.7600000000000001199, 0.2136092300077266359 ) ) ;
#574 = CARTESIAN_POINT ( 'NONE',  ( 0.09474062479654214719, 0.7600000000000001199, 0.1201308291806494205 ) ) ;
#575 = CARTESIAN_POINT ( 'NONE',  ( 0.2768680096268353874, 0.7599999999999997868, 0.2192336811082546688 ) ) ;
#576 = ORIENTED_EDGE ( 'NONE', *, *, #2846, .T. ) ;
#577 = CARTESIAN_POINT ( 'NONE',  ( -0.1469327698838167884, 0.7599999999999997868, 0.1715652971832807849 ) ) ;
#578 = CARTESIAN_POINT ( 'NONE',  ( -0.5389485819630940311, 0.7400000000000003242, 0.2532794095637033172 ) ) ;
#579 = CARTESIAN_POINT ( 'NONE',  ( -0.3000825103245934877, 0.7399999999999997691, -0.09587183971325452525 ) ) ;
#580 = CARTESIAN_POINT ( 'NONE',  ( -0.3543248953231464826, 0.7399999999999998801, 0.2535713306169012360 ) ) ;
#581 = B_SPLINE_SURFACE_WITH_KNOTS ( 'NONE', 3, 1, ( 
 ( #1922, #4975 ),
 ( #3239, #628 ),
 ( #651, #1084 ),
 ( #1537, #4543 ),
 ( #3792, #5133 ),
 ( #4808, #695 ),
 ( #3077, #4489 ),
 ( #1918, #2803 ),
 ( #4099, #2374 ),
 ( #5369, #2786 ),
 ( #4131, #1553 ),
 ( #3233, #5004 ),
 ( #249, #1097 ),
 ( #4505, #3711 ),
 ( #1511, #3730 ) ),
 .UNSPECIFIED., .F., .F., .F.,
 ( 4, 1, 1, 1, 1, 1, 1, 1, 1, 1, 1, 1, 4 ),
 ( 2, 2 ),
 ( 0.000000000000000000, 0.1227119423657788422, 0.2396849640167734719, 0.3518158552560948782, 0.4637661328620819590, 0.5208177931608305444, 0.5794482914480040270, 0.6406041451203190462, 0.7052975118059832127, 0.7736338807131352135, 0.8446693818863784120, 0.9200565080211456914, 1.000000000000000000 ),
 ( 0.000000000000000000, 1.000000000000000000 ),
 .UNSPECIFIED. ) ;
#582 = CARTESIAN_POINT ( 'NONE',  ( -0.4237058037190450932, 0.7399999999999998801, -0.2252345472034715246 ) ) ;
#583 = ORIENTED_EDGE ( 'NONE', *, *, #4891, .F. ) ;
#584 = CARTESIAN_POINT ( 'NONE',  ( -0.4956911163810583387, 0.7599999999999995648, 0.2140222567754897776 ) ) ;
#585 = EDGE_LOOP ( 'NONE', ( #1123, #4967, #4511, #2794 ) ) ;
#586 = CARTESIAN_POINT ( 'NONE',  ( -0.5517135777691093423, 0.7399999999999997691, 0.2452192181820575245 ) ) ;
#587 = EDGE_CURVE ( 'NONE', #4478, #2658, #680, .T. ) ;
#588 = CARTESIAN_POINT ( 'NONE',  ( 0.5291666666666664520, 0.7399999999999998801, 0.04967280062692649989 ) ) ;
#589 = CARTESIAN_POINT ( 'NONE',  ( -0.5746825640439903182, 0.7599999999999998979, -0.2151974692192349103 ) ) ;
#590 = CYLINDRICAL_SURFACE ( 'NONE', #718, 0.05000000000000012768 ) ;
#591 = VERTEX_POINT ( 'NONE', #1226 ) ;
#592 = CARTESIAN_POINT ( 'NONE',  ( -0.5746825640439903182, 0.7399999999999998801, -0.2151974692192349103 ) ) ;
#593 = CARTESIAN_POINT ( 'NONE',  ( 0.09931604714031443126, 0.7599999999999998979, -0.003740011632993730031 ) ) ;
#594 = CARTESIAN_POINT ( 'NONE',  ( 0.3683427317490444164, 0.7599999999999997868, 0.2711551589442824373 ) ) ;
#595 = LINE ( 'NONE', #1748, #5070 ) ;
#596 = PLANE ( 'NONE',  #1779 ) ;
#597 = CARTESIAN_POINT ( 'NONE',  ( 0.2849288301923996181, 0.7600000000000000089, 0.05416024519785491570 ) ) ;
#598 = CARTESIAN_POINT ( 'NONE',  ( -0.3627631488182972985, 0.7599999999999998979, -0.09164264504010297130 ) ) ;
#599 = PLANE ( 'NONE',  #3464 ) ;
#600 = AXIS2_PLACEMENT_3D ( 'NONE', #429, #2111, #5572 ) ;
#601 = EDGE_CURVE ( 'NONE', #2261, #1567, #4453, .T. ) ;
#602 = LINE ( 'NONE', #1442, #5074 ) ;
#603 = DIRECTION ( 'NONE',  ( -0.000000000000000000, -1.000000000000000000, -0.000000000000000000 ) ) ;
#604 = VECTOR ( 'NONE', #2640, 1000.000000000000000 ) ;
#605 = PLANE ( 'NONE',  #3756 ) ;
#606 = ORIENTED_EDGE ( 'NONE', *, *, #2568, .T. ) ;
#607 = CARTESIAN_POINT ( 'NONE',  ( 0.1108790731837607096, 0.7599999999999998979, 0.01055771649231113454 ) ) ;
#608 = CARTESIAN_POINT ( 'NONE',  ( -2.045000000000000373, -0.6564466094067266111, 1.303553390593273020 ) ) ;
#609 = DIRECTION ( 'NONE',  ( 0.000000000000000000, 1.000000000000000000, 0.000000000000000000 ) ) ;
#610 = LINE ( 'NONE', #5527, #4468 ) ;
#611 = CARTESIAN_POINT ( 'NONE',  ( 0.3416902132748656507, 0.7600000000000001199, 0.2635436738404903778 ) ) ;
#612 = AXIS2_PLACEMENT_3D ( 'NONE', #2296, #4558, #1574 ) ;
#613 = PLANE ( 'NONE',  #756 ) ;
#614 = B_SPLINE_SURFACE_WITH_KNOTS ( 'NONE', 3, 1, ( 
 ( #462, #3100 ),
 ( #904, #1766 ),
 ( #4785, #2646 ),
 ( #2203, #4356 ),
 ( #50, #2185 ),
 ( #5246, #1362 ),
 ( #2223, #2667 ),
 ( #940, #4396 ),
 ( #1831, #4834 ),
 ( #2245, #2692 ),
 ( #2270, #3174 ) ),
 .UNSPECIFIED., .F., .F., .F.,
 ( 4, 1, 1, 1, 1, 1, 1, 1, 4 ),
 ( 2, 2 ),
 ( 0.000000000000000000, 0.1281355097972547985, 0.2541727119019795422, 0.3781116451390017508, 0.5017122630072844425, 0.6239863093684847595, 0.7470956136177411278, 0.8728746366500621523, 1.000000000000000000 ),
 ( 0.000000000000000000, 1.000000000000000000 ),
 .UNSPECIFIED. ) ;
#615 = CARTESIAN_POINT ( 'NONE',  ( -1.485000000000000098, -0.4399999999999996136, 17.26000000000000156 ) ) ;
#616 = CARTESIAN_POINT ( 'NONE',  ( 0.2849358974358974228, 0.7399999999999998801, 0.04967280062692650683 ) ) ;
#617 = DIRECTION ( 'NONE',  ( -0.000000000000000000, -0.000000000000000000, -1.000000000000000000 ) ) ;
#618 = ORIENTED_EDGE ( 'NONE', *, *, #1470, .T. ) ;
#619 = EDGE_CURVE ( 'NONE', #4395, #2447, #3437, .T. ) ;
#620 = VERTEX_POINT ( 'NONE', #2502 ) ;
#621 = CARTESIAN_POINT ( 'NONE',  ( 0.06442928965053162926, 0.7599999999999998979, -0.1214671306867397826 ) ) ;
#622 = DIRECTION ( 'NONE',  ( -0.000000000000000000, -1.000000000000000000, -0.000000000000000000 ) ) ;
#623 = CARTESIAN_POINT ( 'NONE',  ( -0.2149999999999999134, -0.4399999999999996136, 17.26000000000000156 ) ) ;
#624 = CARTESIAN_POINT ( 'NONE',  ( 9.184850993605149670E-17, 0.7399999999999998801, -0.7500000000000001110 ) ) ;
#625 = UNCERTAINTY_MEASURE_WITH_UNIT (LENGTH_MEASURE( 1.000000000000000082E-05 ), #2192, 'distance_accuracy_value', 'NONE');
#626 = ORIENTED_EDGE ( 'NONE', *, *, #2883, .F. ) ;
#627 = VERTEX_POINT ( 'NONE', #855 ) ;
#628 = CARTESIAN_POINT ( 'NONE',  ( -0.04461026210680180126, 0.7400000000000003242, -0.2264664981443985647 ) ) ;
#629 = CARTESIAN_POINT ( 'NONE',  ( -0.4462723691239315338, 0.7599999999999998979, -0.2809503631017059022 ) ) ;
#630 =( NAMED_UNIT ( * ) SI_UNIT ( $, .STERADIAN. ) SOLID_ANGLE_UNIT ( ) );
#631 = LINE ( 'NONE', #3078, #2449 ) ;
#632 = CARTESIAN_POINT ( 'NONE',  ( -0.4597710785176102322, 0.7399999999999998801, 0.2208842408357715725 ) ) ;
#633 = CARTESIAN_POINT ( 'NONE',  ( 0.2468808426816238577, 0.7399999999999997691, 0.1637319619517128011 ) ) ;
#634 = VERTEX_POINT ( 'NONE', #1661 ) ;
#635 = ORIENTED_EDGE ( 'NONE', *, *, #1726, .F. ) ;
#636 = CARTESIAN_POINT ( 'NONE',  ( -0.4748931623931622603, 0.7599999999999998979, -0.002798653699996567993 ) ) ;
#638 = CARTESIAN_POINT ( 'NONE',  ( 0.4071549783587530280, 0.7599999999999998979, 0.2752344066677295253 ) ) ;
#637 = LINE ( 'NONE', #5106, #3892 ) ;
#639 = B_SPLINE_SURFACE_WITH_KNOTS ( 'NONE', 3, 1, ( 
 ( #1806, #3856 ),
 ( #5101, #781 ),
 ( #1682, #1627 ),
 ( #2987, #5528 ),
 ( #3836, #2930 ),
 ( #1232, #4232 ),
 ( #4656, #1250 ),
 ( #4251, #5143 ),
 ( #2539, #5541 ),
 ( #371, #4699 ),
 ( #2123, #5475 ),
 ( #300, #1284 ),
 ( #5269, #3619 ),
 ( #4898, #3127 ),
 ( #2022, #797 ) ),
 .UNSPECIFIED., .F., .F., .F.,
 ( 4, 1, 1, 1, 1, 1, 1, 1, 1, 1, 1, 1, 4 ),
 ( 2, 2 ),
 ( 0.000000000000000000, 0.1227119423657785230, 0.2396849640167733886, 0.3518158552560948227, 0.4637661328620819590, 0.5208177931608306555, 0.5794482914480042490, 0.6406041451203190462, 0.7052975118059832127, 0.7736338807131353246, 0.8446693818863784120, 0.9200565080211456914, 1.000000000000000000 ),
 ( 0.000000000000000000, 1.000000000000000000 ),
 .UNSPECIFIED. ) ;
#640 = ORIENTED_EDGE ( 'NONE', *, *, #1726, .T. ) ;
#641 = EDGE_CURVE ( 'NONE', #1051, #627, #5179, .T. ) ;
#642 = VERTEX_POINT ( 'NONE', #5510 ) ;
#643 = CARTESIAN_POINT ( 'NONE',  ( -0.03975110176282044966, 0.7399999999999998801, 0.2210795514282085372 ) ) ;
#644 = CARTESIAN_POINT ( 'NONE',  ( -0.3869667406851947655, 0.7599999999999997868, -0.07572728341768476812 ) ) ;
#645 = CARTESIAN_POINT ( 'NONE',  ( 0.04428813323298463195, 0.7600000000000000089, -0.09164264504010297130 ) ) ;
#646 = VECTOR ( 'NONE', #2953, 1000.000000000000000 ) ;
#647 = AXIS2_PLACEMENT_3D ( 'NONE', #2666, #4412, #3537 ) ;
#648 = ORIENTED_EDGE ( 'NONE', *, *, #5100, .F. ) ;
#649 = CARTESIAN_POINT ( 'NONE',  ( -0.3507276536067442940, 0.7599999999999997868, -0.2522078115704897150 ) ) ;
#650 = CARTESIAN_POINT ( 'NONE',  ( -0.5539840519350988091, 0.7399999999999999911, 0.1715652971832807849 ) ) ;
#651 = CARTESIAN_POINT ( 'NONE',  ( -0.05637886472712834440, 0.7600000000000000089, -0.2260556148028440571 ) ) ;
#652 = EDGE_CURVE ( 'NONE', #812, #4472, #3871, .T. ) ;
#653 = VERTEX_POINT ( 'NONE', #2535 ) ;
#654 = VERTEX_POINT ( 'NONE', #2173 ) ;
#655 = CARTESIAN_POINT ( 'NONE',  ( 0.1424679487179487669, 0.7599999999999998979, 0.1045823225286358904 ) ) ;
#656 = CARTESIAN_POINT ( 'NONE',  ( -0.5358272081027574130, 0.7399999999999999911, -0.2541703004106560249 ) ) ;
#657 = CARTESIAN_POINT ( 'NONE',  ( -0.5539840519350988091, 0.7399999999999999911, 0.1715652971832807849 ) ) ;
#658 = ORIENTED_EDGE ( 'NONE', *, *, #3256, .T. ) ;
#659 = CARTESIAN_POINT ( 'NONE',  ( 0.2482265454605069310, 0.7599999999999997868, 0.1678557057500466576 ) ) ;
#660 = LINE ( 'NONE', #1385, #5509 ) ;
#661 = CARTESIAN_POINT ( 'NONE',  ( 0.05806506187396250074, 0.7600000000000000089, 0.1877794718165550769 ) ) ;
#662 = CARTESIAN_POINT ( 'NONE',  ( -0.3540151058666406447, 0.7599999999999997868, -0.1009911466906706634 ) ) ;
#663 = CARTESIAN_POINT ( 'NONE',  ( -0.6241452991452990373, 0.7399999999999997691, 0.1193167309153880390 ) ) ;
#664 = CARTESIAN_POINT ( 'NONE',  ( 0.5766559829059828557, 0.7399999999999998801, -0.2673819870333298820 ) ) ;
#665 = FACE_OUTER_BOUND ( 'NONE', #2892, .T. ) ;
#666 = EDGE_LOOP ( 'NONE', ( #1058, #54, #2538, #3454, #2316, #2942 ) ) ;
#667 = EDGE_CURVE ( 'NONE', #2492, #5307, #2423, .T. ) ;
#668 = CARTESIAN_POINT ( 'NONE',  ( -0.1876938218452752216, 0.7399999999999999911, -0.1758851487156786186 ) ) ;
#669 = CARTESIAN_POINT ( 'NONE',  ( -0.5244222120213978267, 0.7600000000000000089, -0.2612573626517047387 ) ) ;
#670 = VECTOR ( 'NONE', #693, 1000.000000000000000 ) ;
#671 = ORIENTED_EDGE ( 'NONE', *, *, #2890, .F. ) ;
#672 = CARTESIAN_POINT ( 'NONE',  ( -0.1042734177932999884, 0.7399999999999998801, 0.2656332499124309243 ) ) ;
#673 = CARTESIAN_POINT ( 'NONE',  ( 0.3173104276337066487, 0.7399999999999999911, 0.2520569191819430621 ) ) ;
#674 = CYLINDRICAL_SURFACE ( 'NONE', #4653, 0.05000000000000012768 ) ;
#675 = CARTESIAN_POINT ( 'NONE',  ( -0.3127655993718048699, 0.7600000000000000089, 0.09437341090515467823 ) ) ;
#676 = CARTESIAN_POINT ( 'NONE',  ( 0.5078169735368193161, 0.7600000000000001199, 0.1690267032649678258 ) ) ;
#677 = CARTESIAN_POINT ( 'NONE',  ( 0.3250000000000002887, -0.02999999999999964501, 2.070000000000000284 ) ) ;
#678 = B_SPLINE_SURFACE_WITH_KNOTS ( 'NONE', 3, 1, ( 
 ( #3064, #253 ),
 ( #4595, #4706 ),
 ( #933, #535 ),
 ( #4405, #982 ),
 ( #4461, #3187 ),
 ( #4442, #5322 ),
 ( #2282, #3961 ),
 ( #685, #5525 ),
 ( #4861, #2277 ),
 ( #162, #4561 ),
 ( #5418, #1482 ),
 ( #2410, #3697 ),
 ( #5388, #2344 ),
 ( #1053, #4957 ),
 ( #3274, #4493 ) ),
 .UNSPECIFIED., .F., .F., .F.,
 ( 4, 1, 1, 1, 1, 1, 1, 1, 1, 1, 1, 1, 4 ),
 ( 2, 2 ),
 ( 0.000000000000000000, 0.1101655532114437924, 0.2157872561749717699, 0.3180274349094167619, 0.4175739541655082987, 0.5116504876474462504, 0.5961620971027621341, 0.6729345334849963223, 0.7436695573498567358, 0.8106770010653612246, 0.8740589623137362540, 0.9366963019193726980, 1.000000000000000000 ),
 ( 0.000000000000000000, 1.000000000000000000 ),
 .UNSPECIFIED. ) ;
#679 = DIRECTION ( 'NONE',  ( -1.000000000000000000, -0.000000000000000000, -0.000000000000000000 ) ) ;
#680 = LINE ( 'NONE', #5140, #3991 ) ;
#681 = CARTESIAN_POINT ( 'NONE',  ( -0.01182805724064454889, 0.7399999999999998801, -0.06367354875165437411 ) ) ;
#682 = LINE ( 'NONE', #2660, #877 ) ;
#683 = CARTESIAN_POINT ( 'NONE',  ( -0.4056301315095653948, 0.7600000000000000089, -0.2765625067216413990 ) ) ;
#684 = AXIS2_PLACEMENT_3D ( 'NONE', #437, #3980, #1821 ) ;
#685 = CARTESIAN_POINT ( 'NONE',  ( 0.03328643358561524102, 0.7599999999999996758, -0.08326446271351721495 ) ) ;
#686 = CARTESIAN_POINT ( 'NONE',  ( -0.2883881750088612139, 0.7599999999999996758, 0.1903940432972665575 ) ) ;
#687 =( LENGTH_UNIT ( ) NAMED_UNIT ( * ) SI_UNIT ( .MILLI., .METRE. ) );
#688 = CARTESIAN_POINT ( 'NONE',  ( -0.6204774484649608901, 0.7400000000000003242, 0.1377269964403936287 ) ) ;
#689 = CARTESIAN_POINT ( 'NONE',  ( -0.1284057985046225259, 0.7599999999999997868, -0.1829908014538720040 ) ) ;
#690 = AXIS2_PLACEMENT_3D ( 'NONE', #20, #3065, #3502 ) ;
#691 = CLOSED_SHELL ( 'NONE', ( #3285, #4718, #1375, #5264, #3695, #2039, #3178, #364, #5458, #323, #545, #709, #5142, #3022, #5111, #5079, #3724, #1260, #2284, #1403, #791, #1566, #1531, #1653, #3549, #2680, #1111, #3806, #806, #3150, #4216, #3985, #3417, #5561, #380, #3363, #5017, #2562, #1172, #2986, #115, #2251, #95, #2430, #4313, #518, #2843, #4608, #298, #138, #1430, #5512, #740, #5485, #1957, #4883, #2311, #1868, #4825, #2122, #5241, #4162, #5407, #4655, #2954, #269, #844, #4989, #4399, #2929, #351, #399, #2459, #2402, #3834, #2548, #241, #2867, #2010, #5435, #3122, #3388, #4690, #4577, #4368, #1283, #4133, #2161, #3778, #830, #1710, #1983, #1780, #1681, #1230, #3748, #3310, #4426, #1142, #5174, #3865, #1843, #3003, #3605, #1198, #2711, #4286, #2648, #2740, #5292, #985, #4009, #5051, #4550, #944 ) ) ;
#692 = CARTESIAN_POINT ( 'NONE',  ( 0.09023554300449938836, 0.7599999999999997868, 0.2265976142911314550 ) ) ;
#693 = DIRECTION ( 'NONE',  ( -0.000000000000000000, -1.000000000000000000, -0.000000000000000000 ) ) ;
#694 = MECHANICAL_DESIGN_GEOMETRIC_PRESENTATION_REPRESENTATION (  '', ( #4266 ), #439 ) ;
#695 = CARTESIAN_POINT ( 'NONE',  ( -0.1011725082055670438, 0.7400000000000003242, -0.2098609805413381713 ) ) ;
#696 =( NAMED_UNIT ( * ) SI_UNIT ( $, .STERADIAN. ) SOLID_ANGLE_UNIT ( ) );
#697 = CARTESIAN_POINT ( 'NONE',  ( -0.6021375178777828019, 0.7400000000000002132, 0.1866791128229507990 ) ) ;
#698 = PRESENTATION_STYLE_ASSIGNMENT (( #859 ) ) ;
#699 = CARTESIAN_POINT ( 'NONE',  ( -0.5352088341346152855, 0.7399999999999998801, 0.1924587581589777829 ) ) ;
#700 = DIRECTION ( 'NONE',  ( 0.000000000000000000, 0.000000000000000000, 1.000000000000000000 ) ) ;
#701 = CARTESIAN_POINT ( 'NONE',  ( 0.2425822211889583635, 0.7599999999999998979, 0.1446920112895654087 ) ) ;
#702 = ORIENTED_EDGE ( 'NONE', *, *, #926, .F. ) ;
#703 = B_SPLINE_CURVE_WITH_KNOTS ( 'NONE', 3,
 ( #4400, #950, #549, #3978, #1841, #3602, #998, #4016, #3000, #3435, #827, #5232, #1295, #4303, #3518, #2151, #5, #2572, #1733, #4730, #3920, #1694, #1329, #5196, #2609, #849, #4709 ),
 .UNSPECIFIED., .F., .F.,
 ( 4, 1, 1, 1, 1, 1, 1, 1, 1, 1, 1, 1, 1, 1, 1, 1, 1, 1, 1, 1, 1, 1, 1, 1, 4 ),
 ( 0.000000000000000000, 0.05485803544515396868, 0.1070587915426410575, 0.1569783545765237875, 0.2039922771829771053, 0.2484915357868488772, 0.2904833137405233301, 0.3304890042981894482, 0.3678859257629635837, 0.4038581313538714412, 0.4400093433074115379, 0.4762950107796838917, 0.5127922945733487392, 0.5504848246303720716, 0.5883811157748437548, 0.6276453271698541059, 0.6679794644543812776, 0.7084327575000837207, 0.7486023022886340028, 0.7890877771957823805, 0.8294612046317063614, 0.8703710453051785034, 0.9122142271494422250, 0.9555465749316861546, 0.9999999999999998890 ),
 .UNSPECIFIED. ) ;
#704 = CARTESIAN_POINT ( 'NONE',  ( -0.3465784119100817628, 0.7600000000000000089, -0.1752639192909259125 ) ) ;
#705 = CARTESIAN_POINT ( 'NONE',  ( -0.4476504073183759091, 0.7399999999999999911, 0.2753530557017128122 ) ) ;
#706 = VERTEX_POINT ( 'NONE', #1368 ) ;
#707 = CARTESIAN_POINT ( 'NONE',  ( -0.2149999999999999134, -0.4399999999999996136, 1.510000000000000009 ) ) ;
#708 = CARTESIAN_POINT ( 'NONE',  ( -0.6021375178777828019, 0.7400000000000005462, 0.1866791128229507990 ) ) ;
#709 = ADVANCED_FACE ( 'NONE', ( #2639 ), #4814, .F. ) ;
#710 = CARTESIAN_POINT ( 'NONE',  ( -0.1492521367521366937, 0.7599999999999998979, -0.1452666024179452842 ) ) ;
#711 = CARTESIAN_POINT ( 'NONE',  ( 0.4599574326062076390, 0.7400000000000001021, 0.2103122036073126755 ) ) ;
#712 = CARTESIAN_POINT ( 'NONE',  ( -0.2918960093545820422, 0.7399999999999997691, -0.1378694775575425580 ) ) ;
#713 = ORIENTED_EDGE ( 'NONE', *, *, #3063, .T. ) ;
#714 = CARTESIAN_POINT ( 'NONE',  ( 0.08069974002119836842, 0.7399999999999998801, 0.1610504477046010297 ) ) ;
#715 = PLANE ( 'NONE',  #1421 ) ;
#716 = SURFACE_STYLE_USAGE ( .BOTH. , #1331 ) ;
#717 = MECHANICAL_DESIGN_GEOMETRIC_PRESENTATION_REPRESENTATION (  '', ( #897 ), #3345 ) ;
#718 = AXIS2_PLACEMENT_3D ( 'NONE', #2445, #1549, #5480 ) ;
#719 = CARTESIAN_POINT ( 'NONE',  ( -0.4257026397985088084, 0.7399999999999998801, -0.2803293322369314611 ) ) ;
#720 = CARTESIAN_POINT ( 'NONE',  ( -0.2664250283681305342, 0.7600000000000001199, 0.07920399826510139685 ) ) ;
#721 = ORIENTED_EDGE ( 'NONE', *, *, #3249, .F. ) ;
#722 = DIRECTION ( 'NONE',  ( 0.000000000000000000, 0.000000000000000000, 1.000000000000000000 ) ) ;
#723 = CARTESIAN_POINT ( 'NONE',  ( -0.0006628181398763843693, 0.7400000000000001021, 0.005015514890581725116 ) ) ;
#724 = VERTEX_POINT ( 'NONE', #911 ) ;
#725 = CARTESIAN_POINT ( 'NONE',  ( 0.5596630167165167480, 0.7400000000000005462, 0.1777098603885425288 ) ) ;
#726 = VECTOR ( 'NONE', #134, 1000.000000000000000 ) ;
#727 = AXIS2_PLACEMENT_3D ( 'NONE', #1240, #1670, #3846 ) ;
#728 = CARTESIAN_POINT ( 'NONE',  ( -0.04059912526709395092, 0.7599999999999998979, 0.2753530557017128122 ) ) ;
#729 = CARTESIAN_POINT ( 'NONE',  ( -0.1281575520833332926, 0.7399999999999998801, 0.1924587581589778107 ) ) ;
#730 = CARTESIAN_POINT ( 'NONE',  ( 0.5197454593087244001, 0.7600000000000000089, 0.1451344525669951147 ) ) ;
#731 = EDGE_CURVE ( 'NONE', #3473, #5122, #5574, .T. ) ;
#732 = CARTESIAN_POINT ( 'NONE',  ( -0.3000390773949171974, 0.7600000000000000089, 0.005776318033700902216 ) ) ;
#733 = FACE_OUTER_BOUND ( 'NONE', #3086, .T. ) ;
#734 = ORIENTED_EDGE ( 'NONE', *, *, #4182, .T. ) ;
#735 = CARTESIAN_POINT ( 'NONE',  ( 0.2870559561965810857, 0.7599999999999998979, 0.1200587514816273405 ) ) ;
#736 = CARTESIAN_POINT ( 'NONE',  ( 0.2849358974358973673, 0.7599999999999998979, -0.2673819870333298820 ) ) ;
#737 = CARTESIAN_POINT ( 'NONE',  ( -2.045000000000000373, -0.7600000000000001199, 1.199999999999999734 ) ) ;
#738 = DIRECTION ( 'NONE',  ( 1.000000000000000000, 0.000000000000000000, 0.000000000000000000 ) ) ;
#739 = FACE_OUTER_BOUND ( 'NONE', #852, .T. ) ;
#740 = ADVANCED_FACE ( 'NONE', ( #1699 ), #381, .T. ) ;
#741 = CARTESIAN_POINT ( 'NONE',  ( -0.03922108707264949923, 0.7400000000000001021, -0.2809503631017059022 ) ) ;
#742 = CARTESIAN_POINT ( 'NONE',  ( -0.06264591362404707542, 0.7400000000000002132, -0.002507960822553838894 ) ) ;
#743 = B_SPLINE_CURVE_WITH_KNOTS ( 'NONE', 3,
 ( #1749, #3045, #3906, #2979, #4693, #825, #3868, #1674, #2094, #2531, #4281 ),
 .UNSPECIFIED., .F., .F.,
 ( 4, 1, 1, 1, 1, 1, 1, 1, 4 ),
 ( 0.000000000000000000, 0.1182713048357256075, 0.2361775330837630471, 0.3556629329485091473, 0.4759041646706827500, 0.6001273417110829511, 0.7286081161551197782, 0.8613134756739423414, 1.000000000000000000 ),
 .UNSPECIFIED. ) ;
#744 = CARTESIAN_POINT ( 'NONE',  ( 0.5714500836847038467, 0.7400000000000005462, 0.1299827022111741670 ) ) ;
#745 = VECTOR ( 'NONE', #622, 1000.000000000000000 ) ;
#746 = CARTESIAN_POINT ( 'NONE',  ( -2.045000000000000373, -0.4500000000000008438, 1.510000000000000009 ) ) ;
#747 = EDGE_CURVE ( 'NONE', #1870, #75, #4581, .T. ) ;
#748 = CARTESIAN_POINT ( 'NONE',  ( -0.4450490768802932706, 0.7599999999999998979, -0.0006806521312489286239 ) ) ;
#749 = COLOUR_RGB ( '',0.2509803921568627416, 0.2509803921568627416, 0.2509803921568627416 ) ;
#750 = ORIENTED_EDGE ( 'NONE', *, *, #4779, .T. ) ;
#751 = CARTESIAN_POINT ( 'NONE',  ( -0.03858506944444438369, 0.7599999999999998979, -0.2266768588282016827 ) ) ;
#752 = DIRECTION ( 'NONE',  ( 0.000000000000000000, 0.000000000000000000, -1.000000000000000000 ) ) ;
#753 = DIRECTION ( 'NONE',  ( 0.000000000000000000, 0.000000000000000000, -1.000000000000000000 ) ) ;
#754 = CARTESIAN_POINT ( 'NONE',  ( 0.2932376846614142551, 0.7400000000000001021, 0.1484217483154993689 ) ) ;
#755 = LINE ( 'NONE', #5296, #4065 ) ;
#756 = AXIS2_PLACEMENT_3D ( 'NONE', #3356, #4166, #2421 ) ;
#757 = CARTESIAN_POINT ( 'NONE',  ( 1.595000000000000417, -1.346972987469858163, 2.020000000000000018 ) ) ;
#758 = CARTESIAN_POINT ( 'NONE',  ( 0.9450000000000006173, -0.4399999999999996136, 2.070000000000000284 ) ) ;
#759 = CARTESIAN_POINT ( 'NONE',  ( 0.09023554300449938836, 0.7399999999999997691, 0.2265976142911314550 ) ) ;
#760 = CARTESIAN_POINT ( 'NONE',  ( -0.04396146584177583472, 0.7600000000000000089, -0.2808620187169287852 ) ) ;
#761 = EDGE_LOOP ( 'NONE', ( #5110, #3005, #975, #1988 ) ) ;
#762 = ORIENTED_EDGE ( 'NONE', *, *, #4240, .T. ) ;
#763 = CARTESIAN_POINT ( 'NONE',  ( -0.2170940170940170166, 0.7399999999999999911, 0.1193167309153880390 ) ) ;
#764 = CARTESIAN_POINT ( 'NONE',  ( -0.3986679613959111523, 0.7600000000000001199, 0.2701985584265109153 ) ) ;
#765 = ORIENTED_EDGE ( 'NONE', *, *, #731, .T. ) ;
#766 = CARTESIAN_POINT ( 'NONE',  ( 0.5271531077257577413, 0.7600000000000001199, 0.1104653665602181728 ) ) ;
#768 = CARTESIAN_POINT ( 'NONE',  ( 0.08064892740171779317, 0.7399999999999999911, -0.05605251782456326798 ) ) ;
#767 = FACE_OUTER_BOUND ( 'NONE', #4843, .T. ) ;
#769 = ORIENTED_EDGE ( 'NONE', *, *, #2707, .T. ) ;
#770 = CARTESIAN_POINT ( 'NONE',  ( 0.1069687717266885191, 0.7599999999999997868, -0.09587183971325452525 ) ) ;
#771 = CARTESIAN_POINT ( 'NONE',  ( -0.4644398081277316126, 0.7599999999999998979, 0.2749635032441701821 ) ) ;
#772 = CARTESIAN_POINT ( 'NONE',  ( -1.594999999999999529, -1.346972987469857941, 2.530000000000000249 ) ) ;
#773 = ORIENTED_EDGE ( 'NONE', *, *, #3472, .F. ) ;
#774 = CARTESIAN_POINT ( 'NONE',  ( -0.1676312819927083531, 0.7599999999999998979, -0.2151974692192348548 ) ) ;
#775 = EDGE_CURVE ( 'NONE', #5210, #1524, #5002, .T. ) ;
#776 = ORIENTED_EDGE ( 'NONE', *, *, #2752, .T. ) ;
#777 = B_SPLINE_CURVE_WITH_KNOTS ( 'NONE', 3,
 ( #1150, #3260, #1582, #2378, #3912, #4208, #2925, #2024, #3796, #4635, #2498, #1739, #4324, #2943, #1222, #5035, #891, #1387, #2629 ),
 .UNSPECIFIED., .F., .F.,
 ( 4, 1, 1, 1, 1, 1, 1, 1, 1, 1, 1, 1, 1, 1, 1, 1, 4 ),
 ( 0.000000000000000000, 0.06690918560565653483, 0.1334854404229653957, 0.2010351165700815235, 0.2712343400187638420, 0.3428799841615842725, 0.4138361296100205311, 0.4859766219744202642, 0.5602295572555486824, 0.5998841807523909164, 0.6440548396425964661, 0.6918919315842545492, 0.7446875244737720667, 0.8014917751698764636, 0.8628576982200922840, 0.9293283793947431093, 1.000000000000000000 ),
 .UNSPECIFIED. ) ;
#778 = CARTESIAN_POINT ( 'NONE',  ( -0.04059912526709395092, 0.7599999999999998979, 0.2753530557017128122 ) ) ;
#779 = CARTESIAN_POINT ( 'NONE',  ( 0.3642851589035067672, 0.7599999999999997868, 0.2133023382607729113 ) ) ;
#780 = DIRECTION ( 'NONE',  ( -1.000000000000000000, -0.000000000000000000, -0.000000000000000000 ) ) ;
#781 = CARTESIAN_POINT ( 'NONE',  ( -0.4516615441580839607, 0.7399999999999999911, -0.2264664981443985925 ) ) ;
#782 = CARTESIAN_POINT ( 'NONE',  ( 0.09133396609823121737, 0.7599999999999995648, -0.06839962275228257671 ) ) ;
#783 = CARTESIAN_POINT ( 'NONE',  ( -0.03220487415739440445, 0.7599999999999998979, 0.2751111706970922333 ) ) ;
#784 = CARTESIAN_POINT ( 'NONE',  ( -0.3264023546495642969, 0.7399999999999998801, -0.05605251782456326798 ) ) ;
#785 = EDGE_CURVE ( 'NONE', #17, #5402, #3798, .T. ) ;
#786 = DIRECTION ( 'NONE',  ( -1.000000000000000000, 0.000000000000000000, 0.000000000000000000 ) ) ;
#787 = DIRECTION ( 'NONE',  ( 0.7071067811865487940, 0.7071067811865463515, 0.000000000000000000 ) ) ;
#788 = CARTESIAN_POINT ( 'NONE',  ( -0.5420272936898230531, 0.7600000000000001199, 0.1864813067641983846 ) ) ;
#789 = ORIENTED_EDGE ( 'NONE', *, *, #851, .T. ) ;
#790 = CARTESIAN_POINT ( 'NONE',  ( -1.485000000000000098, -0.02999999999999967276, 17.26000000000000156 ) ) ;
#791 = ADVANCED_FACE ( 'NONE', ( #3864 ), #1125, .F. ) ;
#792 = DIRECTION ( 'NONE',  ( -0.000000000000000000, -1.000000000000000000, -0.000000000000000000 ) ) ;
#793 = CARTESIAN_POINT ( 'NONE',  ( -0.1395299022757394702, 0.7400000000000003242, -0.2458581913520234696 ) ) ;
#794 = LINE ( 'NONE', #2912, #4986 ) ;
#795 = ORIENTED_EDGE ( 'NONE', *, *, #2816, .F. ) ;
#796 = DIRECTION ( 'NONE',  ( -1.000000000000000000, 0.000000000000000000, 0.000000000000000000 ) ) ;
#797 = CARTESIAN_POINT ( 'NONE',  ( -0.5563034188034187144, 0.7399999999999997691, -0.1452666024179452842 ) ) ;
#798 = DIRECTION ( 'NONE',  ( 1.000000000000000000, -0.000000000000000000, 0.000000000000000000 ) ) ;
#799 = CARTESIAN_POINT ( 'NONE',  ( -0.2917200854700853774, 0.7399999999999998801, -0.1434645524713640541 ) ) ;
#800 = CIRCLE ( 'NONE', #1671, 0.05000000000000012768 ) ;
#801 = EDGE_LOOP ( 'NONE', ( #492, #1247, #359, #2372, #3213, #1852 ) ) ;
#802 = CARTESIAN_POINT ( 'NONE',  ( 0.1118879448044038105, 0.7400000000000001021, -0.1109367007083016388 ) ) ;
#803 = CARTESIAN_POINT ( 'NONE',  ( 0.07250295506628556819, 0.7399999999999998801, 0.2412931175657499483 ) ) ;
#804 = CARTESIAN_POINT ( 'NONE',  ( -0.4961680632844128191, 0.7399999999999997691, -0.2167149013363941223 ) ) ;
#805 = VECTOR ( 'NONE', #884, 1000.000000000000000 ) ;
#806 = ADVANCED_FACE ( 'NONE', ( #2092 ), #5007, .F. ) ;
#807 = CARTESIAN_POINT ( 'NONE',  ( -0.8949999999999996847, -0.02999999999999967276, 2.479999999999999982 ) ) ;
#808 = CARTESIAN_POINT ( 'NONE',  ( 0.5291666666666664520, 0.7599999999999998979, -0.2673819870333298820 ) ) ;
#809 = EDGE_CURVE ( 'NONE', #2279, #1786, #3397, .T. ) ;
#810 = AXIS2_PLACEMENT_3D ( 'NONE', #4377, #2171, #3520 ) ;
#811 = VECTOR ( 'NONE', #4974, 1000.000000000000000 ) ;
#812 = VERTEX_POINT ( 'NONE', #4084 ) ;
#813 = CARTESIAN_POINT ( 'NONE',  ( -0.9449999999999996181, -0.02999999999999967276, 2.530000000000000249 ) ) ;
#814 = CARTESIAN_POINT ( 'NONE',  ( -0.1164366249554993488, 0.7399999999999997691, -0.1971862565315576354 ) ) ;
#815 = CARTESIAN_POINT ( 'NONE',  ( -0.2664250283681305342, 0.7400000000000001021, 0.07920399826510139685 ) ) ;
#816 = B_SPLINE_CURVE_WITH_KNOTS ( 'NONE', 3,
 ( #3044, #5229, #864, #14, #4707, #5193, #3058, #903, #1307, #2570, #846 ),
 .UNSPECIFIED., .F., .F.,
 ( 4, 1, 1, 1, 1, 1, 1, 1, 4 ),
 ( 0.000000000000000000, 0.1497703860319677949, 0.2913164099952441632, 0.4259663731047424462, 0.5521595739695280836, 0.6715274135235925757, 0.7861216286916586915, 0.8953250730704445104, 1.000000000000000000 ),
 .UNSPECIFIED. ) ;
#817 = CARTESIAN_POINT ( 'NONE',  ( 0.5360634407091497966, 0.7599999999999997868, 0.2172790804978487755 ) ) ;
#818 = CARTESIAN_POINT ( 'NONE',  ( 0.05092425642174887301, 0.7400000000000001021, -0.1893484797676606435 ) ) ;
#819 = CARTESIAN_POINT ( 'NONE',  ( 0.5252248893435859101, 0.7400000000000001021, 0.1257976917081018164 ) ) ;
#820 = CARTESIAN_POINT ( 'NONE',  ( -0.5412437413150487098, 0.7399999999999997691, -0.1748164176988359075 ) ) ;
#821 = CARTESIAN_POINT ( 'NONE',  ( -0.3540151058666406447, 0.7599999999999997868, -0.1009911466906706634 ) ) ;
#822 = DIRECTION ( 'NONE',  ( 0.000000000000000000, 0.000000000000000000, 1.000000000000000000 ) ) ;
#823 = VERTEX_POINT ( 'NONE', #624 ) ;
#824 = LINE ( 'NONE', #5039, #3495 ) ;
#825 = CARTESIAN_POINT ( 'NONE',  ( -0.08863983432977651233, 0.7399999999999998801, 0.2140222567754898331 ) ) ;
#826 = AXIS2_PLACEMENT_3D ( 'NONE', #2150, #3498, #406 ) ;
#827 = CARTESIAN_POINT ( 'NONE',  ( 0.5596630167165167480, 0.7399999999999998801, 0.1777098603885425288 ) ) ;
#828 = ORIENTED_EDGE ( 'NONE', *, *, #1613, .F. ) ;
#829 = VERTEX_POINT ( 'NONE', #5437 ) ;
#830 = ADVANCED_FACE ( 'NONE', ( #4789 ), #3254, .T. ) ;
#831 = DIRECTION ( 'NONE',  ( -2.125886612716675327E-16, -0.000000000000000000, -1.000000000000000000 ) ) ;
#832 = FACE_OUTER_BOUND ( 'NONE', #3107, .T. ) ;
#833 = CARTESIAN_POINT ( 'NONE',  ( 0.3495765575173186979, 0.7599999999999998979, 0.2073053555696156014 ) ) ;
#834 = ORIENTED_EDGE ( 'NONE', *, *, #530, .T. ) ;
#835 = CARTESIAN_POINT ( 'NONE',  ( -0.08937516906973091979, 0.7599999999999998979, 0.2699729163189711345 ) ) ;
#836 = CARTESIAN_POINT ( 'NONE',  ( -0.4803959735009992738, 0.7599999999999998979, -0.2224568258645562846 ) ) ;
#837 = LINE ( 'NONE', #1363, #3025 ) ;
#838 = DIRECTION ( 'NONE',  ( -0.000000000000000000, 1.000000000000000000, 0.000000000000000000 ) ) ;
#839 = CARTESIAN_POINT ( 'NONE',  ( 0.08064892740171779317, 0.7599999999999998979, -0.05605251782456326798 ) ) ;
#840 = SURFACE_STYLE_USAGE ( .BOTH. , #3452 ) ;
#841 = EDGE_CURVE ( 'NONE', #3741, #5052, #328, .T. ) ;
#842 = CARTESIAN_POINT ( 'NONE',  ( -0.1096371011856595301, 0.7599999999999998979, 0.2051254953784840962 ) ) ;
#843 = CARTESIAN_POINT ( 'NONE',  ( -0.3535197983440170333, 0.7399999999999996581, -0.03459953511025300188 ) ) ;
#844 = ADVANCED_FACE ( 'NONE', ( #3132 ), #460, .T. ) ;
#845 = ORIENTED_EDGE ( 'NONE', *, *, #3442, .F. ) ;
#846 = CARTESIAN_POINT ( 'NONE',  ( -0.1281575520833332926, 0.7399999999999998801, 0.1924587581589778107 ) ) ;
#847 = CARTESIAN_POINT ( 'NONE',  ( -0.3249999999999994560, -1.346972987469857941, 2.479999999999999982 ) ) ;
#848 = CARTESIAN_POINT ( 'NONE',  ( -0.1492521367521366937, 0.7399999999999998801, -0.1452666024179452842 ) ) ;
#849 = CARTESIAN_POINT ( 'NONE',  ( 0.4169129187997653307, 0.7399999999999998801, 0.2752426606208586146 ) ) ;
#850 = B_SPLINE_CURVE_WITH_KNOTS ( 'NONE', 3,
 ( #1461, #5302, #5318, #4507, #996, #4874, #140, #1498, #4010, #2715, #588 ),
 .UNSPECIFIED., .F., .F.,
 ( 4, 1, 1, 1, 1, 1, 1, 1, 4 ),
 ( 0.000000000000000000, 0.06983510391543634732, 0.1556207549116652156, 0.2578015566582756990, 0.3738112340663712896, 0.5064024926743713184, 0.6555644581431038231, 0.8200792824038523054, 0.9999999999999998890 ),
 .UNSPECIFIED. ) ;
#851 = EDGE_CURVE ( 'NONE', #4417, #2044, #192, .T. ) ;
#852 = EDGE_LOOP ( 'NONE', ( #1863, #4913, #3052, #1916 ) ) ;
#853 = DIRECTION ( 'NONE',  ( 2.125886612716675080E-16, -0.000000000000000000, 1.000000000000000000 ) ) ;
#854 = ORIENTED_EDGE ( 'NONE', *, *, #1480, .F. ) ;
#855 = CARTESIAN_POINT ( 'NONE',  ( -0.2917200854700853774, 0.7399999999999998801, -0.1434645524713640541 ) ) ;
#856 = CARTESIAN_POINT ( 'NONE',  ( -0.04059912526709395092, 0.7599999999999998979, 0.2753530557017128122 ) ) ;
#857 = FACE_OUTER_BOUND ( 'NONE', #1319, .T. ) ;
#858 = CARTESIAN_POINT ( 'NONE',  ( 1.794999999999999263, -0.7600000000000001199, 1.199999999999999734 ) ) ;
#859 = SURFACE_STYLE_USAGE ( .BOTH. , #4687 ) ;
#860 = CARTESIAN_POINT ( 'NONE',  ( -0.4237058037190450932, 0.7599999999999998979, -0.2252345472034715246 ) ) ;
#861 = VECTOR ( 'NONE', #5328, 1000.000000000000000 ) ;
#862 = EDGE_LOOP ( 'NONE', ( #212, #4347, #5027, #5088 ) ) ;
#863 = CARTESIAN_POINT ( 'NONE',  ( -2.045000000000000373, -0.02999999999999975256, 1.510000000000000009 ) ) ;
#864 = CARTESIAN_POINT ( 'NONE',  ( -0.1659609341636664737, 0.7399999999999998801, 0.1313162933923128772 ) ) ;
#865 = DIRECTION ( 'NONE',  ( 0.000000000000000000, 0.000000000000000000, 1.000000000000000000 ) ) ;
#866 = CARTESIAN_POINT ( 'NONE',  ( 0.2387686534234078617, 0.7599999999999998979, 0.1051536754171249477 ) ) ;
#867 = CARTESIAN_POINT ( 'NONE',  ( -1.644999999999999574, -0.4399999999999996136, 2.530000000000000249 ) ) ;
#868 = LINE ( 'NONE', #1383, #2419 ) ;
#869 = CARTESIAN_POINT ( 'NONE',  ( -0.3162896345968721490, 0.7599999999999997868, 0.07990182527109881971 ) ) ;
#870 = CARTESIAN_POINT ( 'NONE',  ( 0.02077758628691770207, 0.7399999999999999911, -0.2706018021871384183 ) ) ;
#871 = VECTOR ( 'NONE', #2028, 1000.000000000000000 ) ;
#872 = CARTESIAN_POINT ( 'NONE',  ( -0.4511883333243373873, 0.7600000000000000089, 0.2210134983352159965 ) ) ;
#873 = EDGE_CURVE ( 'NONE', #3516, #2545, #4645, .T. ) ;
#874 = PLANE ( 'NONE',  #2722 ) ;
#875 = FACE_OUTER_BOUND ( 'NONE', #5163, .T. ) ;
#876 = CARTESIAN_POINT ( 'NONE',  ( -0.4418878820178354649, 0.7599999999999998979, -0.2265901316930968856 ) ) ;
#877 = VECTOR ( 'NONE', #5325, 1000.000000000000000 ) ;
#878 = CARTESIAN_POINT ( 'NONE',  ( 0.1056807574933521787, 0.7599999999999998979, 0.2095015532818353676 ) ) ;
#879 = CARTESIAN_POINT ( 'NONE',  ( 0.1153311965811966433, 0.7599999999999998979, -0.1434645524713640541 ) ) ;
#880 = VECTOR ( 'NONE', #400, 1000.000000000000000 ) ;
#881 = EDGE_CURVE ( 'NONE', #2691, #3966, #4119, .T. ) ;
#882 = EDGE_CURVE ( 'NONE', #411, #75, #4939, .T. ) ;
#883 = DIRECTION ( 'NONE',  ( 1.000000000000000000, 0.000000000000000000, 0.000000000000000000 ) ) ;
#884 = DIRECTION ( 'NONE',  ( -0.000000000000000000, -0.000000000000000000, -1.000000000000000000 ) ) ;
#885 = VECTOR ( 'NONE', #1903, 1000.000000000000000 ) ;
#886 = CARTESIAN_POINT ( 'NONE',  ( 0.2849358974358973673, 0.7599999999999998979, -0.2673819870333298820 ) ) ;
#887 = CARTESIAN_POINT ( 'NONE',  ( -0.3689623391960305532, 0.7599999999999998979, 0.2024273918110169879 ) ) ;
#888 = CARTESIAN_POINT ( 'NONE',  ( -0.3123040165890507147, 0.7399999999999998801, 0.1042099250111353792 ) ) ;
#889 = EDGE_LOOP ( 'NONE', ( #2119, #1327, #1970, #2281 ) ) ;
#890 = VERTEX_POINT ( 'NONE', #344 ) ;
#891 = CARTESIAN_POINT ( 'NONE',  ( -0.05256284450022345733, 0.7599999999999996758, -0.001943854750242331219 ) ) ;
#892 = CARTESIAN_POINT ( 'NONE',  ( -0.03858506944444438369, 0.7399999999999996581, -0.2266768588282016827 ) ) ;
#893 = CARTESIAN_POINT ( 'NONE',  ( -0.1950862358265006979, 0.7600000000000002309, 0.1866791128229508823 ) ) ;
#894 = CARTESIAN_POINT ( 'NONE',  ( 0.4526802325772174007, 0.7600000000000000089, 0.2709761586097823582 ) ) ;
#895 = CARTESIAN_POINT ( 'NONE',  ( -0.3489862201773195061, 0.7600000000000000089, 0.1877794718165550769 ) ) ;
#896 = VERTEX_POINT ( 'NONE', #2940 ) ;
#897 = STYLED_ITEM ( 'NONE', ( #5223 ), #3985 ) ;
#898 = CARTESIAN_POINT ( 'NONE',  ( -0.3170481678417820248, 0.7399999999999998801, 0.1413210960091365043 ) ) ;
#899 = CARTESIAN_POINT ( 'NONE',  ( -0.3561270256295333003, 0.7600000000000003419, -0.1893484797676606712 ) ) ;
#900 = CARTESIAN_POINT ( 'NONE',  ( 0.08469069581237750888, 0.7399999999999998801, -0.2263294391008122963 ) ) ;
#901 = LINE ( 'NONE', #5414, #5366 ) ;
#902 = CARTESIAN_POINT ( 'NONE',  ( 0.05632362844453758788, 0.7599999999999997868, -0.2522078115704897150 ) ) ;
#903 = CARTESIAN_POINT ( 'NONE',  ( -0.1410492038215268862, 0.7399999999999998801, 0.1793579369062902606 ) ) ;
#904 = CARTESIAN_POINT ( 'NONE',  ( 0.1134253237537554415, 0.7600000000000000089, 0.01404382893790528247 ) ) ;
#905 = B_SPLINE_SURFACE_WITH_KNOTS ( 'NONE', 3, 1, ( 
 ( #4443, #1374 ),
 ( #4384, #5270 ),
 ( #4866, #145 ),
 ( #1823, #2283 ),
 ( #3621, #2721 ),
 ( #517, #3586 ),
 ( #3207, #1873 ),
 ( #956, #2700 ),
 ( #3188, #4882 ),
 ( #2300, #100 ),
 ( #4823, #5306 ),
 ( #3148, #2238 ),
 ( #5323, #2737 ),
 ( #2759, #127 ),
 ( #3983, #1393 ),
 ( #4406, #4845 ),
 ( #574, #1014 ),
 ( #2259, #2317 ),
 ( #5291, #4038 ) ),
 .UNSPECIFIED., .F., .F., .F.,
 ( 4, 1, 1, 1, 1, 1, 1, 1, 1, 1, 1, 1, 1, 1, 1, 1, 4 ),
 ( 2, 2 ),
 ( 0.000000000000000000, 0.07607173695556468385, 0.1487517145745115843, 0.2184027938458452112, 0.2857595810623857480, 0.3505980236748785783, 0.4149640445981283010, 0.4780693385717816879, 0.5417606760069072491, 0.6043498585387178101, 0.6640750210708964429, 0.7214636230801987349, 0.7775871282364448245, 0.8326444469271313542, 0.8878435110684598230, 0.9434603426519471148, 1.000000000000000000 ),
 ( 0.000000000000000000, 1.000000000000000000 ),
 .UNSPECIFIED. ) ;
#906 = COLOUR_RGB ( '',0.2509803921568627416, 0.2509803921568627416, 0.2509803921568627416 ) ;
#907 = CARTESIAN_POINT ( 'NONE',  ( 0.07031341925815715044, 0.7399999999999997691, -0.02649600844089149490 ) ) ;
#908 = ORIENTED_EDGE ( 'NONE', *, *, #3149, .T. ) ;
#909 = EDGE_LOOP ( 'NONE', ( #5489, #2348, #5277, #4336 ) ) ;
#910 = EDGE_CURVE ( 'NONE', #1073, #47, #4521, .T. ) ;
#911 = CARTESIAN_POINT ( 'NONE',  ( -1.594999999999999529, -0.4399999999999996136, 2.020000000000000018 ) ) ;
#912 =( GEOMETRIC_REPRESENTATION_CONTEXT ( 3 ) GLOBAL_UNCERTAINTY_ASSIGNED_CONTEXT ( ( #197 ) ) GLOBAL_UNIT_ASSIGNED_CONTEXT ( ( #2250, #2694, #4416 ) ) REPRESENTATION_CONTEXT ( 'NONE', 'WORKASPACE' ) );
#913 = CARTESIAN_POINT ( 'NONE',  ( -0.4468023838141024773, 0.7399999999999997691, 0.2210795514282085372 ) ) ;
#914 = CARTESIAN_POINT ( 'NONE',  ( -0.3211530724705632389, 0.7599999999999997868, 0.1513684937088689286 ) ) ;
#915 = CARTESIAN_POINT ( 'NONE',  ( -1.644999999999999574, -1.346972987469857941, 2.530000000000000249 ) ) ;
#916 = CARTESIAN_POINT ( 'NONE',  ( 0.05353148370726502903, 0.7600000000000000089, -0.03459953511025300188 ) ) ;
#917 = CARTESIAN_POINT ( 'NONE',  ( 0.4095953525641025106, 0.7599999999999998979, 0.2210795514282085372 ) ) ;
#918 = EDGE_LOOP ( 'NONE', ( #3287, #1100, #4837, #3634 ) ) ;
#919 =( LENGTH_UNIT ( ) NAMED_UNIT ( * ) SI_UNIT ( .MILLI., .METRE. ) );
#920 = CARTESIAN_POINT ( 'NONE',  ( -0.4035487737510764505, 0.7400000000000001021, -0.2206995692730533143 ) ) ;
#921 = EDGE_LOOP ( 'NONE', ( #3591, #2683, #1055, #2037 ) ) ;
#922 = CARTESIAN_POINT ( 'NONE',  ( -1.594999999999999529, -0.4399999999999996136, 2.479999999999999982 ) ) ;
#923 = VECTOR ( 'NONE', #3157, 1000.000000000000000 ) ;
#924 = CARTESIAN_POINT ( 'NONE',  ( -0.3027104542833646272, 0.7399999999999997691, -0.1948231470048591152 ) ) ;
#925 = B_SPLINE_CURVE_WITH_KNOTS ( 'NONE', 3,
 ( #4680, #1702, #3444, #836, #3876, #5183, #469, #3979, #1355, #4424, #978, #2212, #5055, #2097, #1618 ),
 .UNSPECIFIED., .F., .F.,
 ( 4, 1, 1, 1, 1, 1, 1, 1, 1, 1, 1, 1, 4 ),
 ( 0.000000000000000000, 0.1227119423657785230, 0.2396849640167733886, 0.3518158552560948227, 0.4637661328620819590, 0.5208177931608306555, 0.5794482914480042490, 0.6406041451203190462, 0.7052975118059832127, 0.7736338807131353246, 0.8446693818863784120, 0.9200565080211456914, 1.000000000000000000 ),
 .UNSPECIFIED. ) ;
#926 = EDGE_CURVE ( 'NONE', #3030, #4395, #2153, .T. ) ;
#927 = CARTESIAN_POINT ( 'NONE',  ( -0.3771831271803968710, 0.7399999999999999911, 0.01446880453850871509 ) ) ;
#928 = VECTOR ( 'NONE', #1589, 1000.000000000000000 ) ;
#929 = VERTEX_POINT ( 'NONE', #2042 ) ;
#930 = CARTESIAN_POINT ( 'NONE',  ( -1.254999999999998117, 0.7599999999999998979, -1.510000000000000009 ) ) ;
#931 = CARTESIAN_POINT ( 'NONE',  ( -0.5065488111739807620, 0.7600000000000000089, 0.2101693646850491815 ) ) ;
#932 = CARTESIAN_POINT ( 'NONE',  ( 0.4770987537495136599, 0.7599999999999996758, 0.2629040199228257491 ) ) ;
#933 = CARTESIAN_POINT ( 'NONE',  ( -0.04847173265217034205, 0.7599999999999996758, -0.05740086174778760014 ) ) ;
#934 = CIRCLE ( 'NONE', #1304, 0.05000000000000012768 ) ;
#935 = CARTESIAN_POINT ( 'NONE',  ( 0.3546938789131320879, 0.7399999999999997691, 0.2679559769766380883 ) ) ;
#936 = CARTESIAN_POINT ( 'NONE',  ( 1.055000000000000160, -0.02999999999999967276, 17.26000000000000156 ) ) ;
#937 = CARTESIAN_POINT ( 'NONE',  ( -0.3535197983440170333, 0.7399999999999996581, -0.03459953511025300188 ) ) ;
#938 = FACE_OUTER_BOUND ( 'NONE', #3335, .T. ) ;
#939 = CARTESIAN_POINT ( 'NONE',  ( -0.5766559829059827447, 0.7599999999999998979, 0.1193167309153880390 ) ) ;
#940 = CARTESIAN_POINT ( 'NONE',  ( 0.1406262536831515697, 0.7600000000000001199, 0.07920399826510139685 ) ) ;
#941 = B_SPLINE_SURFACE_WITH_KNOTS ( 'NONE', 3, 1, ( 
 ( #3800, #2032 ),
 ( #5063, #5021 ),
 ( #1644, #2934 ),
 ( #5428, #2913 ),
 ( #303, #4626 ),
 ( #317, #1209 ),
 ( #5000, #2405 ),
 ( #692, #3035 ),
 ( #1271, #803 ),
 ( #5513, #4293 ),
 ( #3011, #1287 ),
 ( #2142, #3465 ),
 ( #1685, #336 ),
 ( #783, #2102 ),
 ( #856, #5144 ) ),
 .UNSPECIFIED., .F., .F., .F.,
 ( 4, 1, 1, 1, 1, 1, 1, 1, 1, 1, 1, 1, 4 ),
 ( 2, 2 ),
 ( 0.000000000000000000, 0.07964825118022790529, 0.1589216764181125563, 0.2396194947370318962, 0.3226094298185608888, 0.4060346366179243272, 0.4876020954923879769, 0.5696846265959311095, 0.6530361450088340014, 0.7374357177222882198, 0.8224778158555100527, 0.9097476551184072724, 1.000000000000000000 ),
 ( 0.000000000000000000, 1.000000000000000000 ),
 .UNSPECIFIED. ) ;
#942 = DIRECTION ( 'NONE',  ( 0.000000000000000000, 0.000000000000000000, 1.000000000000000000 ) ) ;
#943 = CARTESIAN_POINT ( 'NONE',  ( -0.2917200854700853774, 0.7399999999999998801, -0.1434645524713640541 ) ) ;
#944 = ADVANCED_FACE ( 'NONE', ( #3542 ), #945, .T. ) ;
#945 = CYLINDRICAL_SURFACE ( 'NONE', #4025, 0.05000000000000012768 ) ;
#946 = VERTEX_POINT ( 'NONE', #5132 ) ;
#947 = CARTESIAN_POINT ( 'NONE',  ( -0.3973187565858821158, 0.7399999999999999911, 0.007406389022562460782 ) ) ;
#948 = CARTESIAN_POINT ( 'NONE',  ( 0.06765457621892266571, 0.7400000000000004352, -0.1519376743405413954 ) ) ;
#949 = LINE ( 'NONE', #1401, #2313 ) ;
#950 = CARTESIAN_POINT ( 'NONE',  ( 0.5766175623240404891, 0.7400000000000001021, 0.05797698319509338866 ) ) ;
#951 = VECTOR ( 'NONE', #3916, 1000.000000000000000 ) ;
#952 = EDGE_CURVE ( 'NONE', #1389, #4032, #2302, .T. ) ;
#953 = CARTESIAN_POINT ( 'NONE',  ( 0.5495535675132280362, 0.7599999999999998979, 0.1981845304068088898 ) ) ;
#954 = B_SPLINE_SURFACE_WITH_KNOTS ( 'NONE', 3, 1, ( 
 ( #2884, #254 ),
 ( #4973, #1985 ),
 ( #3293, #719 ),
 ( #683, #3312 ),
 ( #1144, #5031 ),
 ( #1575, #3750 ),
 ( #649, #5573 ),
 ( #5197, #3481 ),
 ( #2041, #19 ),
 ( #3922, #1183 ),
 ( #485, #924 ),
 ( #508, #3557 ),
 ( #3576, #3519 ),
 ( #1834, #1850 ),
 ( #3540, #943 ) ),
 .UNSPECIFIED., .F., .F., .F.,
 ( 4, 1, 1, 1, 1, 1, 1, 1, 1, 1, 1, 1, 4 ),
 ( 2, 2 ),
 ( 0.000000000000000000, 0.09025424934267656241, 0.1785397915286845161, 0.2660930338538199935, 0.3546309779571732435, 0.4418861533505626937, 0.5257469151636485760, 0.6081136336036366830, 0.6901972728278824576, 0.7708214843303351493, 0.8483261812554109271, 0.9240117400247433999, 1.000000000000000000 ),
 ( 0.000000000000000000, 1.000000000000000000 ),
 .UNSPECIFIED. ) ;
#955 = CARTESIAN_POINT ( 'NONE',  ( -0.4045956790869197905, 0.7399999999999997691, 0.2166910399578946267 ) ) ;
#956 = CARTESIAN_POINT ( 'NONE',  ( 0.03808894285525143975, 0.7599999999999998979, 0.2024273918110169879 ) ) ;
#957 = CARTESIAN_POINT ( 'NONE',  ( -1.795000000000000373, -0.7600000000000001199, 1.199999999999999734 ) ) ;
#958 = CARTESIAN_POINT ( 'NONE',  ( 0.3291575139457159072, 0.7399999999999995470, 0.2583883621056819457 ) ) ;
#959 = ORIENTED_EDGE ( 'NONE', *, *, #3968, .F. ) ;
#960 = VERTEX_POINT ( 'NONE', #4708 ) ;
#961 = CARTESIAN_POINT ( 'NONE',  ( -0.5849619121396804067, 0.7600000000000001199, 0.2136092300077266359 ) ) ;
#962 = CARTESIAN_POINT ( 'NONE',  ( 1.485000000000000320, -0.4399999999999996136, 2.020000000000000018 ) ) ;
#963 = EDGE_CURVE ( 'NONE', #4977, #1880, #3393, .T. ) ;
#964 = CARTESIAN_POINT ( 'NONE',  ( 0.09076164745440981618, 0.7399999999999997691, 0.07990182527109881971 ) ) ;
#965 = CARTESIAN_POINT ( 'NONE',  ( -0.2645833333333332260, 0.7399999999999999911, 0.1045823225286358904 ) ) ;
#966 = VERTEX_POINT ( 'NONE', #2586 ) ;
#967 = ORIENTED_EDGE ( 'NONE', *, *, #873, .F. ) ;
#968 = FILL_AREA_STYLE_COLOUR ( '', #1861 ) ;
#969 = DIRECTION ( 'NONE',  ( -0.000000000000000000, -0.000000000000000000, -1.000000000000000000 ) ) ;
#970 = B_SPLINE_CURVE_WITH_KNOTS ( 'NONE', 3,
 ( #1203, #290, #1185, #5194, #4670, #1308, #3419, #814, #384, #5549, #1714, #5571, #2169, #3455, #848 ),
 .UNSPECIFIED., .F., .F.,
 ( 4, 1, 1, 1, 1, 1, 1, 1, 1, 1, 1, 1, 4 ),
 ( 0.000000000000000000, 0.1227119423657788422, 0.2396849640167734719, 0.3518158552560948782, 0.4637661328620819590, 0.5208177931608305444, 0.5794482914480040270, 0.6406041451203190462, 0.7052975118059832127, 0.7736338807131352135, 0.8446693818863784120, 0.9200565080211456914, 1.000000000000000000 ),
 .UNSPECIFIED. ) ;
#971 = CARTESIAN_POINT ( 'NONE',  ( -0.4596141265515053531, 0.7599999999999998979, -0.001943854750242331219 ) ) ;
#972 = SURFACE_STYLE_FILL_AREA ( #4840 ) ;
#973 = CARTESIAN_POINT ( 'NONE',  ( 0.03763256534366801048, 0.7400000000000004352, -0.2020974803834064415 ) ) ;
#974 = ORIENTED_EDGE ( 'NONE', *, *, #342, .T. ) ;
#975 = ORIENTED_EDGE ( 'NONE', *, *, #3825, .T. ) ;
#976 = CARTESIAN_POINT ( 'NONE',  ( 0.08469069581237750888, 0.7599999999999998979, -0.2263294391008122963 ) ) ;
#977 = CARTESIAN_POINT ( 'NONE',  ( -0.3392094017094016145, 0.7399999999999999911, -0.1436765583474324537 ) ) ;
#978 = CARTESIAN_POINT ( 'NONE',  ( -0.5412437413150487098, 0.7599999999999997868, -0.1748164176988359075 ) ) ;
#979 = B_SPLINE_SURFACE_WITH_KNOTS ( 'NONE', 3, 1, ( 
 ( #2264, #130 ),
 ( #4432, #5294 ),
 ( #2661, #4448 ),
 ( #2286, #4869 ),
 ( #118, #3192 ),
 ( #2703, #3151 ),
 ( #577, #1876 ),
 ( #1018, #5310 ),
 ( #1452, #541 ),
 ( #3588, #3134 ),
 ( #3965, #3111 ) ),
 .UNSPECIFIED., .F., .F., .F.,
 ( 4, 1, 1, 1, 1, 1, 1, 1, 4 ),
 ( 2, 2 ),
 ( 0.000000000000000000, 0.1497703860319677949, 0.2913164099952441632, 0.4259663731047424462, 0.5521595739695280836, 0.6715274135235925757, 0.7861216286916586915, 0.8953250730704445104, 1.000000000000000000 ),
 ( 0.000000000000000000, 1.000000000000000000 ),
 .UNSPECIFIED. ) ;
#980 = LINE ( 'NONE', #867, #5247 ) ;
#981 = UNCERTAINTY_MEASURE_WITH_UNIT (LENGTH_MEASURE( 1.000000000000000082E-05 ), #5367, 'distance_accuracy_value', 'NONE');
#982 = CARTESIAN_POINT ( 'NONE',  ( -0.02974009371823580633, 0.7399999999999999911, -0.06003278712894006414 ) ) ;
#983 = CARTESIAN_POINT ( 'NONE',  ( -1.485000000000000098, -0.4399999999999996136, 17.26000000000000156 ) ) ;
#984 = ORIENTED_EDGE ( 'NONE', *, *, #4910, .T. ) ;
#985 = ADVANCED_FACE ( 'NONE', ( #2915 ), #4115, .T. ) ;
#986 = CARTESIAN_POINT ( 'NONE',  ( -0.2936259582975266347, 0.7399999999999999911, 0.01404382893790528247 ) ) ;
#987 = CARTESIAN_POINT ( 'NONE',  ( -0.1497843886582696515, 0.7400000000000001021, -0.2366789280546845731 ) ) ;
#988 = EDGE_LOOP ( 'NONE', ( #999, #2822, #1937, #5033 ) ) ;
#989 = CARTESIAN_POINT ( 'NONE',  ( 0.04211758745090658784, 0.7399999999999998801, 0.02068101806545180957 ) ) ;
#990 = B_SPLINE_SURFACE_WITH_KNOTS ( 'NONE', 3, 1, ( 
 ( #1446, #3642 ),
 ( #534, #1056 ),
 ( #3145, #4036 ),
 ( #2775, #5336 ),
 ( #4069, #4054 ),
 ( #551, #1465 ),
 ( #5290, #3585 ),
 ( #3206, #3996 ),
 ( #3603, #1000 ),
 ( #1905, #4460 ),
 ( #3186, #2257 ) ),
 .UNSPECIFIED., .F., .F., .F.,
 ( 4, 1, 1, 1, 1, 1, 1, 1, 4 ),
 ( 2, 2 ),
 ( 0.000000000000000000, 0.1281355097972547985, 0.2541727119019795422, 0.3781116451390017508, 0.5017122630072844425, 0.6239863093684847595, 0.7470956136177411278, 0.8728746366500621523, 1.000000000000000000 ),
 ( 0.000000000000000000, 1.000000000000000000 ),
 .UNSPECIFIED. ) ;
#991 = DIRECTION ( 'NONE',  ( 0.000000000000000000, 0.000000000000000000, -1.000000000000000000 ) ) ;
#992 = CARTESIAN_POINT ( 'NONE',  ( 0.5242141071989099288, 0.7600000000000000089, 0.1299580907682700015 ) ) ;
#993 = ORIENTED_EDGE ( 'NONE', *, *, #178, .F. ) ;
#994 = ORIENTED_EDGE ( 'NONE', *, *, #747, .F. ) ;
#995 = EDGE_CURVE ( 'NONE', #1108, #2719, #3793, .T. ) ;
#996 = CARTESIAN_POINT ( 'NONE',  ( 0.5271531077257577413, 0.7400000000000001021, 0.1104653665602181728 ) ) ;
#997 = CARTESIAN_POINT ( 'NONE',  ( -0.1678182539250330230, 0.7599999999999996758, 0.2253807708004602617 ) ) ;
#998 = CARTESIAN_POINT ( 'NONE',  ( 0.5714500836847038467, 0.7399999999999998801, 0.1299827022111741670 ) ) ;
#999 = ORIENTED_EDGE ( 'NONE', *, *, #1359, .F. ) ;
#1000 = CARTESIAN_POINT ( 'NONE',  ( -0.2649094737349608764, 0.7399999999999999911, 0.09178879451258591116 ) ) ;
#1001 = B_SPLINE_SURFACE_WITH_KNOTS ( 'NONE', 3, 1, ( 
 ( #4836, #4374 ),
 ( #3158, #2249 ),
 ( #92, #907 ),
 ( #5301, #3139 ),
 ( #2292, #5317 ),
 ( #37, #1787 ),
 ( #2206, #52 ) ),
 .UNSPECIFIED., .F., .F., .F.,
 ( 4, 1, 1, 1, 4 ),
 ( 2, 2 ),
 ( 0.000000000000000000, 0.2538796003266559631, 0.5030089172783633877, 0.7502910806899732998, 1.000000000000000000 ),
 ( 0.000000000000000000, 1.000000000000000000 ),
 .UNSPECIFIED. ) ;
#1002 = ORIENTED_EDGE ( 'NONE', *, *, #88, .T. ) ;
#1003 = DIRECTION ( 'NONE',  ( 1.000000000000000000, 0.000000000000000000, 0.000000000000000000 ) ) ;
#1004 = PLANE ( 'NONE',  #526 ) ;
#1005 = CARTESIAN_POINT ( 'NONE',  ( -0.4964264511210132458, 0.7400000000000007683, 0.2699729163189711900 ) ) ;
#1006 = CARTESIAN_POINT ( 'NONE',  ( -0.1395299022757394702, 0.7400000000000001021, -0.2458581913520234696 ) ) ;
#1007 = VECTOR ( 'NONE', #1136, 1000.000000000000000 ) ;
#1008 = VECTOR ( 'NONE', #1273, 1000.000000000000000 ) ;
#1009 = ORIENTED_EDGE ( 'NONE', *, *, #1546, .T. ) ;
#1010 = CARTESIAN_POINT ( 'NONE',  ( -0.5890302165040395277, 0.7599999999999997868, -0.1899645382592749510 ) ) ;
#1011 = CARTESIAN_POINT ( 'NONE',  ( 0.08469069581237750888, 0.7400000000000001021, -0.2263294391008122963 ) ) ;
#1012 = VECTOR ( 'NONE', #4953, 1000.000000000000000 ) ;
#1013 = DIRECTION ( 'NONE',  ( -0.000000000000000000, -1.000000000000000000, -0.000000000000000000 ) ) ;
#1014 = CARTESIAN_POINT ( 'NONE',  ( 0.09474062479654214719, 0.7400000000000002132, 0.1201308291806494205 ) ) ;
#1015 = CARTESIAN_POINT ( 'NONE',  ( 1.055000000000000160, -0.4399999999999996136, 2.530000000000000249 ) ) ;
#1016 = CARTESIAN_POINT ( 'NONE',  ( 0.2560460883409886867, 0.7600000000000001199, 0.1877480659917831474 ) ) ;
#1017 = VECTOR ( 'NONE', #4917, 1000.000000000000000 ) ;
#1018 = CARTESIAN_POINT ( 'NONE',  ( -0.1410492038215268862, 0.7599999999999998979, 0.1793579369062902606 ) ) ;
#1019 = CARTESIAN_POINT ( 'NONE',  ( -0.1967414529914529309, 0.7399999999999998801, -0.1452666024179452842 ) ) ;
#1020 = CARTESIAN_POINT ( 'NONE',  ( -0.3113396505688628690, 0.7599999999999998979, -0.2110996347335993839 ) ) ;
#1021 = LINE ( 'NONE', #5496, #1296 ) ;
#1022 = CARTESIAN_POINT ( 'NONE',  ( -0.09949752912269875516, 0.7599999999999997868, 0.2101693646850491815 ) ) ;
#1023 = VECTOR ( 'NONE', #4963, 1000.000000000000000 ) ;
#1024 = CARTESIAN_POINT ( 'NONE',  ( 0.2852558820349037627, 0.7399999999999998801, 0.08557234514723910390 ) ) ;
#1025 = CARTESIAN_POINT ( 'NONE',  ( -0.3397795621232160834, 0.7399999999999997691, -0.1324320779949745841 ) ) ;
#1026 = EDGE_CURVE ( 'NONE', #4756, #627, #5276, .T. ) ;
#1027 = CARTESIAN_POINT ( 'NONE',  ( -0.5636877049064435985, 0.7399999999999998801, 0.2358554495493987158 ) ) ;
#1028 = PRODUCT_CONTEXT ( 'NONE', #5349, 'mechanical' ) ;
#1029 = LINE ( 'NONE', #5463, #4325 ) ;
#1030 = VECTOR ( 'NONE', #4231, 1000.000000000000000 ) ;
#1031 = CARTESIAN_POINT ( 'NONE',  ( 2.044999999999999485, -0.5100000000000002309, -1.510000000000000009 ) ) ;
#1032 = CARTESIAN_POINT ( 'NONE',  ( -1.644999999999999574, -0.02999999999999967276, 2.530000000000000249 ) ) ;
#1033 = EDGE_CURVE ( 'NONE', #4070, #3824, #3859, .T. ) ;
#1034 = CARTESIAN_POINT ( 'NONE',  ( -1.054999999999999938, -0.4399999999999996136, 17.26000000000000156 ) ) ;
#1035 = ORIENTED_EDGE ( 'NONE', *, *, #4044, .T. ) ;
#1036 = EDGE_LOOP ( 'NONE', ( #3578, #2071, #2055, #2133 ) ) ;
#1037 = CARTESIAN_POINT ( 'NONE',  ( 0.2425822211889583635, 0.7399999999999998801, 0.1446920112895654087 ) ) ;
#1038 = CARTESIAN_POINT ( 'NONE',  ( -0.1618645343416919569, 0.7599999999999998979, 0.1427221491312525015 ) ) ;
#1039 = CARTESIAN_POINT ( 'NONE',  ( -0.2722775964428175710, 0.7399999999999997691, 0.05498397798048406532 ) ) ;
#1040 = DIRECTION ( 'NONE',  ( -0.000000000000000000, -1.000000000000000000, -0.000000000000000000 ) ) ;
#1041 = STYLED_ITEM ( 'NONE', ( #3406 ), #364 ) ;
#1042 = ORIENTED_EDGE ( 'NONE', *, *, #1493, .T. ) ;
#1043 = ORIENTED_EDGE ( 'NONE', *, *, #1074, .F. ) ;
#1044 = EDGE_CURVE ( 'NONE', #3942, #890, #3126, .T. ) ;
#1045 = CARTESIAN_POINT ( 'NONE',  ( 0.8950000000000005729, -1.346972987469858163, 2.020000000000000018 ) ) ;
#1046 = DIRECTION ( 'NONE',  ( 0.7071067811865464625, -0.7071067811865486830, -0.000000000000000000 ) ) ;
#1047 = CARTESIAN_POINT ( 'NONE',  ( 0.2849154188799662979, 0.7600000000000001199, 0.06267594459147368680 ) ) ;
#1048 = DIRECTION ( 'NONE',  ( 0.000000000000000000, 0.000000000000000000, -1.000000000000000000 ) ) ;
#1049 = CARTESIAN_POINT ( 'NONE',  ( 0.5290831896415274516, 0.7599999999999998979, 0.06408980409464209993 ) ) ;
#1050 = VERTEX_POINT ( 'NONE', #3849 ) ;
#1051 = VERTEX_POINT ( 'NONE', #4669 ) ;
#1052 = UNCERTAINTY_MEASURE_WITH_UNIT (LENGTH_MEASURE( 1.000000000000000082E-05 ), #2278, 'distance_accuracy_value', 'NONE');
#1053 = CARTESIAN_POINT ( 'NONE',  ( 0.06765115766445753409, 0.7599999999999997868, -0.1399152004083543122 ) ) ;
#1054 = FILL_AREA_STYLE ('',( #1923 ) ) ;
#1055 = ORIENTED_EDGE ( 'NONE', *, *, #2839, .T. ) ;
#1056 = CARTESIAN_POINT ( 'NONE',  ( -0.2936259582975266347, 0.7399999999999999911, 0.01404382893790528247 ) ) ;
#1057 = CARTESIAN_POINT ( 'NONE',  ( -0.2645833333333332260, 0.7399999999999999911, 0.1045823225286358904 ) ) ;
#1058 = ORIENTED_EDGE ( 'NONE', *, *, #2816, .T. ) ;
#1059 = CARTESIAN_POINT ( 'NONE',  ( 0.2768680096268353874, 0.7599999999999997868, 0.2192336811082546688 ) ) ;
#1060 = EDGE_CURVE ( 'NONE', #620, #1875, #1955, .T. ) ;
#1061 = CARTESIAN_POINT ( 'NONE',  ( -0.03975110176282044966, 0.7599999999999998979, 0.2210795514282085372 ) ) ;
#1062 = EDGE_LOOP ( 'NONE', ( #1124, #4332, #994, #762 ) ) ;
#1063 = CARTESIAN_POINT ( 'NONE',  ( -0.5352088341346152855, 0.7599999999999998979, 0.1924587581589777829 ) ) ;
#1064 = EDGE_LOOP ( 'NONE', ( #4496, #4746, #1890, #4987 ) ) ;
#1065 = PRODUCT_DEFINITION_FORMATION_WITH_SPECIFIED_SOURCE ( 'ANY', '', #486, .NOT_KNOWN. ) ;
#1066 = CARTESIAN_POINT ( 'NONE',  ( 0.06784188034188037841, 0.7599999999999998979, -0.1436765583474324537 ) ) ;
#1067 = CARTESIAN_POINT ( 'NONE',  ( -0.5358272081027574130, 0.7600000000000000089, -0.2541703004106560249 ) ) ;
#1068 = VECTOR ( 'NONE', #3593, 1000.000000000000000 ) ;
#1069 = CARTESIAN_POINT ( 'NONE',  ( -0.5746825640439903182, 0.7399999999999998801, -0.2151974692192349103 ) ) ;
#1070 = MECHANICAL_DESIGN_GEOMETRIC_PRESENTATION_REPRESENTATION (  '', ( #1881 ), #2218 ) ;
#1071 = CARTESIAN_POINT ( 'NONE',  ( 0.3416902132748656507, 0.7400000000000001021, 0.2635436738404903778 ) ) ;
#1072 = VECTOR ( 'NONE', #4441, 1000.000000000000000 ) ;
#1073 = VERTEX_POINT ( 'NONE', #383 ) ;
#1074 = EDGE_CURVE ( 'NONE', #1134, #5176, #4184, .T. ) ;
#1075 = CARTESIAN_POINT ( 'NONE',  ( -0.2917200854700853774, 0.7399999999999998801, -0.1434645524713640541 ) ) ;
#1076 = FACE_OUTER_BOUND ( 'NONE', #341, .T. ) ;
#1077 = EDGE_LOOP ( 'NONE', ( #1174, #4658, #5028, #1655 ) ) ;
#1078 = CARTESIAN_POINT ( 'NONE',  ( -0.05271979646632815597, 0.7600000000000002309, 0.2208842408357716558 ) ) ;
#1079 = CARTESIAN_POINT ( 'NONE',  ( -0.4597710785176102322, 0.7599999999999998979, 0.2208842408357715725 ) ) ;
#1080 = CARTESIAN_POINT ( 'NONE',  ( 0.2854140513966917370, 0.7399999999999998801, 0.09504463222005486711 ) ) ;
#1081 = EDGE_CURVE ( 'NONE', #3121, #4417, #3989, .T. ) ;
#1082 = VECTOR ( 'NONE', #446, 1000.000000000000000 ) ;
#1083 = CARTESIAN_POINT ( 'NONE',  ( -1.644999999999999574, -1.346972987469857941, 2.020000000000000018 ) ) ;
#1084 = CARTESIAN_POINT ( 'NONE',  ( -0.05637886472712834440, 0.7400000000000003242, -0.2260556148028440571 ) ) ;
#1085 = FACE_OUTER_BOUND ( 'NONE', #1686, .T. ) ;
#1086 = CARTESIAN_POINT ( 'NONE',  ( -0.6037927350427348960, 0.7599999999999998979, -0.1452666024179452842 ) ) ;
#1087 = CARTESIAN_POINT ( 'NONE',  ( -0.05738852607644963355, 0.7399999999999998801, 0.2749635032441701821 ) ) ;
#1088 = CARTESIAN_POINT ( 'NONE',  ( 0.2380251835252738535, 0.7399999999999998801, 0.08889935123210337964 ) ) ;
#1089 = FACE_OUTER_BOUND ( 'NONE', #2512, .T. ) ;
#1090 = CARTESIAN_POINT ( 'NONE',  ( -0.4462723691239315338, 0.7399999999999997691, -0.2809503631017059022 ) ) ;
#1091 = CARTESIAN_POINT ( 'NONE',  ( -0.5766559829059827447, 0.7599999999999998979, 0.1193167309153880390 ) ) ;
#1092 = VECTOR ( 'NONE', #3275, 1000.000000000000000 ) ;
#1093 = CARTESIAN_POINT ( 'NONE',  ( -0.3157173159530506923, 0.7399999999999995470, -0.06839962275228257671 ) ) ;
#1094 = CARTESIAN_POINT ( 'NONE',  ( 0.05806506187396250074, 0.7399999999999999911, 0.1877794718165550769 ) ) ;
#1095 = ORIENTED_EDGE ( 'NONE', *, *, #3795, .F. ) ;
#1096 = ORIENTED_EDGE ( 'NONE', *, *, #881, .F. ) ;
#1097 = CARTESIAN_POINT ( 'NONE',  ( -0.1445798881090739896, 0.7400000000000003242, -0.1558226490891563842 ) ) ;
#1098 = CARTESIAN_POINT ( 'NONE',  ( -0.4873953320386322230, 0.7599999999999996758, -0.2761601940416539835 ) ) ;
#1099 = CARTESIAN_POINT ( 'NONE',  ( -0.1929397645006924733, 0.7599999999999997868, -0.1610069080875716763 ) ) ;
#1100 = ORIENTED_EDGE ( 'NONE', *, *, #5575, .F. ) ;
#1101 = EDGE_LOOP ( 'NONE', ( #974, #1596, #5321, #1987 ) ) ;
#1102 =( NAMED_UNIT ( * ) SI_UNIT ( $, .STERADIAN. ) SOLID_ANGLE_UNIT ( ) );
#1103 = CARTESIAN_POINT ( 'NONE',  ( -0.04625656709561524332, 0.7399999999999998801, 0.2752217901257265065 ) ) ;
#1104 = AXIS2_PLACEMENT_3D ( 'NONE', #4994, #5391, #2829 ) ;
#1105 = VECTOR ( 'NONE', #5114, 1000.000000000000000 ) ;
#1106 = CARTESIAN_POINT ( 'NONE',  ( -0.3561270256295333003, 0.7600000000000003419, -0.1893484797676606712 ) ) ;
#1107 = CARTESIAN_POINT ( 'NONE',  ( -0.4257026397985088084, 0.7599999999999998979, -0.2803293322369314611 ) ) ;
#1108 = VERTEX_POINT ( 'NONE', #1277 ) ;
#1109 = EDGE_LOOP ( 'NONE', ( #2949, #1512, #3882, #2810 ) ) ;
#1110 = CARTESIAN_POINT ( 'NONE',  ( -0.3162896345968721490, 0.7599999999999997868, 0.07990182527109881971 ) ) ;
#1111 = ADVANCED_FACE ( 'NONE', ( #1487 ), #5213, .F. ) ;
#1113 = CARTESIAN_POINT ( 'NONE',  ( 0.08064892740171779317, 0.7399999999999998801, -0.05605251782456326798 ) ) ;
#1112 = LINE ( 'NONE', #326, #3292 ) ;
#1114 = ORIENTED_EDGE ( 'NONE', *, *, #3378, .T. ) ;
#1115 = EDGE_CURVE ( 'NONE', #103, #4096, #743, .T. ) ;
#1116 = ORIENTED_EDGE ( 'NONE', *, *, #1313, .T. ) ;
#1117 = CARTESIAN_POINT ( 'NONE',  ( -1.594999999999999529, -1.346972987469857941, 2.020000000000000018 ) ) ;
#1118 = DIRECTION ( 'NONE',  ( 0.000000000000000000, -0.000000000000000000, 1.000000000000000000 ) ) ;
#1119 = CARTESIAN_POINT ( 'NONE',  ( -0.1819789344527575348, 0.7600000000000000089, -0.1899645382592749510 ) ) ;
#1120 = DIRECTION ( 'NONE',  ( 1.000000000000000000, -0.000000000000000000, 0.000000000000000000 ) ) ;
#1121 = CYLINDRICAL_SURFACE ( 'NONE', #2688, 0.2500000000000000000 ) ;
#1122 = UNCERTAINTY_MEASURE_WITH_UNIT (LENGTH_MEASURE( 1.000000000000000082E-05 ), #71, 'distance_accuracy_value', 'NONE');
#1123 = ORIENTED_EDGE ( 'NONE', *, *, #1692, .F. ) ;
#1124 = ORIENTED_EDGE ( 'NONE', *, *, #3718, .F. ) ;
#1125 = PLANE ( 'NONE',  #548 ) ;
#1126 = CARTESIAN_POINT ( 'NONE',  ( 0.2444003316662060332, 0.7399999999999998801, 0.1548046113452772599 ) ) ;
#1127 = ORIENTED_EDGE ( 'NONE', *, *, #4434, .T. ) ;
#1128 = ORIENTED_EDGE ( 'NONE', *, *, #2839, .F. ) ;
#1129 = CARTESIAN_POINT ( 'NONE',  ( 0.5766559829059829667, 0.7600000000000000089, 0.05221687113974701755 ) ) ;
#1130 = CARTESIAN_POINT ( 'NONE',  ( -0.1410492038215268862, 0.7599999999999998979, 0.1793579369062902606 ) ) ;
#1131 = CARTESIAN_POINT ( 'NONE',  ( -0.3973187565858821158, 0.7600000000000000089, 0.007406389022562460782 ) ) ;
#1132 = EDGE_LOOP ( 'NONE', ( #4086, #281, #5243, #4771 ) ) ;
#1133 = CARTESIAN_POINT ( 'NONE',  ( -0.1394606251139236808, 0.7599999999999996758, -0.1656809325133725141 ) ) ;
#1134 = VERTEX_POINT ( 'NONE', #1262 ) ;
#1135 = PRODUCT_DEFINITION ( 'UNKNOWN', '', #1065, #1900 ) ;
#1136 = DIRECTION ( 'NONE',  ( -0.000000000000000000, -0.000000000000000000, -1.000000000000000000 ) ) ;
#1137 = PLANE ( 'NONE',  #1448 ) ;
#1138 = DIRECTION ( 'NONE',  ( -0.000000000000000000, -1.000000000000000000, -0.000000000000000000 ) ) ;
#1139 = CARTESIAN_POINT ( 'NONE',  ( -0.5849619121396804067, 0.7400000000000001021, 0.2136092300077266359 ) ) ;
#1140 = CARTESIAN_POINT ( 'NONE',  ( 0.4477713774297432670, 0.7600000000000000089, 0.2149748813682301196 ) ) ;
#1141 = FACE_OUTER_BOUND ( 'NONE', #4677, .T. ) ;
#1142 = ADVANCED_FACE ( 'NONE', ( #4517 ), #3024, .T. ) ;
#1143 = EDGE_CURVE ( 'NONE', #3153, #5151, #2046, .T. ) ;
#1144 = CARTESIAN_POINT ( 'NONE',  ( -0.3862736957643642111, 0.7599999999999997868, -0.2706018021871384183 ) ) ;
#1145 = CARTESIAN_POINT ( 'NONE',  ( -0.3249999999999994560, -1.346972987469857941, 2.070000000000000284 ) ) ;
#1146 = LINE ( 'NONE', #4183, #670 ) ;
#1147 = ORIENTED_EDGE ( 'NONE', *, *, #1343, .T. ) ;
#1148 = CARTESIAN_POINT ( 'NONE',  ( -0.1870818130689282932, 0.7399999999999997691, 0.2007584320339496076 ) ) ;
#1149 = B_SPLINE_CURVE_WITH_KNOTS ( 'NONE', 3,
 ( #607, #2398, #4072, #1925, #199, #2346, #3261, #3650, #3298, #5375, #655 ),
 .UNSPECIFIED., .F., .F.,
 ( 4, 1, 1, 1, 1, 1, 1, 1, 4 ),
 ( 0.000000000000000000, 0.1281355097972547985, 0.2541727119019795422, 0.3781116451390017508, 0.5017122630072844425, 0.6239863093684847595, 0.7470956136177411278, 0.8728746366500621523, 1.000000000000000000 ),
 .UNSPECIFIED. ) ;
#1150 = CARTESIAN_POINT ( 'NONE',  ( 0.09497863247863254366, 0.7599999999999998979, 0.1091404488641059822 ) ) ;
#1151 = CARTESIAN_POINT ( 'NONE',  ( 0.5765425822224061747, 0.7600000000000000089, 0.06921819208621590724 ) ) ;
#1152 = EDGE_CURVE ( 'NONE', #1880, #213, #1839, .T. ) ;
#1153 = EDGE_CURVE ( 'NONE', #552, #5122, #2777, .T. ) ;
#1154 = CARTESIAN_POINT ( 'NONE',  ( -0.6241452991452990373, 0.7599999999999998979, 0.1193167309153880390 ) ) ;
#1155 = CARTESIAN_POINT ( 'NONE',  ( -0.1226838926000444474, 0.7600000000000000089, -0.1906196272398752167 ) ) ;
#1156 = CARTESIAN_POINT ( 'NONE',  ( -0.2922402650963820681, 0.7399999999999997691, -0.1269207842041939760 ) ) ;
#1157 = AXIS2_PLACEMENT_3D ( 'NONE', #3451, #3967, #2746 ) ;
#1158 = CARTESIAN_POINT ( 'NONE',  ( 0.3050699335344709828, 0.7400000000000003242, 0.1722255925683724709 ) ) ;
#1159 = VECTOR ( 'NONE', #1730, 1000.000000000000000 ) ;
#1160 = CARTESIAN_POINT ( 'NONE',  ( -0.2917200854700853774, 0.7599999999999998979, -0.1434645524713640541 ) ) ;
#1161 = CARTESIAN_POINT ( 'NONE',  ( 0.5223978731832618072, 0.7599999999999998979, 0.1363420577744440809 ) ) ;
#1162 = FILL_AREA_STYLE_COLOUR ( '', #3731 ) ;
#1163 = FACE_OUTER_BOUND ( 'NONE', #3506, .T. ) ;
#1164 = VERTEX_POINT ( 'NONE', #4315 ) ;
#1165 = CARTESIAN_POINT ( 'NONE',  ( -0.1287759260514753090, 0.7600000000000000089, -0.2541703004106559693 ) ) ;
#1166 = PLANE ( 'NONE',  #1252 ) ;
#1167 = FACE_OUTER_BOUND ( 'NONE', #3102, .T. ) ;
#1168 = FACE_OUTER_BOUND ( 'NONE', #988, .T. ) ;
#1169 = CARTESIAN_POINT ( 'NONE',  ( -0.4392561562086764182, 0.7400000000000001021, 0.2751111706970923443 ) ) ;
#1170 = CARTESIAN_POINT ( 'NONE',  ( -0.3000390773949171974, 0.7600000000000000089, 0.005776318033700902216 ) ) ;
#1171 = DIRECTION ( 'NONE',  ( -0.000000000000000000, -1.000000000000000000, -0.000000000000000000 ) ) ;
#1172 = ADVANCED_FACE ( 'NONE', ( #5219 ), #4272, .T. ) ;
#1173 = CARTESIAN_POINT ( 'NONE',  ( 0.09133396609823121737, 0.7399999999999995470, -0.06839962275228257671 ) ) ;
#1174 = ORIENTED_EDGE ( 'NONE', *, *, #4524, .F. ) ;
#1175 = ORIENTED_EDGE ( 'NONE', *, *, #358, .F. ) ;
#1176 = CARTESIAN_POINT ( 'NONE',  ( 0.08589820958071871237, 0.7599999999999997868, 0.1513684937088689286 ) ) ;
#1177 = CARTESIAN_POINT ( 'NONE',  ( -0.2922402650963820681, 0.7599999999999997868, -0.1269207842041939760 ) ) ;
#1178 = EDGE_CURVE ( 'NONE', #2658, #5424, #2357, .T. ) ;
#1179 = DIRECTION ( 'NONE',  ( 0.000000000000000000, 0.000000000000000000, 1.000000000000000000 ) ) ;
#1180 = ORIENTED_EDGE ( 'NONE', *, *, #2883, .T. ) ;
#1181 = VERTEX_POINT ( 'NONE', #3091 ) ;
#1182 = LINE ( 'NONE', #3734, #1105 ) ;
#1183 = CARTESIAN_POINT ( 'NONE',  ( -0.3113396505688628690, 0.7399999999999998801, -0.2110996347335993839 ) ) ;
#1184 = CARTESIAN_POINT ( 'NONE',  ( -0.2646924319422954142, 0.7599999999999998979, 0.1003027052125861213 ) ) ;
#1185 = CARTESIAN_POINT ( 'NONE',  ( -0.05637886472712834440, 0.7399999999999999911, -0.2260556148028440571 ) ) ;
#1186 = ORIENTED_EDGE ( 'NONE', *, *, #4465, .T. ) ;
#1187 = B_SPLINE_CURVE_WITH_KNOTS ( 'NONE', 3,
 ( #397, #5105, #5146, #2935, #770, #1213, #3449, #839, #4627, #5084, #319 ),
 .UNSPECIFIED., .F., .F.,
 ( 4, 1, 1, 1, 1, 1, 1, 1, 4 ),
 ( 0.000000000000000000, 0.1280675485958904791, 0.2506083188676686557, 0.3706301659145031513, 0.4900722467299490348, 0.6103747641546201086, 0.7343130699115257842, 0.8632165042449895243, 1.000000000000000000 ),
 .UNSPECIFIED. ) ;
#1188 = CARTESIAN_POINT ( 'NONE',  ( 0.5633329460030380709, 0.7599999999999996758, 0.1667960982414415094 ) ) ;
#1189 = ORIENTED_EDGE ( 'NONE', *, *, #1193, .F. ) ;
#1190 = DIRECTION ( 'NONE',  ( 0.000000000000000000, 0.000000000000000000, -1.000000000000000000 ) ) ;
#1191 = EDGE_LOOP ( 'NONE', ( #3675, #3678, #3278, #142 ) ) ;
#1192 = CARTESIAN_POINT ( 'NONE',  ( -0.4748931623931622603, 0.7399999999999998801, -0.002798653699996567993 ) ) ;
#1193 = EDGE_CURVE ( 'NONE', #522, #2453, #3536, .T. ) ;
#1194 = ORIENTED_EDGE ( 'NONE', *, *, #3073, .T. ) ;
#1195 = CARTESIAN_POINT ( 'NONE',  ( -0.8949999999999997957, -0.02999999999999967276, 2.020000000000000018 ) ) ;
#1196 = CARTESIAN_POINT ( 'NONE',  ( -0.1676312819927083531, 0.7599999999999998979, -0.2151974692192348548 ) ) ;
#1197 = CARTESIAN_POINT ( 'NONE',  ( 0.06765115766445753409, 0.7399999999999997691, -0.1399152004083543122 ) ) ;
#1198 = ADVANCED_FACE ( 'NONE', ( #3330 ), #1797, .T. ) ;
#1199 = ORIENTED_EDGE ( 'NONE', *, *, #448, .F. ) ;
#1200 = CARTESIAN_POINT ( 'NONE',  ( 0.008383320655371008859, 0.7399999999999998801, 0.2701985584265108598 ) ) ;
#1201 = CARTESIAN_POINT ( 'NONE',  ( -0.2961722088675212694, 0.7599999999999998979, 0.01055771649231113454 ) ) ;
#1202 = VERTEX_POINT ( 'NONE', #165 ) ;
#1203 = CARTESIAN_POINT ( 'NONE',  ( -0.03858506944444438369, 0.7399999999999996581, -0.2266768588282016827 ) ) ;
#1204 = CARTESIAN_POINT ( 'NONE',  ( -0.1492521367521366937, 0.7599999999999998979, -0.1452666024179452842 ) ) ;
#1205 = DIRECTION ( 'NONE',  ( 0.000000000000000000, 0.000000000000000000, 1.000000000000000000 ) ) ;
#1206 = VECTOR ( 'NONE', #3908, 1000.000000000000000 ) ;
#1207 = CARTESIAN_POINT ( 'NONE',  ( 0.5261693830498057611, 0.7599999999999997868, 0.1187641156361644162 ) ) ;
#1208 = DIRECTION ( 'NONE',  ( -0.7071067811865464625, 0.7071067811865486830, -0.000000000000000000 ) ) ;
#1209 = CARTESIAN_POINT ( 'NONE',  ( 0.1186631070424207651, 0.7399999999999997691, 0.1903940432972665575 ) ) ;
#1210 = CARTESIAN_POINT ( 'NONE',  ( 0.3250000000000002887, -1.346972987469857941, 2.070000000000000284 ) ) ;
#1211 = SURFACE_STYLE_FILL_AREA ( #1424 ) ;
#1212 = ORIENTED_EDGE ( 'NONE', *, *, #652, .F. ) ;
#1213 = CARTESIAN_POINT ( 'NONE',  ( 0.1001546528607497877, 0.7600000000000003419, -0.08166278305887164635 ) ) ;
#1214 = DIRECTION ( 'NONE',  ( -0.000000000000000000, -1.000000000000000000, -0.000000000000000000 ) ) ;
#1215 = LINE ( 'NONE', #1830, #455 ) ;
#1216 = EDGE_CURVE ( 'NONE', #1050, #890, #2157, .T. ) ;
#1217 = EDGE_CURVE ( 'NONE', #1381, #1962, #2221, .T. ) ;
#1218 = CARTESIAN_POINT ( 'NONE',  ( 0.06372040064355821709, 0.7600000000000003419, -0.1677561313120305431 ) ) ;
#1219 = CARTESIAN_POINT ( 'NONE',  ( -0.1819789344527575348, 0.7400000000000002132, -0.1899645382592749510 ) ) ;
#1220 = CARTESIAN_POINT ( 'NONE',  ( 1.595000000000000417, -0.4399999999999996136, 2.530000000000000249 ) ) ;
#1221 = B_SPLINE_CURVE_WITH_KNOTS ( 'NONE', 3,
 ( #2872, #712, #1156, #2895, #4234, #3898, #2988, #784, #2125, #2526, #3466 ),
 .UNSPECIFIED., .F., .F.,
 ( 4, 1, 1, 1, 1, 1, 1, 1, 4 ),
 ( 0.000000000000000000, 0.1280675485958904791, 0.2506083188676686557, 0.3706301659145031513, 0.4900722467299490348, 0.6103747641546201086, 0.7343130699115257842, 0.8632165042449895243, 1.000000000000000000 ),
 .UNSPECIFIED. ) ;
#1222 = CARTESIAN_POINT ( 'NONE',  ( -0.02449188337278550634, 0.7599999999999998979, 0.0008980509632965237750 ) ) ;
#1223 = AXIS2_PLACEMENT_3D ( 'NONE', #1376, #519, #2682 ) ;
#1224 = CARTESIAN_POINT ( 'NONE',  ( 0.5432013521325206318, 0.7599999999999997868, 0.2079073040115761717 ) ) ;
#1225 = UNCERTAINTY_MEASURE_WITH_UNIT (LENGTH_MEASURE( 1.000000000000000082E-05 ), #3881, 'distance_accuracy_value', 'NONE');
#1226 = CARTESIAN_POINT ( 'NONE',  ( -0.3249999999999994560, -0.02999999999999967276, 2.020000000000000018 ) ) ;
#1227 = EDGE_CURVE ( 'NONE', #3686, #280, #2003, .T. ) ;
#1228 = CARTESIAN_POINT ( 'NONE',  ( 0.5237605168269229283, 0.7599999999999998979, 0.1318250776034222138 ) ) ;
#1229 = VECTOR ( 'NONE', #3423, 1000.000000000000000 ) ;
#1230 = ADVANCED_FACE ( 'NONE', ( #938 ), #674, .T. ) ;
#1231 = ORIENTED_EDGE ( 'NONE', *, *, #3256, .F. ) ;
#1232 = CARTESIAN_POINT ( 'NONE',  ( -0.5082237902568489396, 0.7600000000000000089, -0.2098609805413381990 ) ) ;
#1233 =( NAMED_UNIT ( * ) PLANE_ANGLE_UNIT ( ) SI_UNIT ( $, .RADIAN. ) );
#1234 = CARTESIAN_POINT ( 'NONE',  ( -0.3771831271803968710, 0.7399999999999999911, 0.01446880453850871509 ) ) ;
#1235 = AXIS2_PLACEMENT_3D ( 'NONE', #4969, #2821, #3212 ) ;
#1236 = CARTESIAN_POINT ( 'NONE',  ( 0.3793151956018411819, 0.7400000000000003242, 0.2178370492979512241 ) ) ;
#1237 = VECTOR ( 'NONE', #132, 1000.000000000000000 ) ;
#1238 = VECTOR ( 'NONE', #5342, 1000.000000000000000 ) ;
#1239 = EDGE_LOOP ( 'NONE', ( #4672, #5559, #5125, #2014 ) ) ;
#1240 = CARTESIAN_POINT ( 'NONE',  ( -0.3749999999999994449, -1.346972987469857941, 2.530000000000000249 ) ) ;
#1241 = EDGE_CURVE ( 'NONE', #3373, #1809, #2088, .T. ) ;
#1242 = DIRECTION ( 'NONE',  ( -1.000000000000000000, 0.000000000000000000, 0.000000000000000000 ) ) ;
#1243 = ORIENTED_EDGE ( 'NONE', *, *, #1764, .T. ) ;
#1244 = ORIENTED_EDGE ( 'NONE', *, *, #3396, .F. ) ;
#1245 = CARTESIAN_POINT ( 'NONE',  ( -1.054999999999999938, -0.02999999999999967276, 2.020000000000000906 ) ) ;
#1246 = DIRECTION ( 'NONE',  ( -0.000000000000000000, -1.000000000000000000, -0.000000000000000000 ) ) ;
#1247 = ORIENTED_EDGE ( 'NONE', *, *, #2253, .T. ) ;
#1248 = VERTEX_POINT ( 'NONE', #1952 ) ;
#1249 = CARTESIAN_POINT ( 'NONE',  ( -0.4393655735959141051, 0.7399999999999999911, -0.2807418366241949403 ) ) ;
#1250 = CARTESIAN_POINT ( 'NONE',  ( -0.5171262746831958301, 0.7399999999999998801, -0.2030951411376782367 ) ) ;
#1251 = FACE_OUTER_BOUND ( 'NONE', #1101, .T. ) ;
#1252 = AXIS2_PLACEMENT_3D ( 'NONE', #1204, #3401, #3773 ) ;
#1253 = CARTESIAN_POINT ( 'NONE',  ( -1.485000000000000098, -0.4399999999999996136, 2.020000000000000906 ) ) ;
#1254 = EDGE_LOOP ( 'NONE', ( #13, #4204, #311, #635 ) ) ;
#1255 = ORIENTED_EDGE ( 'NONE', *, *, #537, .T. ) ;
#1256 = CARTESIAN_POINT ( 'NONE',  ( -0.5547158413527034648, 0.7399999999999998801, -0.1488534281509453217 ) ) ;
#1257 = CARTESIAN_POINT ( 'NONE',  ( -0.2149999999999999134, -0.02999999999999967276, 1.510000000000000009 ) ) ;
#1258 = CARTESIAN_POINT ( 'NONE',  ( -0.3749999999999994449, -0.02999999999999967276, 2.020000000000000018 ) ) ;
#1259 = EDGE_CURVE ( 'NONE', #3547, #1656, #777, .T. ) ;
#1260 = ADVANCED_FACE ( 'NONE', ( #1899 ), #1838, .F. ) ;
#1261 = CARTESIAN_POINT ( 'NONE',  ( 0.3250000000000002887, -0.4399999999999996136, 2.020000000000000018 ) ) ;
#1262 = CARTESIAN_POINT ( 'NONE',  ( 1.055000000000000160, -0.4399999999999996136, 17.26000000000000156 ) ) ;
#1263 = CARTESIAN_POINT ( 'NONE',  ( -0.2688646427662932936, 0.7399999999999998801, 0.06693906457532636245 ) ) ;
#1264 = DIRECTION ( 'NONE',  ( -0.000000000000000000, 1.000000000000000000, -0.000000000000000000 ) ) ;
#1265 = B_SPLINE_CURVE_WITH_KNOTS ( 'NONE', 3,
 ( #416, #2559, #5204, #337, #3391, #3815, #3878, #3858, #4294, #1234, #4660, #1272, #1721, #373, #5145, #5530, #2967, #352, #3410 ),
 .UNSPECIFIED., .F., .F.,
 ( 4, 1, 1, 1, 1, 1, 1, 1, 1, 1, 1, 1, 1, 1, 1, 1, 4 ),
 ( 0.000000000000000000, 0.06690918560565653483, 0.1334854404229653957, 0.2010351165700815235, 0.2712343400187638420, 0.3428799841615842725, 0.4138361296100205311, 0.4859766219744202642, 0.5602295572555486824, 0.5998841807523909164, 0.6440548396425964661, 0.6918919315842544382, 0.7446875244737720667, 0.8014917751698764636, 0.8628576982200922840, 0.9293283793947431093, 1.000000000000000000 ),
 .UNSPECIFIED. ) ;
#1266 = CARTESIAN_POINT ( 'NONE',  ( 0.5432013521325206318, 0.7400000000000004352, 0.2079073040115761717 ) ) ;
#1267 = CARTESIAN_POINT ( 'NONE',  ( -0.3013705245579297309, 0.7599999999999997868, 0.2095015532818353399 ) ) ;
#1268 = ORIENTED_EDGE ( 'NONE', *, *, #1193, .T. ) ;
#1269 = CARTESIAN_POINT ( 'NONE',  ( 0.5261693830498057611, 0.7399999999999997691, 0.1187641156361644162 ) ) ;
#1270 = ORIENTED_EDGE ( 'NONE', *, *, #2707, .F. ) ;
#1271 = CARTESIAN_POINT ( 'NONE',  ( 0.07250295506628556819, 0.7599999999999998979, 0.2412931175657499483 ) ) ;
#1272 = CARTESIAN_POINT ( 'NONE',  ( -0.3973187565858821158, 0.7399999999999999911, 0.007406389022562460782 ) ) ;
#1273 = DIRECTION ( 'NONE',  ( -2.125886612716675327E-16, -0.000000000000000000, -1.000000000000000000 ) ) ;
#1274 = CARTESIAN_POINT ( 'NONE',  ( 0.8950000000000005729, -1.346972987469858163, 2.530000000000000249 ) ) ;
#1275 = ORIENTED_EDGE ( 'NONE', *, *, #5250, .T. ) ;
#1276 = VERTEX_POINT ( 'NONE', #3105 ) ;
#1277 = CARTESIAN_POINT ( 'NONE',  ( -1.795000000000000373, -0.7600000000000001199, -1.510000000000000009 ) ) ;
#1278 = DIRECTION ( 'NONE',  ( -0.000000000000000000, 1.000000000000000000, -0.000000000000000000 ) ) ;
#1279 = VECTOR ( 'NONE', #3463, 1000.000000000000000 ) ;
#1280 = CARTESIAN_POINT ( 'NONE',  ( 1.645000000000000462, -0.4399999999999996136, 2.020000000000000018 ) ) ;
#1281 = LINE ( 'NONE', #5431, #113 ) ;
#1282 = VERTEX_POINT ( 'NONE', #3124 ) ;
#1283 = ADVANCED_FACE ( 'NONE', ( #3057 ), #4793, .T. ) ;
#1284 = CARTESIAN_POINT ( 'NONE',  ( -0.5465119071652057015, 0.7399999999999996581, -0.1656809325133725141 ) ) ;
#1285 = CARTESIAN_POINT ( 'NONE',  ( 0.1001546528607497877, 0.7400000000000004352, -0.08166278305887164635 ) ) ;
#1286 = EDGE_CURVE ( 'NONE', #5188, #3656, #2497, .T. ) ;
#1287 = CARTESIAN_POINT ( 'NONE',  ( 0.03130010658825321812, 0.7399999999999998801, 0.2633863021866138521 ) ) ;
#1288 = DIRECTION ( 'NONE',  ( -0.000000000000000000, -0.000000000000000000, -1.000000000000000000 ) ) ;
#1289 = FACE_OUTER_BOUND ( 'NONE', #35, .T. ) ;
#1290 = CARTESIAN_POINT ( 'NONE',  ( -0.4367913757695178756, 0.7600000000000000089, -0.06003278712894006414 ) ) ;
#1291 = CARTESIAN_POINT ( 'NONE',  ( -0.5517135777691093423, 0.7599999999999997868, 0.2452192181820575245 ) ) ;
#1292 = CARTESIAN_POINT ( 'NONE',  ( 0.2374465811965811302, 0.7399999999999999911, 0.05221687113974701755 ) ) ;
#1293 = CARTESIAN_POINT ( 'NONE',  ( -0.03975110176282044966, 0.7599999999999998979, 0.2210795514282085372 ) ) ;
#1294 = CARTESIAN_POINT ( 'NONE',  ( -0.5563034188034187144, 0.7599999999999998979, -0.1452666024179452842 ) ) ;
#1295 = CARTESIAN_POINT ( 'NONE',  ( 0.5495535675132280362, 0.7399999999999998801, 0.1981845304068088898 ) ) ;
#1296 = VECTOR ( 'NONE', #3337, 1000.000000000000000 ) ;
#1297 = B_SPLINE_CURVE_WITH_KNOTS ( 'NONE', 3,
 ( #4045, #4948, #4470, #4911, #2353, #4093, #4968, #2368, #5397, #661, #3692, #3340, #5409, #1176, #4168, #3764, #3325, #3728, #1960 ),
 .UNSPECIFIED., .F., .F.,
 ( 4, 1, 1, 1, 1, 1, 1, 1, 1, 1, 1, 1, 1, 1, 1, 1, 4 ),
 ( 0.000000000000000000, 0.07607173695556468385, 0.1487517145745115843, 0.2184027938458452112, 0.2857595810623857480, 0.3505980236748785783, 0.4149640445981283010, 0.4780693385717816879, 0.5417606760069072491, 0.6043498585387178101, 0.6640750210708964429, 0.7214636230801987349, 0.7775871282364448245, 0.8326444469271313542, 0.8878435110684598230, 0.9434603426519471148, 1.000000000000000000 ),
 .UNSPECIFIED. ) ;
#1298 = ORIENTED_EDGE ( 'NONE', *, *, #4501, .T. ) ;
#1299 = CARTESIAN_POINT ( 'NONE',  ( 0.3944407412598218143, 0.7600000000000000089, 0.2206006448589536983 ) ) ;
#1300 = EDGE_CURVE ( 'NONE', #3290, #3883, #3201, .T. ) ;
#1301 = CARTESIAN_POINT ( 'NONE',  ( -0.4723409363428386909, 0.7599999999999998979, 0.2194194815969775225 ) ) ;
#1302 = PRESENTATION_STYLE_ASSIGNMENT (( #4068 ) ) ;
#1303 = PLANE ( 'NONE',  #5205 ) ;
#1304 = AXIS2_PLACEMENT_3D ( 'NONE', #2528, #5531, #2989 ) ;
#1305 = VERTEX_POINT ( 'NONE', #488 ) ;
#1306 = DIRECTION ( 'NONE',  ( -0.000000000000000000, 1.000000000000000000, -0.000000000000000000 ) ) ;
#1307 = CARTESIAN_POINT ( 'NONE',  ( -0.1349760116385408659, 0.7399999999999997691, 0.1864813067641982458 ) ) ;
#1308 = CARTESIAN_POINT ( 'NONE',  ( -0.1011725082055670438, 0.7399999999999999911, -0.2098609805413381713 ) ) ;
#1309 = DIRECTION ( 'NONE',  ( 0.000000000000000000, 0.000000000000000000, -1.000000000000000000 ) ) ;
#1310 = VERTEX_POINT ( 'NONE', #4033 ) ;
#1311 = ORIENTED_EDGE ( 'NONE', *, *, #2513, .F. ) ;
#1312 = COLOUR_RGB ( '',0.2509803921568627416, 0.2509803921568627416, 0.2509803921568627416 ) ;
#1313 = EDGE_CURVE ( 'NONE', #653, #1641, #4996, .T. ) ;
#1314 = ORIENTED_EDGE ( 'NONE', *, *, #1658, .F. ) ;
#1315 = CARTESIAN_POINT ( 'NONE',  ( 0.5290831896415274516, 0.7399999999999998801, 0.06408980409464209993 ) ) ;
#1316 = DIRECTION ( 'NONE',  ( 1.000000000000000000, -0.000000000000000000, 0.000000000000000000 ) ) ;
#1317 = DIRECTION ( 'NONE',  ( -1.000000000000000000, 0.000000000000000000, 0.000000000000000000 ) ) ;
#1318 = LINE ( 'NONE', #790, #4895 ) ;
#1319 = EDGE_LOOP ( 'NONE', ( #1367, #2424, #1867, #375, #3937, #967, #2753, #2815, #2601, #3951, #3626, #5198, #1651, #2067, #1624, #4651 ) ) ;
#1320 = ORIENTED_EDGE ( 'NONE', *, *, #5082, .F. ) ;
#1321 = CARTESIAN_POINT ( 'NONE',  ( -0.4456363514957264460, 0.7399999999999998801, -0.2266768588282016827 ) ) ;
#1322 = CARTESIAN_POINT ( 'NONE',  ( -0.3623210122194123750, 0.7599999999999996758, -0.1959470034983551157 ) ) ;
#1323 = EDGE_CURVE ( 'NONE', #1400, #2044, #3926, .T. ) ;
#1324 = VECTOR ( 'NONE', #1317, 1000.000000000000000 ) ;
#1325 = CARTESIAN_POINT ( 'NONE',  ( -0.3749999999999994449, -0.4399999999999996136, 2.020000000000000018 ) ) ;
#1326 = CARTESIAN_POINT ( 'NONE',  ( 0.07250295506628556819, 0.7599999999999998979, 0.2412931175657499483 ) ) ;
#1327 = ORIENTED_EDGE ( 'NONE', *, *, #5015, .F. ) ;
#1328 = PLANE ( 'NONE',  #4915 ) ;
#1329 = CARTESIAN_POINT ( 'NONE',  ( 0.4526802325772174007, 0.7399999999999999911, 0.2709761586097823582 ) ) ;
#1330 = CARTESIAN_POINT ( 'NONE',  ( -0.4045956790869197905, 0.7599999999999998979, 0.2166910399578946267 ) ) ;
#1331 = SURFACE_SIDE_STYLE ('',( #4616 ) ) ;
#1332 = EDGE_CURVE ( 'NONE', #3903, #4478, #4381, .T. ) ;
#1333 = CARTESIAN_POINT ( 'NONE',  ( -0.3120726495726494631, 0.7399999999999998801, 0.1091404488641059822 ) ) ;
#1334 = ORIENTED_EDGE ( 'NONE', *, *, #87, .T. ) ;
#1335 = CARTESIAN_POINT ( 'NONE',  ( 0.1424679487179487669, 0.7599999999999998979, 0.1045823225286358904 ) ) ;
#1336 =( NAMED_UNIT ( * ) SI_UNIT ( $, .STERADIAN. ) SOLID_ANGLE_UNIT ( ) );
#1337 = AXIS2_PLACEMENT_3D ( 'NONE', #4436, #3969, #3155 ) ;
#1338 = PRESENTATION_LAYER_ASSIGNMENT (  '', '', ( #1652 ) ) ;
#1339 = CARTESIAN_POINT ( 'NONE',  ( 0.5237605168269229283, 0.7599999999999998979, 0.1318250776034222138 ) ) ;
#1340 = DIRECTION ( 'NONE',  ( 1.000000000000000000, 0.000000000000000000, -2.125886612716675080E-16 ) ) ;
#1341 = CARTESIAN_POINT ( 'NONE',  ( -0.3689623391960305532, 0.7399999999999997691, 0.2024273918110169879 ) ) ;
#1342 = DIRECTION ( 'NONE',  ( -0.000000000000000000, -1.000000000000000000, -0.000000000000000000 ) ) ;
#1343 = EDGE_CURVE ( 'NONE', #1716, #4096, #1695, .T. ) ;
#1344 = CARTESIAN_POINT ( 'NONE',  ( -0.3694187167076140588, 0.7400000000000003242, -0.2020974803834064415 ) ) ;
#1345 = VECTOR ( 'NONE', #4966, 1000.000000000000000 ) ;
#1346 = DIRECTION ( 'NONE',  ( 0.000000000000000000, 0.000000000000000000, -1.000000000000000000 ) ) ;
#1347 = CARTESIAN_POINT ( 'NONE',  ( -0.3694187167076140588, 0.7399999999999998801, -0.2020974803834064415 ) ) ;
#1348 = DIRECTION ( 'NONE',  ( 0.000000000000000000, 0.000000000000000000, -1.000000000000000000 ) ) ;
#1349 = LINE ( 'NONE', #542, #2351 ) ;
#1350 = VERTEX_POINT ( 'NONE', #2341 ) ;
#1351 = CARTESIAN_POINT ( 'NONE',  ( -0.3535197983440170333, 0.7600000000000000089, -0.03459953511025300188 ) ) ;
#1352 = CARTESIAN_POINT ( 'NONE',  ( 0.3793151956018411819, 0.7399999999999999911, 0.2178370492979512241 ) ) ;
#1353 = CARTESIAN_POINT ( 'NONE',  ( -0.01865135774722670101, 0.7599999999999998979, -0.2803293322369314611 ) ) ;
#1354 = PLANE ( 'NONE',  #1468 ) ;
#1355 = CARTESIAN_POINT ( 'NONE',  ( -0.5297351746513264681, 0.7599999999999997868, -0.1906196272398751890 ) ) ;
#1356 = CARTESIAN_POINT ( 'NONE',  ( 0.5733909163068441339, 0.7600000000000002309, 0.1160982519445943467 ) ) ;
#1357 = DIRECTION ( 'NONE',  ( 1.000000000000000000, 0.000000000000000000, 0.000000000000000000 ) ) ;
#1358 = CARTESIAN_POINT ( 'NONE',  ( -1.594999999999999529, -0.02999999999999964501, 2.070000000000000284 ) ) ;
#1359 = EDGE_CURVE ( 'NONE', #2536, #960, #850, .T. ) ;
#1360 = CARTESIAN_POINT ( 'NONE',  ( -0.3392720567000423459, 0.7399999999999998801, -0.1464399793392226479 ) ) ;
#1361 = VECTOR ( 'NONE', #3977, 1000.000000000000000 ) ;
#1362 = CARTESIAN_POINT ( 'NONE',  ( 0.1347736856084643664, 0.7399999999999997691, 0.05498397798048406532 ) ) ;
#1363 = CARTESIAN_POINT ( 'NONE',  ( 0.2849358974358973673, 0.7599999999999998979, -0.2673819870333298820 ) ) ;
#1364 = B_SPLINE_CURVE_WITH_KNOTS ( 'NONE', 3,
 ( #3616, #2310, #4951, #5329, #2751, #1475, #137, #3199, #586, #1027, #2899, #1139, #1611, #697, #205, #5068, #2823, #5026, #663 ),
 .UNSPECIFIED., .F., .F.,
 ( 4, 1, 1, 1, 1, 1, 1, 1, 1, 1, 1, 1, 1, 1, 1, 1, 4 ),
 ( 0.000000000000000000, 0.06554117033740350373, 0.1289631677825935907, 0.1903771361885612523, 0.2500923616690528539, 0.3085484324592011607, 0.3663979630552963718, 0.4245421892666801922, 0.4831699964229059230, 0.5422433998311203540, 0.6017393520173303090, 0.6625060022496069845, 0.7248555134488472440, 0.7891278292811814143, 0.8563463998785103559, 0.9262952349869055801, 1.000000000000000000 ),
 .UNSPECIFIED. ) ;
#1365 = AXIS2_PLACEMENT_3D ( 'NONE', #4600, #5506, #700 ) ;
#1366 = ORIENTED_EDGE ( 'NONE', *, *, #4740, .F. ) ;
#1367 = ORIENTED_EDGE ( 'NONE', *, *, #587, .T. ) ;
#1368 = CARTESIAN_POINT ( 'NONE',  ( -0.3120726495726494631, 0.7599999999999998979, 0.1091404488641059822 ) ) ;
#1369 = EDGE_CURVE ( 'NONE', #4262, #3473, #602, .T. ) ;
#1370 = MECHANICAL_DESIGN_GEOMETRIC_PRESENTATION_REPRESENTATION (  '', ( #1041 ), #4539 ) ;
#1371 = CARTESIAN_POINT ( 'NONE',  ( -0.5263295324625394400, 0.7399999999999999911, 0.1993044158257502863 ) ) ;
#1372 = CARTESIAN_POINT ( 'NONE',  ( 0.5549094145268849143, 0.7599999999999997868, 0.1880677104627266616 ) ) ;
#1373 = ORIENTED_EDGE ( 'NONE', *, *, #1436, .F. ) ;
#1374 = CARTESIAN_POINT ( 'NONE',  ( -0.03975110176282044966, 0.7399999999999999911, 0.2210795514282085372 ) ) ;
#1375 = ADVANCED_FACE ( 'NONE', ( #320 ), #108, .F. ) ;
#1376 = CARTESIAN_POINT ( 'NONE',  ( 2.044999999999999485, 0.7599999999999998979, -1.510000000000000009 ) ) ;
#1377 = CARTESIAN_POINT ( 'NONE',  ( 0.2690259567265901874, 0.7600000000000000089, 0.2093457686647074156 ) ) ;
#1378 = CARTESIAN_POINT ( 'NONE',  ( 0.1153311965811966433, 0.7399999999999998801, -0.1434645524713640541 ) ) ;
#1379 = FACE_OUTER_BOUND ( 'NONE', #1460, .T. ) ;
#1380 = DIRECTION ( 'NONE',  ( 0.000000000000000000, -1.000000000000000000, 0.000000000000000000 ) ) ;
#1381 = VERTEX_POINT ( 'NONE', #568 ) ;
#1382 = ORIENTED_EDGE ( 'NONE', *, *, #1081, .T. ) ;
#1383 = CARTESIAN_POINT ( 'NONE',  ( -0.4462723691239315338, 0.7599999999999998979, -0.2809503631017059022 ) ) ;
#1384 = LINE ( 'NONE', #2064, #1984 ) ;
#1385 = CARTESIAN_POINT ( 'NONE',  ( -1.485000000000000098, -0.02999999999999967276, 17.26000000000000156 ) ) ;
#1386 = ORIENTED_EDGE ( 'NONE', *, *, #2846, .F. ) ;
#1387 = CARTESIAN_POINT ( 'NONE',  ( -0.06264591362404707542, 0.7599999999999998979, -0.002507960822553838894 ) ) ;
#1388 = CARTESIAN_POINT ( 'NONE',  ( 0.003502508300205700240, 0.7400000000000001021, -0.2206995692730533143 ) ) ;
#1389 = VERTEX_POINT ( 'NONE', #1422 ) ;
#1390 = CARTESIAN_POINT ( 'NONE',  ( 0.2150000000000001354, -0.02999999999999967276, 17.26000000000000156 ) ) ;
#1391 = DIRECTION ( 'NONE',  ( 0.000000000000000000, 0.000000000000000000, 1.000000000000000000 ) ) ;
#1392 = CARTESIAN_POINT ( 'NONE',  ( -0.3327959848966078882, 0.7399999999999996581, 0.1703268647852373696 ) ) ;
#1393 = CARTESIAN_POINT ( 'NONE',  ( 0.09000311420949996810, 0.7399999999999999911, 0.1413210960091365043 ) ) ;
#1394 = ORIENTED_EDGE ( 'NONE', *, *, #4435, .T. ) ;
#1395 = CARTESIAN_POINT ( 'NONE',  ( 0.4122454260149571170, 0.7599999999999998979, 0.2753530557017128122 ) ) ;
#1396 = VERTEX_POINT ( 'NONE', #623 ) ;
#1397 = EDGE_CURVE ( 'NONE', #5182, #960, #4783, .T. ) ;
#1398 = CARTESIAN_POINT ( 'NONE',  ( -0.09321431642173624854, 0.7399999999999999911, -0.2723765732016598107 ) ) ;
#1399 = CARTESIAN_POINT ( 'NONE',  ( -0.3249999999999994560, -1.346972987469857941, 2.020000000000000018 ) ) ;
#1400 = VERTEX_POINT ( 'NONE', #2731 ) ;
#1401 = CARTESIAN_POINT ( 'NONE',  ( -0.3749999999999994449, -0.4399999999999996136, 2.530000000000000249 ) ) ;
#1402 = B_SPLINE_CURVE_WITH_KNOTS ( 'NONE', 3,
 ( #937, #5228, #2686, #1746, #2621, #4390, #4370 ),
 .UNSPECIFIED., .F., .F.,
 ( 4, 1, 1, 1, 4 ),
 ( 0.000000000000000000, 0.2538796003266559631, 0.5030089172783633877, 0.7502910806899732998, 1.000000000000000000 ),
 .UNSPECIFIED. ) ;
#1403 = ADVANCED_FACE ( 'NONE', ( #2841 ), #3635, .F. ) ;
#1404 = CARTESIAN_POINT ( 'NONE',  ( -0.4596141265515053531, 0.7399999999999998801, -0.001943854750242331219 ) ) ;
#1405 = CARTESIAN_POINT ( 'NONE',  ( 0.02165754074586668729, 0.7599999999999997868, -0.2129352482600751495 ) ) ;
#1406 = VECTOR ( 'NONE', #1040, 1000.000000000000000 ) ;
#1407 = VERTEX_POINT ( 'NONE', #1885 ) ;
#1408 = AXIS2_PLACEMENT_3D ( 'NONE', #500, #4389, #84 ) ;
#1409 = CARTESIAN_POINT ( 'NONE',  ( -0.4555230147034523558, 0.7399999999999998801, -0.05740086174778762096 ) ) ;
#1410 = CARTESIAN_POINT ( 'NONE',  ( -0.1696047008547007795, 0.7599999999999998979, 0.1193167309153880390 ) ) ;
#1411 = CARTESIAN_POINT ( 'NONE',  ( 0.8950000000000005729, -1.346972987469858163, 2.530000000000000249 ) ) ;
#1412 = DIRECTION ( 'NONE',  ( 0.000000000000000000, 0.000000000000000000, -1.000000000000000000 ) ) ;
#1413 = VECTOR ( 'NONE', #831, 1000.000000000000000 ) ;
#1414 = EDGE_CURVE ( 'NONE', #2120, #1853, #1760, .T. ) ;
#1415 = CARTESIAN_POINT ( 'NONE',  ( 1.595000000000000417, -1.346972987469858163, 2.530000000000000249 ) ) ;
#1416 = CARTESIAN_POINT ( 'NONE',  ( -0.1967414529914529309, 0.7399999999999998801, -0.1452666024179452842 ) ) ;
#1417 = VECTOR ( 'NONE', #4889, 1000.000000000000000 ) ;
#1418 = CARTESIAN_POINT ( 'NONE',  ( -1.795000000000000373, -0.7600000000000001199, 1.199999999999999734 ) ) ;
#1419 = CARTESIAN_POINT ( 'NONE',  ( -0.2149999999999999134, -0.02999999999999967276, 17.26000000000000156 ) ) ;
#1420 = CARTESIAN_POINT ( 'NONE',  ( -0.2961722088675212694, 0.7399999999999997691, 0.01055771649231113454 ) ) ;
#1421 = AXIS2_PLACEMENT_3D ( 'NONE', #1552, #3768, #3271 ) ;
#1422 = CARTESIAN_POINT ( 'NONE',  ( 1.794999999999999263, -0.7600000000000001199, -1.510000000000000009 ) ) ;
#1423 = LINE ( 'NONE', #2585, #604 ) ;
#1424 = FILL_AREA_STYLE ('',( #4423 ) ) ;
#1425 = LINE ( 'NONE', #2301, #3273 ) ;
#1426 = EDGE_CURVE ( 'NONE', #1400, #2805, #4176, .T. ) ;
#1427 = ORIENTED_EDGE ( 'NONE', *, *, #550, .F. ) ;
#1428 =( LENGTH_UNIT ( ) NAMED_UNIT ( * ) SI_UNIT ( .MILLI., .METRE. ) );
#1429 = CARTESIAN_POINT ( 'NONE',  ( 1.595000000000000417, -0.4399999999999996136, 2.070000000000000284 ) ) ;
#1430 = ADVANCED_FACE ( 'NONE', ( #4863 ), #3599, .F. ) ;
#1431 = CARTESIAN_POINT ( 'NONE',  ( 0.2857090043472008123, 0.7399999999999997691, 0.2284472857858953210 ) ) ;
#1432 = CARTESIAN_POINT ( 'NONE',  ( 0.07031341925815715044, 0.7599999999999996758, -0.02649600844089149490 ) ) ;
#1433 = CARTESIAN_POINT ( 'NONE',  ( -0.5113246998445817315, 0.7599999999999994538, 0.2656332499124307578 ) ) ;
#1434 = VECTOR ( 'NONE', #5580, 1000.000000000000000 ) ;
#1435 = CARTESIAN_POINT ( 'NONE',  ( -0.1954548899718257515, 0.7399999999999998801, -0.1505934184475560544 ) ) ;
#1436 = EDGE_CURVE ( 'NONE', #2247, #177, #4509, .T. ) ;
#1437 = CARTESIAN_POINT ( 'NONE',  ( -1.485000000000000098, -0.4399999999999996136, 17.26000000000000156 ) ) ;
#1438 = DIRECTION ( 'NONE',  ( 0.000000000000000000, -1.000000000000000000, 0.000000000000000000 ) ) ;
#1439 = ORIENTED_EDGE ( 'NONE', *, *, #3727, .F. ) ;
#1440 = ORIENTED_EDGE ( 'NONE', *, *, #3339, .F. ) ;
#1441 = AXIS2_PLACEMENT_3D ( 'NONE', #677, #4589, #243 ) ;
#1442 = CARTESIAN_POINT ( 'NONE',  ( 0.2870559561965811413, 0.7600000000000000089, 0.1200587514816273543 ) ) ;
#1443 = CARTESIAN_POINT ( 'NONE',  ( 0.2849358974358973673, 0.7599999999999998979, 0.04967280062692649989 ) ) ;
#1444 = VERTEX_POINT ( 'NONE', #1031 ) ;
#1445 = VERTEX_POINT ( 'NONE', #2358 ) ;
#1446 = CARTESIAN_POINT ( 'NONE',  ( -0.2961722088675212694, 0.7599999999999998979, 0.01055771649231113454 ) ) ;
#1447 = DIRECTION ( 'NONE',  ( 0.000000000000000000, 0.000000000000000000, 1.000000000000000000 ) ) ;
#1448 = AXIS2_PLACEMENT_3D ( 'NONE', #2543, #786, #4642 ) ;
#1449 = ORIENTED_EDGE ( 'NONE', *, *, #3715, .F. ) ;
#1450 = ORIENTED_EDGE ( 'NONE', *, *, #1470, .F. ) ;
#1451 = DIRECTION ( 'NONE',  ( -0.000000000000000000, -1.000000000000000000, -0.000000000000000000 ) ) ;
#1452 = CARTESIAN_POINT ( 'NONE',  ( -0.1349760116385408659, 0.7599999999999997868, 0.1864813067641982458 ) ) ;
#1453 = CARTESIAN_POINT ( 'NONE',  ( -0.5517135777691093423, 0.7400000000000001021, 0.2452192181820575245 ) ) ;
#1455 = CARTESIAN_POINT ( 'NONE',  ( -0.2922402650963820681, 0.7399999999999997691, -0.1269207842041939760 ) ) ;
#1454 = LINE ( 'NONE', #4780, #3636 ) ;
#1456 = EDGE_LOOP ( 'NONE', ( #5499, #4603, #4691, #2748 ) ) ;
#1457 = CARTESIAN_POINT ( 'NONE',  ( -0.07729831546351045857, 0.7399999999999997691, 0.2172845935852805999 ) ) ;
#1458 = CARTESIAN_POINT ( 'NONE',  ( -0.4511883333243373873, 0.7600000000000000089, 0.2210134983352159965 ) ) ;
#1459 = DIRECTION ( 'NONE',  ( -0.000000000000000000, -1.000000000000000000, -0.000000000000000000 ) ) ;
#1460 = EDGE_LOOP ( 'NONE', ( #3228, #2451, #218, #299 ) ) ;
#1461 = CARTESIAN_POINT ( 'NONE',  ( 0.5237605168269229283, 0.7399999999999999911, 0.1318250776034222138 ) ) ;
#1462 = CARTESIAN_POINT ( 'NONE',  ( 0.04473026983186963873, 0.7400000000000002132, -0.1959470034983551157 ) ) ;
#1463 = CARTESIAN_POINT ( 'NONE',  ( -0.5465811843270214077, 0.7600000000000000089, -0.2458581913520233586 ) ) ;
#1464 = ORIENTED_EDGE ( 'NONE', *, *, #3940, .T. ) ;
#1465 = CARTESIAN_POINT ( 'NONE',  ( -0.2722775964428175710, 0.7399999999999997691, 0.05498397798048406532 ) ) ;
#1466 = ORIENTED_EDGE ( 'NONE', *, *, #530, .F. ) ;
#1467 = CARTESIAN_POINT ( 'NONE',  ( 0.2460981056719380999, 0.7399999999999997691, 0.1609148941480768591 ) ) ;
#1468 = AXIS2_PLACEMENT_3D ( 'NONE', #3508, #3927, #2678 ) ;
#1469 = CARTESIAN_POINT ( 'NONE',  ( -0.4748931623931622603, 0.7599999999999998979, -0.002798653699996567993 ) ) ;
#1470 = EDGE_CURVE ( 'NONE', #522, #1350, #2216, .T. ) ;
#1471 = CARTESIAN_POINT ( 'NONE',  ( -0.3390271618465728887, 0.7399999999999998801, -0.04456670463136384180 ) ) ;
#1472 = CARTESIAN_POINT ( 'NONE',  ( -0.1192782504112573083, 0.7600000000000002309, 0.1993044158257502307 ) ) ;
#1473 = CARTESIAN_POINT ( 'NONE',  ( 0.2854140513966917370, 0.7599999999999998979, 0.09504463222005486711 ) ) ;
#1474 = CARTESIAN_POINT ( 'NONE',  ( -0.3120726495726494631, 0.7399999999999999911, 0.1091404488641059822 ) ) ;
#1475 = CARTESIAN_POINT ( 'NONE',  ( -0.5113246998445817315, 0.7399999999999994360, 0.2656332499124307578 ) ) ;
#1476 = CARTESIAN_POINT ( 'NONE',  ( 0.5291380234570262076, 0.7600000000000000089, 0.05461966177854746252 ) ) ;
#1477 = AXIS2_PLACEMENT_3D ( 'NONE', #1751, #4769, #4754 ) ;
#1478 = LINE ( 'NONE', #4569, #2408 ) ;
#1479 = ORIENTED_EDGE ( 'NONE', *, *, #4197, .F. ) ;
#1480 = EDGE_CURVE ( 'NONE', #1532, #5483, #3717, .T. ) ;
#1481 = CARTESIAN_POINT ( 'NONE',  ( -0.6037927350427348960, 0.7599999999999998979, -0.1452666024179452842 ) ) ;
#1482 = CARTESIAN_POINT ( 'NONE',  ( 0.05961738099206752989, 0.7399999999999998801, -0.1110173502982743504 ) ) ;
#1483 = CARTESIAN_POINT ( 'NONE',  ( -0.5821678161710337474, 0.7399999999999997691, -0.2029814446394118954 ) ) ;
#1484 = LINE ( 'NONE', #4372, #3257 ) ;
#1485 = CARTESIAN_POINT ( 'NONE',  ( 0.5291666666666664520, 0.7399999999999998801, 0.04967280062692649989 ) ) ;
#1486 = CARTESIAN_POINT ( 'NONE',  ( 0.2560460883409886867, 0.7400000000000001021, 0.1877480659917831474 ) ) ;
#1487 = FACE_OUTER_BOUND ( 'NONE', #761, .T. ) ;
#1488 = CARTESIAN_POINT ( 'NONE',  ( 0.3059567593787601014, 0.7599999999999998979, 0.2450124419039484969 ) ) ;
#1489 = CIRCLE ( 'NONE', #5023, 0.05000000000000012768 ) ;
#1490 = DIRECTION ( 'NONE',  ( 0.000000000000000000, 1.000000000000000000, -0.000000000000000000 ) ) ;
#1491 = CARTESIAN_POINT ( 'NONE',  ( 0.2868653370392411084, 0.7399999999999997691, 0.1186822330585185076 ) ) ;
#1492 = CARTESIAN_POINT ( 'NONE',  ( -0.5166883832369416618, 0.7599999999999998979, 0.2051254953784840962 ) ) ;
#1493 = EDGE_CURVE ( 'NONE', #2126, #4888, #4053, .T. ) ;
#1494 = CARTESIAN_POINT ( 'NONE',  ( 0.2374465811965811024, 0.7599999999999998979, 0.05221687113974701061 ) ) ;
#1495 = LINE ( 'NONE', #2838, #5286 ) ;
#1496 = ORIENTED_EDGE ( 'NONE', *, *, #5015, .T. ) ;
#1497 = ORIENTED_EDGE ( 'NONE', *, *, #5473, .F. ) ;
#1498 = CARTESIAN_POINT ( 'NONE',  ( 0.5288991858541872704, 0.7399999999999996581, 0.07766020174108709262 ) ) ;
#1499 = CARTESIAN_POINT ( 'NONE',  ( -0.5661066287641617345, 0.7399999999999999911, -0.2263355392281070633 ) ) ;
#1500 = EDGE_CURVE ( 'NONE', #3883, #966, #2114, .T. ) ;
#1501 = VERTEX_POINT ( 'NONE', #813 ) ;
#1502 = EDGE_LOOP ( 'NONE', ( #1513, #2584, #3080, #2681 ) ) ;
#1503 = CARTESIAN_POINT ( 'NONE',  ( 0.3291575139457159072, 0.7399999999999996581, 0.2583883621056819457 ) ) ;
#1504 = LINE ( 'NONE', #5178, #200 ) ;
#1505 = DIRECTION ( 'NONE',  ( -0.000000000000000000, -0.000000000000000000, -1.000000000000000000 ) ) ;
#1506 = ORIENTED_EDGE ( 'NONE', *, *, #2306, .T. ) ;
#1507 = ORIENTED_EDGE ( 'NONE', *, *, #4524, .T. ) ;
#1508 = EDGE_CURVE ( 'NONE', #280, #5151, #4639, .T. ) ;
#1509 = CARTESIAN_POINT ( 'NONE',  ( -0.1096371011856595301, 0.7399999999999998801, 0.2051254953784840962 ) ) ;
#1510 = CARTESIAN_POINT ( 'NONE',  ( -0.2149999999999999134, -0.02999999999999967276, 2.530000000000000249 ) ) ;
#1511 = CARTESIAN_POINT ( 'NONE',  ( -0.1492521367521366937, 0.7599999999999998979, -0.1452666024179452842 ) ) ;
#1512 = ORIENTED_EDGE ( 'NONE', *, *, #4800, .T. ) ;
#1513 = ORIENTED_EDGE ( 'NONE', *, *, #2767, .F. ) ;
#1514 = CIRCLE ( 'NONE', #139, 0.05000000000000012768 ) ;
#1515 = CARTESIAN_POINT ( 'NONE',  ( -0.1967414529914529309, 0.7599999999999998979, -0.1452666024179452842 ) ) ;
#1516 = CARTESIAN_POINT ( 'NONE',  ( -0.4873953320386322230, 0.7599999999999996758, -0.2761601940416539835 ) ) ;
#1517 = ORIENTED_EDGE ( 'NONE', *, *, #5534, .F. ) ;
#1518 = CARTESIAN_POINT ( 'NONE',  ( 0.3059567593787601014, 0.7399999999999998801, 0.2450124419039484969 ) ) ;
#1519 = VECTOR ( 'NONE', #4351, 1000.000000000000000 ) ;
#1520 = CARTESIAN_POINT ( 'NONE',  ( 0.9450000000000006173, -0.4399999999999996136, 2.530000000000000249 ) ) ;
#1521 = VERTEX_POINT ( 'NONE', #309 ) ;
#1522 = DIRECTION ( 'NONE',  ( 1.000000000000000000, 0.000000000000000000, -0.000000000000000000 ) ) ;
#1523 = CARTESIAN_POINT ( 'NONE',  ( -0.3535197983440170333, 0.7600000000000000089, -0.03459953511025300188 ) ) ;
#1524 = VERTEX_POINT ( 'NONE', #1261 ) ;
#1525 = CARTESIAN_POINT ( 'NONE',  ( -1.484999999999999876, -0.4399999999999997247, 1.510000000000000009 ) ) ;
#1526 = VERTEX_POINT ( 'NONE', #4692 ) ;
#1527 = CARTESIAN_POINT ( 'NONE',  ( 0.08589820958071871237, 0.7399999999999997691, 0.1513684937088689286 ) ) ;
#1528 = ORIENTED_EDGE ( 'NONE', *, *, #1935, .T. ) ;
#1529 = CARTESIAN_POINT ( 'NONE',  ( -0.1967414529914529309, 0.7599999999999998979, -0.1452666024179452842 ) ) ;
#1530 = CARTESIAN_POINT ( 'NONE',  ( 0.1424679487179487669, 0.7599999999999998979, 0.1045823225286358904 ) ) ;
#1531 = ADVANCED_FACE ( 'NONE', ( #3722 ), #5152, .F. ) ;
#1532 = VERTEX_POINT ( 'NONE', #1765 ) ;
#1533 = EDGE_CURVE ( 'NONE', #1350, #4697, #595, .T. ) ;
#1534 = CARTESIAN_POINT ( 'NONE',  ( 0.2849154188799662979, 0.7600000000000001199, 0.06267594459147368680 ) ) ;
#1535 = DIRECTION ( 'NONE',  ( 0.000000000000000000, 0.000000000000000000, -1.000000000000000000 ) ) ;
#1536 = LINE ( 'NONE', #544, #923 ) ;
#1537 = CARTESIAN_POINT ( 'NONE',  ( -0.07334469144971722532, 0.7599999999999998979, -0.2224568258645562013 ) ) ;
#1538 = CARTESIAN_POINT ( 'NONE',  ( -0.5125956554783410724, 0.7599999999999997868, -0.2673539905252635962 ) ) ;
#1539 = CARTESIAN_POINT ( 'NONE',  ( -0.1566364228551615778, 0.7399999999999999911, 0.2358554495493987158 ) ) ;
#1540 = CARTESIAN_POINT ( 'NONE',  ( 0.8950000000000005729, -0.02999999999999967276, 2.530000000000000249 ) ) ;
#1541 = AXIS2_PLACEMENT_3D ( 'NONE', #527, #2272, #107 ) ;
#1542 = CARTESIAN_POINT ( 'NONE',  ( 0.3750000000000003331, -0.02999999999999967276, 2.070000000000000284 ) ) ;
#1543 = LINE ( 'NONE', #4733, #5392 ) ;
#1544 = ORIENTED_EDGE ( 'NONE', *, *, #2781, .T. ) ;
#1545 = CARTESIAN_POINT ( 'NONE',  ( -0.5568356707095516445, 0.7399999999999998801, -0.2366789280546845731 ) ) ;
#1546 = EDGE_CURVE ( 'NONE', #3803, #4728, #3194, .T. ) ;
#1547 = CARTESIAN_POINT ( 'NONE',  ( -0.5420272936898230531, 0.7600000000000001199, 0.1864813067641983846 ) ) ;
#1548 = LINE ( 'NONE', #3028, #4307 ) ;
#1549 = DIRECTION ( 'NONE',  ( 0.000000000000000000, 1.000000000000000000, 0.000000000000000000 ) ) ;
#1550 = AXIS2_PLACEMENT_3D ( 'NONE', #1784, #2690, #2243 ) ;
#1551 = DIRECTION ( 'NONE',  ( 0.000000000000000000, 1.000000000000000000, -0.000000000000000000 ) ) ;
#1552 = CARTESIAN_POINT ( 'NONE',  ( 1.485000000000000320, -0.4399999999999996136, 17.26000000000000156 ) ) ;
#1553 = CARTESIAN_POINT ( 'NONE',  ( -0.1341924592637668001, 0.7400000000000004352, -0.1748164176988359075 ) ) ;
#1554 =( LENGTH_UNIT ( ) NAMED_UNIT ( * ) SI_UNIT ( .MILLI., .METRE. ) );
#1555 = LINE ( 'NONE', #2290, #251 ) ;
#1556 = VERTEX_POINT ( 'NONE', #1729 ) ;
#1557 = CARTESIAN_POINT ( 'NONE',  ( -0.4462723691239315338, 0.7599999999999998979, -0.2809503631017059022 ) ) ;
#1558 = DIRECTION ( 'NONE',  ( -0.000000000000000000, -0.000000000000000000, -1.000000000000000000 ) ) ;
#1559 = CARTESIAN_POINT ( 'NONE',  ( 0.2380251835252738535, 0.7599999999999998979, 0.08889935123210337964 ) ) ;
#1560 = VECTOR ( 'NONE', #2494, 1000.000000000000000 ) ;
#1561 = VERTEX_POINT ( 'NONE', #5569 ) ;
#1562 = CARTESIAN_POINT ( 'NONE',  ( 0.5766175623240404891, 0.7400000000000007683, 0.05797698319509338866 ) ) ;
#1563 = LINE ( 'NONE', #175, #745 ) ;
#1564 = CARTESIAN_POINT ( 'NONE',  ( -0.5849619121396804067, 0.7600000000000001199, 0.2136092300077266359 ) ) ;
#1565 = SURFACE_STYLE_FILL_AREA ( #5206 ) ;
#1566 = ADVANCED_FACE ( 'NONE', ( #739 ), #3867, .F. ) ;
#1567 = VERTEX_POINT ( 'NONE', #3433 ) ;
#1568 = CARTESIAN_POINT ( 'NONE',  ( 0.4477713774297432670, 0.7399999999999999911, 0.2149748813682301196 ) ) ;
#1569 = CARTESIAN_POINT ( 'NONE',  ( -0.3367378627931247870, 0.7599999999999996758, -0.02649600844089149490 ) ) ;
#1570 = CARTESIAN_POINT ( 'NONE',  ( 0.2986529496937311290, 0.7600000000000001199, 0.1608090045073999885 ) ) ;
#1571 = CARTESIAN_POINT ( 'NONE',  ( 1.485000000000000320, -0.4399999999999996136, 17.26000000000000156 ) ) ;
#1572 = CIRCLE ( 'NONE', #3001, 0.7500000000000001110 ) ;
#1573 = CARTESIAN_POINT ( 'NONE',  ( 0.06442928965053162926, 0.7399999999999998801, -0.1214671306867397826 ) ) ;
#1574 = DIRECTION ( 'NONE',  ( 0.000000000000000000, 2.441088490476676771E-13, -1.000000000000000000 ) ) ;
#1575 = CARTESIAN_POINT ( 'NONE',  ( -0.3678452023445140107, 0.7600000000000000089, -0.2623658934414239696 ) ) ;
#1576 = CARTESIAN_POINT ( 'NONE',  ( -0.1173709299701156811, 0.7599999999999998979, -0.2612573626517047387 ) ) ;
#1577 = ORIENTED_EDGE ( 'NONE', *, *, #3559, .T. ) ;
#1578 = CARTESIAN_POINT ( 'NONE',  ( -0.5563034188034187144, 0.7599999999999998979, -0.1452666024179452842 ) ) ;
#1579 = EDGE_CURVE ( 'NONE', #3647, #103, #816, .T. ) ;
#1580 = CARTESIAN_POINT ( 'NONE',  ( -0.2022884893767548375, 0.7399999999999995470, 0.1715532227345266392 ) ) ;
#1581 = B_SPLINE_CURVE_WITH_KNOTS ( 'NONE', 3,
 ( #1851, #992, #2293, #3177, #4114, #1898, #2389, #3215, #1049, #1476, #4933 ),
 .UNSPECIFIED., .F., .F.,
 ( 4, 1, 1, 1, 1, 1, 1, 1, 4 ),
 ( 0.000000000000000000, 0.06983510391543634732, 0.1556207549116652156, 0.2578015566582756990, 0.3738112340663712896, 0.5064024926743713184, 0.6555644581431038231, 0.8200792824038523054, 0.9999999999999998890 ),
 .UNSPECIFIED. ) ;
#1582 = CARTESIAN_POINT ( 'NONE',  ( 0.09428568267947726178, 0.7600000000000000089, 0.09437341090515467823 ) ) ;
#1583 = ORIENTED_EDGE ( 'NONE', *, *, #2774, .T. ) ;
#1584 = ORIENTED_EDGE ( 'NONE', *, *, #2626, .F. ) ;
#1585 = CARTESIAN_POINT ( 'NONE',  ( -0.6021375178777828019, 0.7600000000000002309, 0.1866791128229507990 ) ) ;
#1587 = CARTESIAN_POINT ( 'NONE',  ( 0.1118879448044038105, 0.7399999999999999911, -0.1109367007083016388 ) ) ;
#1586 = COLOUR_RGB ( '',0.2509803921568627416, 0.2509803921568627416, 0.2509803921568627416 ) ;
#1588 = CARTESIAN_POINT ( 'NONE',  ( 0.4915650657059169593, 0.7399999999999997691, 0.1886875346354960903 ) ) ;
#1589 = DIRECTION ( 'NONE',  ( 1.000000000000000000, 0.000000000000000000, 0.000000000000000000 ) ) ;
#1590 = ORIENTED_EDGE ( 'NONE', *, *, #963, .T. ) ;
#1591 = VERTEX_POINT ( 'NONE', #3 ) ;
#1592 = DIRECTION ( 'NONE',  ( -0.000000000000000000, -1.000000000000000000, 0.000000000000000000 ) ) ;
#1593 = DIRECTION ( 'NONE',  ( -0.000000000000000000, -1.000000000000000000, -0.000000000000000000 ) ) ;
#1594 = SURFACE_STYLE_USAGE ( .BOTH. , #1612 ) ;
#1595 = LINE ( 'NONE', #737, #3694 ) ;
#1596 = ORIENTED_EDGE ( 'NONE', *, *, #1684, .T. ) ;
#1597 = ORIENTED_EDGE ( 'NONE', *, *, #4859, .T. ) ;
#1598 = CARTESIAN_POINT ( 'NONE',  ( -0.1055443734270591766, 0.7599999999999998979, -0.2673539905252635962 ) ) ;
#1599 = LINE ( 'NONE', #5221, #1324 ) ;
#1600 = DIRECTION ( 'NONE',  ( 1.000000000000000000, 0.000000000000000000, 0.000000000000000000 ) ) ;
#1601 = VERTEX_POINT ( 'NONE', #1711 ) ;
#1602 = ORIENTED_EDGE ( 'NONE', *, *, #2706, .F. ) ;
#1603 = CARTESIAN_POINT ( 'NONE',  ( -0.4056301315095653948, 0.7600000000000000089, -0.2765625067216413990 ) ) ;
#1604 = CARTESIAN_POINT ( 'NONE',  ( -0.6204774484649608901, 0.7600000000000000089, 0.1377269964403936287 ) ) ;
#1605 = CARTESIAN_POINT ( 'NONE',  ( 0.5002521677591049709, 0.7400000000000001021, 0.1794497444504886408 ) ) ;
#1606 = ORIENTED_EDGE ( 'NONE', *, *, #3291, .T. ) ;
#1607 = CARTESIAN_POINT ( 'NONE',  ( -0.2170940170940170166, 0.7399999999999998801, 0.1193167309153880390 ) ) ;
#1608 = DIRECTION ( 'NONE',  ( -1.000000000000000000, -0.000000000000000000, -0.000000000000000000 ) ) ;
#1609 = CARTESIAN_POINT ( 'NONE',  ( 0.09076164745440981618, 0.7400000000000001021, 0.07990182527109881971 ) ) ;
#1610 = CARTESIAN_POINT ( 'NONE',  ( 0.01506079531274455777, 0.7399999999999995470, 0.2129244342223080289 ) ) ;
#1611 = CARTESIAN_POINT ( 'NONE',  ( -0.5941330951202103972, 0.7399999999999998801, 0.2007584320339496908 ) ) ;
#1612 = SURFACE_SIDE_STYLE ('',( #4937 ) ) ;
#1613 = EDGE_CURVE ( 'NONE', #634, #4766, #2773, .T. ) ;
#1614 = AXIS2_PLACEMENT_3D ( 'NONE', #1906, #4922, #5358 ) ;
#1615 = CARTESIAN_POINT ( 'NONE',  ( 0.9450000000000006173, -1.346972987469858163, 2.479999999999999982 ) ) ;
#1616 = FACE_OUTER_BOUND ( 'NONE', #918, .T. ) ;
#1617 = CARTESIAN_POINT ( 'NONE',  ( -0.2170940170940170166, 0.7599999999999998979, 0.1193167309153880390 ) ) ;
#1618 = CARTESIAN_POINT ( 'NONE',  ( -0.5563034188034187144, 0.7599999999999998979, -0.1452666024179452842 ) ) ;
#1619 = B_SPLINE_CURVE_WITH_KNOTS ( 'NONE', 3,
 ( #5529, #1662, #3837, #3443, #835, #3875, #3959, #3068, #3088, #5237, #4739, #5252, #3487, #893, #5201, #4326, #434, #1756, #5220 ),
 .UNSPECIFIED., .F., .F.,
 ( 4, 1, 1, 1, 1, 1, 1, 1, 1, 1, 1, 1, 1, 1, 1, 1, 4 ),
 ( 0.000000000000000000, 0.06554117033740342046, 0.1289631677825934242, 0.1903771361885610858, 0.2500923616690527429, 0.3085484324592011052, 0.3663979630552961497, 0.4245421892666801922, 0.4831699964229057009, 0.5422433998311201320, 0.6017393520173300869, 0.6625060022496067624, 0.7248555134488471330, 0.7891278292811813033, 0.8563463998785101339, 0.9262952349869054691, 1.000000000000000000 ),
 .UNSPECIFIED. ) ;
#1620 = CARTESIAN_POINT ( 'NONE',  ( 0.5549094145268849143, 0.7599999999999997868, 0.1880677104627266616 ) ) ;
#1621 = PRESENTATION_LAYER_ASSIGNMENT (  '', '', ( #5134 ) ) ;
#1622 = CARTESIAN_POINT ( 'NONE',  ( -0.4418503661517947378, 0.7399999999999996581, 0.2209864324206061437 ) ) ;
#1623 = CIRCLE ( 'NONE', #4812, 0.05000000000000012768 ) ;
#1624 = ORIENTED_EDGE ( 'NONE', *, *, #4606, .T. ) ;
#1625 = EDGE_CURVE ( 'NONE', #177, #724, #1623, .T. ) ;
#1626 = CARTESIAN_POINT ( 'NONE',  ( 0.2468808426816238577, 0.7599999999999998979, 0.1637319619517128011 ) ) ;
#1627 = CARTESIAN_POINT ( 'NONE',  ( -0.4634301467784104345, 0.7399999999999997691, -0.2260556148028440016 ) ) ;
#1628 = CARTESIAN_POINT ( 'NONE',  ( -0.04461026210680180126, 0.7600000000000000089, -0.2264664981443985647 ) ) ;
#1629 = CARTESIAN_POINT ( 'NONE',  ( 0.5766559829059828557, 0.7599999999999998979, -0.2673819870333298820 ) ) ;
#1630 = VECTOR ( 'NONE', #5535, 1000.000000000000000 ) ;
#1631 = CARTESIAN_POINT ( 'NONE',  ( 0.3250000000000003997, -0.4399999999999996136, 2.479999999999999982 ) ) ;
#1632 = CARTESIAN_POINT ( 'NONE',  ( -0.1395299022757394702, 0.7600000000000001199, -0.2458581913520234696 ) ) ;
#1633 = CARTESIAN_POINT ( 'NONE',  ( -0.06784188034188028127, 0.7399999999999998801, -0.05707215797350084080 ) ) ;
#1634 = FACE_OUTER_BOUND ( 'NONE', #2139, .T. ) ;
#1635 = EDGE_CURVE ( 'NONE', #2697, #1396, #3923, .T. ) ;
#1636 = CARTESIAN_POINT ( 'NONE',  ( 0.06047287014120024395, 0.7599999999999996758, -0.1752639192909258847 ) ) ;
#1637 = PRESENTATION_LAYER_ASSIGNMENT (  '', '', ( #2456 ) ) ;
#1638 = CARTESIAN_POINT ( 'NONE',  ( 0.009732525465399937889, 0.7400000000000003242, 0.007406389022562454710 ) ) ;
#1639 = VECTOR ( 'NONE', #3843, 1000.000000000000000 ) ;
#1640 = VECTOR ( 'NONE', #3183, 1000.000000000000000 ) ;
#1641 = VERTEX_POINT ( 'NONE', #3497 ) ;
#1642 = CARTESIAN_POINT ( 'NONE',  ( 0.5495535675132280362, 0.7599999999999998979, 0.1981845304068088898 ) ) ;
#1643 = CARTESIAN_POINT ( 'NONE',  ( 0.06802412020470907650, 0.7599999999999998979, -0.04456670463136384180 ) ) ;
#1644 = CARTESIAN_POINT ( 'NONE',  ( 0.1416552854627723401, 0.7600000000000000089, 0.1267768611297462045 ) ) ;
#1645 = CARTESIAN_POINT ( 'NONE',  ( 0.9450000000000006173, -0.02999999999999967276, 2.530000000000000249 ) ) ;
#1646 = CARTESIAN_POINT ( 'NONE',  ( 0.4045668995517869293, 0.7599999999999997868, 0.2209206453941021109 ) ) ;
#1647 = CARTESIAN_POINT ( 'NONE',  ( -0.3474339010592144006, 0.7600000000000000089, -0.1110173502982743504 ) ) ;
#1648 = CARTESIAN_POINT ( 'NONE',  ( 0.3250000000000003997, -0.4399999999999996136, 2.530000000000000249 ) ) ;
#1649 = EDGE_CURVE ( 'NONE', #3686, #3153, #2628, .T. ) ;
#1650 = ORIENTED_EDGE ( 'NONE', *, *, #2592, .F. ) ;
#1651 = ORIENTED_EDGE ( 'NONE', *, *, #3968, .T. ) ;
#1652 = STYLED_ITEM ( 'NONE', ( #5096 ), #3720 ) ;
#1653 = ADVANCED_FACE ( 'NONE', ( #1289 ), #1328, .F. ) ;
#1654 = CYLINDRICAL_SURFACE ( 'NONE', #3973, 0.05000000000000012768 ) ;
#1655 = ORIENTED_EDGE ( 'NONE', *, *, #2436, .F. ) ;
#1656 = VERTEX_POINT ( 'NONE', #405 ) ;
#1657 = B_SPLINE_CURVE_WITH_KNOTS ( 'NONE', 3,
 ( #4981, #4530, #4056, #2760, #168, #3224, #185 ),
 .UNSPECIFIED., .F., .F.,
 ( 4, 1, 1, 1, 4 ),
 ( 0.000000000000000000, 0.2538796003266559631, 0.5030089172783633877, 0.7502910806899732998, 1.000000000000000000 ),
 .UNSPECIFIED. ) ;
#1658 = EDGE_CURVE ( 'NONE', #3414, #823, #4928, .T. ) ;
#1659 = CARTESIAN_POINT ( 'NONE',  ( 0.2150000000000001354, -0.02999999999999967276, 2.020000000000000906 ) ) ;
#1660 = LINE ( 'NONE', #2923, #4414 ) ;
#1661 = CARTESIAN_POINT ( 'NONE',  ( 0.1108790731837607096, 0.7599999999999998979, 0.01055771649231113454 ) ) ;
#1662 = CARTESIAN_POINT ( 'NONE',  ( -0.04625656709561524332, 0.7599999999999998979, 0.2752217901257265065 ) ) ;
#1663 = CARTESIAN_POINT ( 'NONE',  ( 0.5766175623240404891, 0.7600000000000001199, 0.05797698319509338866 ) ) ;
#1664 = DIRECTION ( 'NONE',  ( 0.000000000000000000, 0.000000000000000000, 1.000000000000000000 ) ) ;
#1665 = EDGE_CURVE ( 'NONE', #654, #1521, #119, .T. ) ;
#1666 = CARTESIAN_POINT ( 'NONE',  ( -0.5465119071652057015, 0.7399999999999997691, -0.1656809325133725141 ) ) ;
#1667 = CARTESIAN_POINT ( 'NONE',  ( -0.3737648484656668768, 0.7600000000000000089, -0.08326446271351722883 ) ) ;
#1668 = DIRECTION ( 'NONE',  ( 1.000000000000000000, 0.000000000000000000, 0.000000000000000000 ) ) ;
#1669 = AXIS2_PLACEMENT_3D ( 'NONE', #73, #3118, #3595 ) ;
#1670 = DIRECTION ( 'NONE',  ( 0.000000000000000000, 0.000000000000000000, 1.000000000000000000 ) ) ;
#1671 = AXIS2_PLACEMENT_3D ( 'NONE', #3948, #1342, #3528 ) ;
#1672 = ORIENTED_EDGE ( 'NONE', *, *, #80, .T. ) ;
#1673 = CARTESIAN_POINT ( 'NONE',  ( 0.06608260683975412941, 0.7599999999999996758, -0.1599696787731899883 ) ) ;
#1674 = CARTESIAN_POINT ( 'NONE',  ( -0.06528965429155668410, 0.7399999999999997691, 0.2194194815969774948 ) ) ;
#1675 = ORIENTED_EDGE ( 'NONE', *, *, #785, .F. ) ;
#1676 = DIRECTION ( 'NONE',  ( -0.000000000000000000, 1.000000000000000000, 0.000000000000000000 ) ) ;
#1677 = ORIENTED_EDGE ( 'NONE', *, *, #667, .F. ) ;
#1678 = CARTESIAN_POINT ( 'NONE',  ( 0.4770987537495136599, 0.7599999999999996758, 0.2629040199228257491 ) ) ;
#1679 = FACE_OUTER_BOUND ( 'NONE', #1077, .T. ) ;
#1680 = CARTESIAN_POINT ( 'NONE',  ( -0.3168157390467828405, 0.7600000000000002309, 0.2265976142911315661 ) ) ;
#1681 = ADVANCED_FACE ( 'NONE', ( #5335 ), #3386, .T. ) ;
#1682 = CARTESIAN_POINT ( 'NONE',  ( -0.4634301467784104345, 0.7599999999999998979, -0.2260556148028440016 ) ) ;
#1683 = CARTESIAN_POINT ( 'NONE',  ( 1.055000000000000160, -0.4399999999999997247, 1.510000000000000009 ) ) ;
#1684 = EDGE_CURVE ( 'NONE', #3092, #1248, #1484, .T. ) ;
#1685 = CARTESIAN_POINT ( 'NONE',  ( -0.01569377083696316469, 0.7600000000000000089, 0.2746353940910841729 ) ) ;
#1686 = EDGE_LOOP ( 'NONE', ( #5128, #3964, #5393, #2824 ) ) ;
#1687 = CARTESIAN_POINT ( 'NONE',  ( -0.9449999999999996181, -0.02999999999999964501, 2.479999999999999982 ) ) ;
#1688 = CARTESIAN_POINT ( 'NONE',  ( -0.2149999999999999134, -0.4399999999999996136, 17.26000000000000156 ) ) ;
#1689 = CARTESIAN_POINT ( 'NONE',  ( -0.1751165341197516989, 0.7599999999999998979, -0.2029814446394118954 ) ) ;
#1690 = CIRCLE ( 'NONE', #214, 0.05000000000000012768 ) ;
#1691 = ORIENTED_EDGE ( 'NONE', *, *, #995, .T. ) ;
#1692 = EDGE_CURVE ( 'NONE', #929, #3741, #5520, .T. ) ;
#1693 = CARTESIAN_POINT ( 'NONE',  ( -0.4462723691239315338, 0.7599999999999998979, -0.2809503631017059022 ) ) ;
#1694 = CARTESIAN_POINT ( 'NONE',  ( 0.4651521168235843717, 0.7399999999999999911, 0.2675116894453736238 ) ) ;
#1695 = LINE ( 'NONE', #4476, #1017 ) ;
#1696 = B_SPLINE_CURVE_WITH_KNOTS ( 'NONE', 3,
 ( #1160, #4170, #1177, #3288, #3326, #2446, #306, #2386, #5067, #4149, #1963 ),
 .UNSPECIFIED., .F., .F.,
 ( 4, 1, 1, 1, 1, 1, 1, 1, 4 ),
 ( 0.000000000000000000, 0.1280675485958904791, 0.2506083188676686557, 0.3706301659145031513, 0.4900722467299490348, 0.6103747641546201086, 0.7343130699115257842, 0.8632165042449895243, 1.000000000000000000 ),
 .UNSPECIFIED. ) ;
#1697 = CARTESIAN_POINT ( 'NONE',  ( 0.4885252415573402840, 0.7600000000000001199, 0.2573064015655685544 ) ) ;
#1698 = CARTESIAN_POINT ( 'NONE',  ( -0.4257026397985088084, 0.7399999999999998801, -0.2803293322369314611 ) ) ;
#1699 = FACE_OUTER_BOUND ( 'NONE', #2881, .T. ) ;
#1700 = ORIENTED_EDGE ( 'NONE', *, *, #1842, .F. ) ;
#1701 = CARTESIAN_POINT ( 'NONE',  ( 0.2374465811965811024, 0.7599999999999998979, 0.05221687113974701061 ) ) ;
#1702 = CARTESIAN_POINT ( 'NONE',  ( -0.4516615441580839607, 0.7600000000000001199, -0.2264664981443985925 ) ) ;
#1703 = CARTESIAN_POINT ( 'NONE',  ( 0.8950000000000005729, -1.346972987469858163, 2.020000000000000018 ) ) ;
#1704 = CARTESIAN_POINT ( 'NONE',  ( -0.5297351746513264681, 0.7399999999999997691, -0.1906196272398751890 ) ) ;
#1705 = CARTESIAN_POINT ( 'NONE',  ( -2.045000000000000373, -0.02999999999999975256, 1.510000000000000009 ) ) ;
#1706 = CARTESIAN_POINT ( 'NONE',  ( 1.055000000000000160, -0.02999999999999967276, 17.26000000000000156 ) ) ;
#1707 = LINE ( 'NONE', #2828, #1092 ) ;
#1708 = EDGE_LOOP ( 'NONE', ( #4962, #28, #4571, #5261 ) ) ;
#1709 = CARTESIAN_POINT ( 'NONE',  ( -0.04396146584177583472, 0.7600000000000000089, -0.2808620187169287852 ) ) ;
#1710 = ADVANCED_FACE ( 'NONE', ( #2705 ), #3554, .T. ) ;
#1711 = CARTESIAN_POINT ( 'NONE',  ( 0.5291666666666664520, 0.7399999999999998801, -0.2673819870333298820 ) ) ;
#1712 = VECTOR ( 'NONE', #1909, 1000.000000000000000 ) ;
#1713 = ORIENTED_EDGE ( 'NONE', *, *, #4667, .T. ) ;
#1714 = CARTESIAN_POINT ( 'NONE',  ( -0.1341924592637668001, 0.7400000000000001021, -0.1748164176988359075 ) ) ;
#1715 = DIRECTION ( 'NONE',  ( -0.000000000000000000, -1.000000000000000000, -0.000000000000000000 ) ) ;
#1716 = VERTEX_POINT ( 'NONE', #2726 ) ;
#1717 = EDGE_LOOP ( 'NONE', ( #3844, #4225, #2733, #3947 ) ) ;
#1718 = CARTESIAN_POINT ( 'NONE',  ( 0.03763256534366801048, 0.7399999999999999911, -0.2020974803834064415 ) ) ;
#1719 = CARTESIAN_POINT ( 'NONE',  ( 0.07155398048844559267, 0.7400000000000001021, -0.2401179049209233862 ) ) ;
#1720 = CARTESIAN_POINT ( 'NONE',  ( 0.1148110169548999804, 0.7399999999999998801, -0.1269207842041939760 ) ) ;
#1721 = CARTESIAN_POINT ( 'NONE',  ( -0.4077141001911586127, 0.7400000000000002132, 0.005015514890581721646 ) ) ;
#1722 = ORIENTED_EDGE ( 'NONE', *, *, #2190, .F. ) ;
#1723 = DIRECTION ( 'NONE',  ( 1.000000000000000000, 0.000000000000000000, -0.000000000000000000 ) ) ;
#1724 = CARTESIAN_POINT ( 'NONE',  ( -0.4021838675846464151, 0.7600000000000000089, -0.06925023853538181395 ) ) ;
#1725 = CARTESIAN_POINT ( 'NONE',  ( -0.2170940170940170166, 0.7599999999999998979, 0.1193167309153880390 ) ) ;
#1726 = EDGE_CURVE ( 'NONE', #1276, #1501, #1555, .T. ) ;
#1727 = VECTOR ( 'NONE', #4729, 1000.000000000000000 ) ;
#1728 = ORIENTED_EDGE ( 'NONE', *, *, #3403, .F. ) ;
#1729 = CARTESIAN_POINT ( 'NONE',  ( 0.5766559829059828557, 0.7399999999999998801, 0.05221687113974701061 ) ) ;
#1730 = DIRECTION ( 'NONE',  ( -0.000000000000000000, -0.000000000000000000, 1.000000000000000000 ) ) ;
#1731 = CARTESIAN_POINT ( 'NONE',  ( 0.2396166744478153976, 0.7600000000000000089, 0.1198720481058429821 ) ) ;
#1732 = PRESENTATION_STYLE_ASSIGNMENT (( #716 ) ) ;
#1733 = CARTESIAN_POINT ( 'NONE',  ( 0.4994018780127983392, 0.7399999999999997691, 0.2506845956993238866 ) ) ;
#1734 = VERTEX_POINT ( 'NONE', #4852 ) ;
#1735 = B_SPLINE_CURVE_WITH_KNOTS ( 'NONE', 3,
 ( #2971, #353, #3818, #4237, #804, #4271, #4685, #2057, #1704, #3841, #820, #1666, #2068, #1256, #5167 ),
 .UNSPECIFIED., .F., .F.,
 ( 4, 1, 1, 1, 1, 1, 1, 1, 1, 1, 1, 1, 4 ),
 ( 0.000000000000000000, 0.1227119423657785230, 0.2396849640167733886, 0.3518158552560948227, 0.4637661328620819590, 0.5208177931608306555, 0.5794482914480042490, 0.6406041451203190462, 0.7052975118059832127, 0.7736338807131353246, 0.8446693818863784120, 0.9200565080211456914, 1.000000000000000000 ),
 .UNSPECIFIED. ) ;
#1736 = EDGE_CURVE ( 'NONE', #3496, #929, #3655, .T. ) ;
#1737 = ORIENTED_EDGE ( 'NONE', *, *, #2452, .T. ) ;
#1738 = DIRECTION ( 'NONE',  ( -0.000000000000000000, -1.000000000000000000, -0.000000000000000000 ) ) ;
#1739 = CARTESIAN_POINT ( 'NONE',  ( 0.009732525465399937889, 0.7600000000000000089, 0.007406389022562454710 ) ) ;
#1740 = ORIENTED_EDGE ( 'NONE', *, *, #3403, .T. ) ;
#1741 = ORIENTED_EDGE ( 'NONE', *, *, #881, .T. ) ;
#1742 = CARTESIAN_POINT ( 'NONE',  ( 1.941446609406725754, -0.7600000000000002309, 1.199999999999999734 ) ) ;
#1743 = FILL_AREA_STYLE_COLOUR ( '', #749 ) ;
#1744 = ORIENTED_EDGE ( 'NONE', *, *, #1684, .F. ) ;
#1745 = ORIENTED_EDGE ( 'NONE', *, *, #1343, .F. ) ;
#1746 = CARTESIAN_POINT ( 'NONE',  ( -0.3215355803518414879, 0.7400000000000001021, -0.01593448319721313747 ) ) ;
#1747 = CARTESIAN_POINT ( 'NONE',  ( 0.1368165742281664821, 0.7599999999999998979, 0.1486200630909850218 ) ) ;
#1748 = CARTESIAN_POINT ( 'NONE',  ( -1.054999999999999938, -0.02999999999999967276, 17.26000000000000156 ) ) ;
#1749 = CARTESIAN_POINT ( 'NONE',  ( -0.1281575520833332926, 0.7399999999999998801, 0.1924587581589778107 ) ) ;
#1750 = CARTESIAN_POINT ( 'NONE',  ( 0.2374413435405566819, 0.7599999999999997868, 0.07108942131050001445 ) ) ;
#1751 = CARTESIAN_POINT ( 'NONE',  ( -0.9449999999999997291, -0.4399999999999996136, 2.070000000000000284 ) ) ;
#1752 = SURFACE_STYLE_FILL_AREA ( #3175 ) ;
#1753 = STYLED_ITEM ( 'NONE', ( #2258 ), #5142 ) ;
#1754 = LINE ( 'NONE', #3131, #4991 ) ;
#1755 = ORIENTED_EDGE ( 'NONE', *, *, #1359, .T. ) ;
#1756 = CARTESIAN_POINT ( 'NONE',  ( -0.2158502735080268797, 0.7600000000000000089, 0.1255595285804745886 ) ) ;
#1757 = CARTESIAN_POINT ( 'NONE',  ( 0.5714500836847038467, 0.7599999999999998979, 0.1299827022111741670 ) ) ;
#1758 = CARTESIAN_POINT ( 'NONE',  ( -0.3327959848966078882, 0.7599999999999997868, 0.1703268647852373696 ) ) ;
#1759 = CARTESIAN_POINT ( 'NONE',  ( 0.1134253237537554415, 0.7399999999999999911, 0.01404382893790528247 ) ) ;
#1760 = LINE ( 'NONE', #5371, #5456 ) ;
#1761 = CARTESIAN_POINT ( 'NONE',  ( -0.4418878820178354649, 0.7400000000000003242, -0.2265901316930968856 ) ) ;
#1762 = EDGE_CURVE ( 'NONE', #4163, #4026, #1349, .T. ) ;
#1763 = VECTOR ( 'NONE', #3956, 1000.000000000000000 ) ;
#1764 = EDGE_CURVE ( 'NONE', #2805, #1051, #868, .T. ) ;
#1765 = CARTESIAN_POINT ( 'NONE',  ( 0.06784188034188037841, 0.7599999999999998979, -0.1436765583474324537 ) ) ;
#1766 = CARTESIAN_POINT ( 'NONE',  ( 0.1134253237537554415, 0.7399999999999999911, 0.01404382893790528247 ) ) ;
#1767 = LINE ( 'NONE', #3762, #2090 ) ;
#1768 = B_SPLINE_CURVE_WITH_KNOTS ( 'NONE', 3,
 ( #1529, #5411, #226, #3710, #1119, #1689, #1196, #2072, #4199, #1632, #2974, #4663, #2105, #5089, #5482, #3862, #4275, #1709, #2490 ),
 .UNSPECIFIED., .F., .F.,
 ( 4, 1, 1, 1, 1, 1, 1, 1, 1, 1, 1, 1, 1, 1, 1, 1, 4 ),
 ( 0.000000000000000000, 0.07262534608343561293, 0.1419766113262345697, 0.2089849284189387590, 0.2739568703644448822, 0.3368893473968407326, 0.3987449534945903817, 0.4601158852788616582, 0.5208249225900292156, 0.5809944586324857774, 0.6401519276014649984, 0.6986224507562548425, 0.7572710809271645527, 0.8164266940046602805, 0.8762540482034705258, 0.9371652930625374855, 1.000000000000000000 ),
 .UNSPECIFIED. ) ;
#1769 = PRESENTATION_STYLE_ASSIGNMENT (( #4179 ) ) ;
#1770 = ORIENTED_EDGE ( 'NONE', *, *, #3327, .T. ) ;
#1771 = SURFACE_STYLE_USAGE ( .BOTH. , #4379 ) ;
#1772 = EDGE_CURVE ( 'NONE', #425, #103, #1215, .T. ) ;
#1773 = CARTESIAN_POINT ( 'NONE',  ( 0.5237605168269229283, 0.7599999999999998979, 0.1318250776034222138 ) ) ;
#1774 = FACE_OUTER_BOUND ( 'NONE', #4742, .T. ) ;
#1775 = VERTEX_POINT ( 'NONE', #1418 ) ;
#1776 = DIRECTION ( 'NONE',  ( -2.125886612716675080E-16, 0.000000000000000000, -1.000000000000000000 ) ) ;
#1777 = CARTESIAN_POINT ( 'NONE',  ( -0.3211530724705632389, 0.7399999999999996581, 0.1513684937088689286 ) ) ;
#1778 = CARTESIAN_POINT ( 'NONE',  ( 0.1247105482615666200, 0.7399999999999997691, 0.03207697357080436379 ) ) ;
#1779 = AXIS2_PLACEMENT_3D ( 'NONE', #1045, #1879, #5364 ) ;
#1780 = ADVANCED_FACE ( 'NONE', ( #4375 ), #4576, .T. ) ;
#1781 = CARTESIAN_POINT ( 'NONE',  ( -0.3393967058323593133, 0.7599999999999997868, -0.1519376743405413954 ) ) ;
#1782 = ORIENTED_EDGE ( 'NONE', *, *, #4320, .F. ) ;
#1783 = ORIENTED_EDGE ( 'NONE', *, *, #4832, .T. ) ;
#1784 = CARTESIAN_POINT ( 'NONE',  ( -0.8949999999999997957, -1.346972987469857941, 2.020000000000000018 ) ) ;
#1785 = CARTESIAN_POINT ( 'NONE',  ( -0.3770405015064970944, 0.7400000000000001021, -0.2079590198120003508 ) ) ;
#1786 = VERTEX_POINT ( 'NONE', #504 ) ;
#1787 = CARTESIAN_POINT ( 'NONE',  ( 0.1070122046563648510, 0.7400000000000001021, 0.005776318033700902216 ) ) ;
#1788 = CARTESIAN_POINT ( 'NONE',  ( -0.3302008782760163519, 0.7399999999999995470, 0.05278139822689850713 ) ) ;
#1789 = FACE_OUTER_BOUND ( 'NONE', #4924, .T. ) ;
#1790 = FILL_AREA_STYLE_COLOUR ( '', #1312 ) ;
#1791 = CARTESIAN_POINT ( 'NONE',  ( 0.3642851589035067672, 0.7399999999999997691, 0.2133023382607729113 ) ) ;
#1792 = VERTEX_POINT ( 'NONE', #939 ) ;
#1793 = EDGE_LOOP ( 'NONE', ( #5333, #1971, #1128, #4288, #4665, #3810, #5416, #529, #2820, #456, #5505, #1440, #1584 ) ) ;
#1794 = CARTESIAN_POINT ( 'NONE',  ( -0.5322460183980745052, 0.7399999999999998801, 0.1947429943535728958 ) ) ;
#1795 = CARTESIAN_POINT ( 'NONE',  ( 0.06784188034188037841, 0.7599999999999998979, -0.1436765583474324537 ) ) ;
#1796 = FACE_OUTER_BOUND ( 'NONE', #801, .T. ) ;
#1797 = PLANE ( 'NONE',  #3950 ) ;
#1798 = DIRECTION ( 'NONE',  ( -1.000000000000000000, 0.000000000000000000, -0.000000000000000000 ) ) ;
#1799 = ORIENTED_EDGE ( 'NONE', *, *, #3396, .T. ) ;
#1800 = ORIENTED_EDGE ( 'NONE', *, *, #1414, .T. ) ;
#1801 = AXIS2_PLACEMENT_3D ( 'NONE', #1701, #394, #3389 ) ;
#1802 = CARTESIAN_POINT ( 'NONE',  ( 1.055000000000000160, -0.4399999999999996136, 2.020000000000000906 ) ) ;
#1803 = EDGE_CURVE ( 'NONE', #2873, #2728, #3829, .T. ) ;
#1805 = CARTESIAN_POINT ( 'NONE',  ( -0.5636877049064435985, 0.7599999999999998979, 0.2358554495493987158 ) ) ;
#1804 = LINE ( 'NONE', #2146, #646 ) ;
#1806 = CARTESIAN_POINT ( 'NONE',  ( -0.4456363514957264460, 0.7600000000000000089, -0.2266768588282017105 ) ) ;
#1807 = CARTESIAN_POINT ( 'NONE',  ( 0.09571163148241904062, 0.7599999999999998979, -0.2110996347335993839 ) ) ;
#1808 = VERTEX_POINT ( 'NONE', #3592 ) ;
#1809 = VERTEX_POINT ( 'NONE', #2819 ) ;
#1810 = CARTESIAN_POINT ( 'NONE',  ( 0.07685040377526553002, 0.7399999999999995470, 0.05278139822689850713 ) ) ;
#1811 = DIRECTION ( 'NONE',  ( 0.000000000000000000, 0.000000000000000000, 1.000000000000000000 ) ) ;
#1812 = B_SPLINE_CURVE_WITH_KNOTS ( 'NONE', 3,
 ( #4802, #4724, #3532, #3494, #2582, #5227, #423, #5171, #900, #2566, #3018, #3933, #3474, #4350, #1378 ),
 .UNSPECIFIED., .F., .F.,
 ( 4, 1, 1, 1, 1, 1, 1, 1, 1, 1, 1, 1, 4 ),
 ( 0.000000000000000000, 0.09025424934267656241, 0.1785397915286845161, 0.2660930338538199935, 0.3546309779571732435, 0.4418861533505626937, 0.5257469151636485760, 0.6081136336036366830, 0.6901972728278824576, 0.7708214843303351493, 0.8483261812554109271, 0.9240117400247433999, 1.000000000000000000 ),
 .UNSPECIFIED. ) ;
#1813 = EDGE_CURVE ( 'NONE', #3804, #591, #5583, .T. ) ;
#1814 = CARTESIAN_POINT ( 'NONE',  ( -1.485000000000000098, -0.4399999999999996136, 2.020000000000000906 ) ) ;
#1815 = ORIENTED_EDGE ( 'NONE', *, *, #1153, .F. ) ;
#1816 = CARTESIAN_POINT ( 'NONE',  ( 0.3250000000000002887, -1.346972987469857941, 2.020000000000000018 ) ) ;
#1817 = CARTESIAN_POINT ( 'NONE',  ( 0.1145776407664328006, 0.7599999999999997868, -0.1608835870952189384 ) ) ;
#1818 = CARTESIAN_POINT ( 'NONE',  ( -0.08937516906973091979, 0.7399999999999998801, 0.2699729163189711345 ) ) ;
#1819 = CARTESIAN_POINT ( 'NONE',  ( -0.4956911163810583387, 0.7599999999999995648, 0.2140222567754897776 ) ) ;
#1820 = ORIENTED_EDGE ( 'NONE', *, *, #3266, .F. ) ;
#1821 = DIRECTION ( 'NONE',  ( -1.000000000000000000, 0.000000000000000000, -0.000000000000000000 ) ) ;
#1822 = CARTESIAN_POINT ( 'NONE',  ( -0.3800569457461775436, 0.7599999999999998979, 0.2082706626329827171 ) ) ;
#1823 = CARTESIAN_POINT ( 'NONE',  ( -0.01098635636999097803, 0.7600000000000000089, 0.2191298048477073046 ) ) ;
#1824 = CARTESIAN_POINT ( 'NONE',  ( 0.3683427317490444164, 0.7599999999999997868, 0.2711551589442824373 ) ) ;
#1825 = CARTESIAN_POINT ( 'NONE',  ( -0.05329711346794251126, 0.7399999999999999911, -0.2806880342979197196 ) ) ;
#1826 = AXIS2_PLACEMENT_3D ( 'NONE', #4317, #1242, #5154 ) ;
#1827 = LINE ( 'NONE', #5395, #1406 ) ;
#1828 = ORIENTED_EDGE ( 'NONE', *, *, #363, .T. ) ;
#1829 =( GEOMETRIC_REPRESENTATION_CONTEXT ( 3 ) GLOBAL_UNCERTAINTY_ASSIGNED_CONTEXT ( ( #2049 ) ) GLOBAL_UNIT_ASSIGNED_CONTEXT ( ( #1428, #2299, #2736 ) ) REPRESENTATION_CONTEXT ( 'NONE', 'WORKASPACE' ) );
#1830 = CARTESIAN_POINT ( 'NONE',  ( -0.1281575520833332926, 0.7600000000000000089, 0.1924587581589778107 ) ) ;
#1831 = CARTESIAN_POINT ( 'NONE',  ( 0.1421418083163210888, 0.7600000000000000089, 0.09178879451258591116 ) ) ;
#1832 = CARTESIAN_POINT ( 'NONE',  ( -0.06784188034188028127, 0.7599999999999998979, -0.002798653699996567993 ) ) ;
#1833 = DIRECTION ( 'NONE',  ( -0.000000000000000000, -1.000000000000000000, -0.000000000000000000 ) ) ;
#1834 = CARTESIAN_POINT ( 'NONE',  ( -0.2919716047194927389, 0.7599999999999998979, -0.1492786175056393660 ) ) ;
#1835 = FACE_OUTER_BOUND ( 'NONE', #5092, .T. ) ;
#1836 = CARTESIAN_POINT ( 'NONE',  ( -0.3162896345968721490, 0.7399999999999997691, 0.07990182527109881971 ) ) ;
#1837 =( LENGTH_UNIT ( ) NAMED_UNIT ( * ) SI_UNIT ( .MILLI., .METRE. ) );
#1838 = PLANE ( 'NONE',  #2835 ) ;
#1839 = LINE ( 'NONE', #3099, #3262 ) ;
#1840 = CARTESIAN_POINT ( 'NONE',  ( -0.04059912526709395092, 0.7399999999999998801, 0.2753530557017128122 ) ) ;
#1841 = CARTESIAN_POINT ( 'NONE',  ( 0.5748556629410238594, 0.7399999999999998801, 0.1013165863981546622 ) ) ;
#1842 = EDGE_CURVE ( 'NONE', #1875, #522, #2561, .T. ) ;
#1843 = ADVANCED_FACE ( 'NONE', ( #3458 ), #596, .T. ) ;
#1844 = CARTESIAN_POINT ( 'NONE',  ( -0.2170940170940170166, 0.7399999999999999911, 0.1193167309153880390 ) ) ;
#1845 = CARTESIAN_POINT ( 'NONE',  ( -0.06704992836622862551, 0.7399999999999999911, -0.2789053301250217776 ) ) ;
#1846 = EDGE_CURVE ( 'NONE', #2453, #4697, #2298, .T. ) ;
#1847 = CARTESIAN_POINT ( 'NONE',  ( -0.6241452991452990373, 0.7599999999999998979, 0.1193167309153880390 ) ) ;
#1848 = VECTOR ( 'NONE', #3352, 1000.000000000000000 ) ;
#1849 = CARTESIAN_POINT ( 'NONE',  ( -0.9449999999999997291, -0.02999999999999964501, 2.070000000000000284 ) ) ;
#1850 = CARTESIAN_POINT ( 'NONE',  ( -0.2919716047194927389, 0.7399999999999998801, -0.1492786175056393660 ) ) ;
#1851 = CARTESIAN_POINT ( 'NONE',  ( 0.5237605168269229283, 0.7599999999999998979, 0.1318250776034222138 ) ) ;
#1852 = ORIENTED_EDGE ( 'NONE', *, *, #5156, .T. ) ;
#1853 = VERTEX_POINT ( 'NONE', #3658 ) ;
#1854 = CARTESIAN_POINT ( 'NONE',  ( -0.006339315926504967245, 0.7599999999999996758, -0.2233392473724832294 ) ) ;
#1855 = SURFACE_SIDE_STYLE ('',( #1211 ) ) ;
#1856 = FILL_AREA_STYLE_COLOUR ( '', #4287 ) ;
#1857 = ORIENTED_EDGE ( 'NONE', *, *, #1044, .T. ) ;
#1858 = CARTESIAN_POINT ( 'NONE',  ( 0.4122454260149571170, 0.7399999999999999911, 0.2753530557017128122 ) ) ;
#1859 = STYLED_ITEM ( 'NONE', ( #2886 ), #4368 ) ;
#1860 = CARTESIAN_POINT ( 'NONE',  ( 0.4122454260149571170, 0.7599999999999998979, 0.2753530557017128122 ) ) ;
#1861 = COLOUR_RGB ( '',1.000000000000000000, 1.000000000000000000, 1.000000000000000000 ) ;
#1862 = CARTESIAN_POINT ( 'NONE',  ( -0.3249999999999994560, -0.02999999999999967276, 2.530000000000000249 ) ) ;
#1863 = ORIENTED_EDGE ( 'NONE', *, *, #2781, .F. ) ;
#1864 = ORIENTED_EDGE ( 'NONE', *, *, #2581, .F. ) ;
#1865 = CARTESIAN_POINT ( 'NONE',  ( -0.0006628181398763843693, 0.7399999999999997691, 0.005015514890581725116 ) ) ;
#1866 = SURFACE_SIDE_STYLE ('',( #1752 ) ) ;
#1867 = ORIENTED_EDGE ( 'NONE', *, *, #2540, .T. ) ;
#1868 = ADVANCED_FACE ( 'NONE', ( #1076 ), #2716, .T. ) ;
#1869 = CARTESIAN_POINT ( 'NONE',  ( -0.03858506944444438369, 0.7599999999999998979, -0.2266768588282016827 ) ) ;
#1870 = VERTEX_POINT ( 'NONE', #5380 ) ;
#1871 = CARTESIAN_POINT ( 'NONE',  ( 0.1150796773317892679, 0.7400000000000001021, -0.1492786175056393660 ) ) ;
#1872 = SURFACE_STYLE_USAGE ( .BOTH. , #1855 ) ;
#1873 = CARTESIAN_POINT ( 'NONE',  ( 0.02699433630510442508, 0.7399999999999999911, 0.2082706626329827171 ) ) ;
#1874 = CARTESIAN_POINT ( 'NONE',  ( 0.2482265454605069310, 0.7599999999999997868, 0.1678557057500466576 ) ) ;
#1875 = VERTEX_POINT ( 'NONE', #615 ) ;
#1876 = CARTESIAN_POINT ( 'NONE',  ( -0.1469327698838167884, 0.7399999999999997691, 0.1715652971832807849 ) ) ;
#1877 = CARTESIAN_POINT ( 'NONE',  ( -0.5113246998445817315, 0.7399999999999997691, 0.2656332499124307578 ) ) ;
#1878 = CARTESIAN_POINT ( 'NONE',  ( -0.1055443734270591766, 0.7399999999999998801, -0.2673539905252635962 ) ) ;
#1879 = DIRECTION ( 'NONE',  ( -1.000000000000000000, 0.000000000000000000, 0.000000000000000000 ) ) ;
#1880 = VERTEX_POINT ( 'NONE', #3247 ) ;
#1881 = STYLED_ITEM ( 'NONE', ( #5421 ), #5458 ) ;
#1882 = CARTESIAN_POINT ( 'NONE',  ( 0.2857659220621224239, 0.7399999999999998801, 0.1031700238001398567 ) ) ;
#1883 = CARTESIAN_POINT ( 'NONE',  ( -0.5065488111739807620, 0.7600000000000000089, 0.2101693646850491815 ) ) ;
#1884 = ORIENTED_EDGE ( 'NONE', *, *, #2549, .T. ) ;
#1885 = CARTESIAN_POINT ( 'NONE',  ( -1.484999999999999876, -0.02999999999999964501, 1.510000000000000009 ) ) ;
#1886 = CARTESIAN_POINT ( 'NONE',  ( -0.03483659996655345120, 0.7599999999999997868, -0.2265901316930968301 ) ) ;
#1887 = CYLINDRICAL_SURFACE ( 'NONE', #312, 0.7500000000000001110 ) ;
#1888 = PLANE ( 'NONE',  #4978 ) ;
#1889 = FACE_OUTER_BOUND ( 'NONE', #2951, .T. ) ;
#1890 = ORIENTED_EDGE ( 'NONE', *, *, #3291, .F. ) ;
#1891 = CARTESIAN_POINT ( 'NONE',  ( 0.2768680096268353874, 0.7399999999999996581, 0.2192336811082546688 ) ) ;
#1892 = CARTESIAN_POINT ( 'NONE',  ( -0.4808051941932832696, 0.7400000000000001021, 0.2731978099680195671 ) ) ;
#1893 = VECTOR ( 'NONE', #4333, 1000.000000000000000 ) ;
#1894 = CARTESIAN_POINT ( 'NONE',  ( -0.04413705127305534576, 0.7399999999999997691, 0.2210134983352159965 ) ) ;
#1895 = CARTESIAN_POINT ( 'NONE',  ( -0.4418878820178354649, 0.7399999999999998801, -0.2265901316930968856 ) ) ;
#1896 = CARTESIAN_POINT ( 'NONE',  ( -1.054999999999999938, -0.4399999999999996136, 2.020000000000000906 ) ) ;
#1897 = EDGE_CURVE ( 'NONE', #1396, #4671, #5578, .T. ) ;
#1898 = CARTESIAN_POINT ( 'NONE',  ( 0.5278356677139888209, 0.7599999999999996758, 0.1008418186710220432 ) ) ;
#1899 = FACE_OUTER_BOUND ( 'NONE', #432, .T. ) ;
#1900 = PRODUCT_DEFINITION_CONTEXT ( 'detailed design', #4438, 'design' ) ;
#1901 = CARTESIAN_POINT ( 'NONE',  ( -0.5821678161710337474, 0.7599999999999997868, -0.2029814446394118954 ) ) ;
#1902 = DIRECTION ( 'NONE',  ( 0.000000000000000000, 0.000000000000000000, -1.000000000000000000 ) ) ;
#1903 = DIRECTION ( 'NONE',  ( 1.000000000000000000, 0.000000000000000000, 0.000000000000000000 ) ) ;
#1904 = EDGE_CURVE ( 'NONE', #1716, #3547, #1297, .T. ) ;
#1905 = CARTESIAN_POINT ( 'NONE',  ( -0.2646924319422954142, 0.7599999999999998979, 0.1003027052125861213 ) ) ;
#1906 = CARTESIAN_POINT ( 'NONE',  ( 0.5766559829059828557, 0.7599999999999998979, -0.2673819870333298820 ) ) ;
#1907 = CARTESIAN_POINT ( 'NONE',  ( -0.5244222120213978267, 0.7399999999999999911, -0.2612573626517047387 ) ) ;
#1908 = CARTESIAN_POINT ( 'NONE',  ( 0.1108790731837607096, 0.7599999999999998979, 0.01055771649231113454 ) ) ;
#1909 = DIRECTION ( 'NONE',  ( 0.000000000000000000, 0.000000000000000000, -1.000000000000000000 ) ) ;
#1910 = LINE ( 'NONE', #4074, #4945 ) ;
#1911 = CARTESIAN_POINT ( 'NONE',  ( 0.2857090043472008123, 0.7599999999999998979, 0.2284472857858953210 ) ) ;
#1912 = EDGE_CURVE ( 'NONE', #642, #4291, #4570, .T. ) ;
#1913 = CARTESIAN_POINT ( 'NONE',  ( -0.05271979646632815597, 0.7400000000000002132, 0.2208842408357716558 ) ) ;
#1914 = CARTESIAN_POINT ( 'NONE',  ( 0.2860528886767617629, 0.7599999999999998979, 0.1099925410106834395 ) ) ;
#1915 = SURFACE_SIDE_STYLE ('',( #2701 ) ) ;
#1916 = ORIENTED_EDGE ( 'NONE', *, *, #2469, .T. ) ;
#1917 = CARTESIAN_POINT ( 'NONE',  ( -0.06784188034188028127, 0.7599999999999998979, -0.05707215797350084080 ) ) ;
#1918 = CARTESIAN_POINT ( 'NONE',  ( -0.1164366249554993488, 0.7599999999999997868, -0.1971862565315576354 ) ) ;
#1919 = MECHANICAL_DESIGN_GEOMETRIC_PRESENTATION_REPRESENTATION (  '', ( #1652 ), #4250 ) ;
#1920 = CARTESIAN_POINT ( 'NONE',  ( -0.5661066287641617345, 0.7600000000000000089, -0.2263355392281070633 ) ) ;
#1921 = DIRECTION ( 'NONE',  ( -0.000000000000000000, -1.000000000000000000, -0.000000000000000000 ) ) ;
#1922 = CARTESIAN_POINT ( 'NONE',  ( -0.03858506944444439063, 0.7600000000000000089, -0.2266768588282017105 ) ) ;
#1923 = FILL_AREA_STYLE_COLOUR ( '', #5231 ) ;
#1924 = VECTOR ( 'NONE', #3622, 1000.000000000000000 ) ;
#1925 = CARTESIAN_POINT ( 'NONE',  ( 0.1247105482615666200, 0.7599999999999997868, 0.03207697357080436379 ) ) ;
#1926 = ORIENTED_EDGE ( 'NONE', *, *, #4127, .T. ) ;
#1927 = DIRECTION ( 'NONE',  ( 0.000000000000000000, 0.000000000000000000, 1.000000000000000000 ) ) ;
#1929 = CARTESIAN_POINT ( 'NONE',  ( -0.2919716047194927389, 0.7599999999999998979, -0.1492786175056393660 ) ) ;
#1928 = FACE_OUTER_BOUND ( 'NONE', #540, .T. ) ;
#1930 = ORIENTED_EDGE ( 'NONE', *, *, #3954, .T. ) ;
#1931 = CARTESIAN_POINT ( 'NONE',  ( 0.2849358974358974228, 0.7600000000000000089, 0.04967280062692650683 ) ) ;
#1932 = CARTESIAN_POINT ( 'NONE',  ( -0.3737648484656668768, 0.7399999999999998801, -0.08326446271351722883 ) ) ;
#1933 = CARTESIAN_POINT ( 'NONE',  ( 0.02008454136608722046, 0.7600000000000001199, -0.07572728341768479587 ) ) ;
#1934 = VECTOR ( 'NONE', #5320, 1000.000000000000000 ) ;
#1935 = EDGE_CURVE ( 'NONE', #2955, #3903, #2294, .T. ) ;
#1936 = CARTESIAN_POINT ( 'NONE',  ( -0.5947451038965574366, 0.7400000000000002132, -0.1758851487156786741 ) ) ;
#1937 = ORIENTED_EDGE ( 'NONE', *, *, #3872, .T. ) ;
#1938 = CARTESIAN_POINT ( 'NONE',  ( -0.3409686752115278496, 0.7599999999999997868, -0.1599696787731900161 ) ) ;
#1939 = ORIENTED_EDGE ( 'NONE', *, *, #3759, .F. ) ;
#1940 = CARTESIAN_POINT ( 'NONE',  ( 0.2768680096268353874, 0.7399999999999997691, 0.2192336811082546688 ) ) ;
#1941 = CARTESIAN_POINT ( 'NONE',  ( -0.1281575520833332926, 0.7600000000000000089, 0.1924587581589778107 ) ) ;
#1942 = DIRECTION ( 'NONE',  ( -0.000000000000000000, -1.000000000000000000, -0.000000000000000000 ) ) ;
#1943 = EDGE_CURVE ( 'NONE', #2268, #2135, #1146, .T. ) ;
#1944 = EDGE_CURVE ( 'NONE', #4020, #4070, #4241, .T. ) ;
#1945 = VERTEX_POINT ( 'NONE', #1525 ) ;
#1946 = DIRECTION ( 'NONE',  ( -0.000000000000000000, -1.000000000000000000, -0.000000000000000000 ) ) ;
#1947 = FACE_OUTER_BOUND ( 'NONE', #3909, .T. ) ;
#1948 = CARTESIAN_POINT ( 'NONE',  ( -0.1967414529914529309, 0.7400000000000001021, -0.1452666024179452842 ) ) ;
#1949 = CARTESIAN_POINT ( 'NONE',  ( -0.4741012104175107433, 0.7399999999999999911, -0.2789053301250218886 ) ) ;
#1950 = ORIENTED_EDGE ( 'NONE', *, *, #1397, .F. ) ;
#1951 = CARTESIAN_POINT ( 'NONE',  ( -0.2082122768698587423, 0.7599999999999997868, 0.1551870807173011402 ) ) ;
#1952 = CARTESIAN_POINT ( 'NONE',  ( 0.2150000000000001354, -0.02999999999999967276, 2.530000000000001137 ) ) ;
#1953 = CARTESIAN_POINT ( 'NONE',  ( 0.2374447865110898281, 0.7399999999999997691, 0.05868356002069784194 ) ) ;
#1954 = CARTESIAN_POINT ( 'NONE',  ( -0.3535197983440169778, 0.7599999999999998979, -0.03459953511025299494 ) ) ;
#1955 = LINE ( 'NONE', #4752, #1082 ) ;
#1956 = CARTESIAN_POINT ( 'NONE',  ( -0.3120726495726494631, 0.7599999999999998979, 0.1091404488641059822 ) ) ;
#1957 = ADVANCED_FACE ( 'NONE', ( #3323 ), #3744, .T. ) ;
#1958 = CARTESIAN_POINT ( 'NONE',  ( -0.2951633372468782102, 0.7600000000000000089, -0.1109367007083016388 ) ) ;
#1959 = AXIS2_PLACEMENT_3D ( 'NONE', #1687, #4702, #3469 ) ;
#1960 = CARTESIAN_POINT ( 'NONE',  ( 0.09497863247863254366, 0.7599999999999998979, 0.1091404488641059822 ) ) ;
#1961 = VECTOR ( 'NONE', #3738, 1000.000000000000000 ) ;
#1962 = VERTEX_POINT ( 'NONE', #5001 ) ;
#1963 = CARTESIAN_POINT ( 'NONE',  ( -0.3535197983440170333, 0.7600000000000000089, -0.03459953511025300188 ) ) ;
#1964 = CARTESIAN_POINT ( 'NONE',  ( 0.4139124061710826030, 0.7599999999999998979, 0.2209171954927711123 ) ) ;
#1965 = CARTESIAN_POINT ( 'NONE',  ( -1.054999999999999938, -0.4399999999999996136, 17.26000000000000156 ) ) ;
#1966 = CARTESIAN_POINT ( 'NONE',  ( 0.2854140513966917370, 0.7599999999999998979, 0.09504463222005486711 ) ) ;
#1967 = DIRECTION ( 'NONE',  ( -1.000000000000000000, 0.000000000000000000, -0.000000000000000000 ) ) ;
#1968 = EDGE_CURVE ( 'NONE', #724, #1786, #2623, .T. ) ;
#1969 = CARTESIAN_POINT ( 'NONE',  ( -0.3942265723630521412, 0.7599999999999995648, -0.2171905135978169088 ) ) ;
#1970 = ORIENTED_EDGE ( 'NONE', *, *, #2500, .F. ) ;
#1971 = ORIENTED_EDGE ( 'NONE', *, *, #5350, .F. ) ;
#1972 = CARTESIAN_POINT ( 'NONE',  ( 0.2482265454605069310, 0.7399999999999997691, 0.1678557057500466576 ) ) ;
#1973 = DIRECTION ( 'NONE',  ( -0.000000000000000000, 0.7071067811865463515, 0.7071067811865487940 ) ) ;
#1974 = CARTESIAN_POINT ( 'NONE',  ( -0.3400790182021566355, 0.7600000000000000089, 0.04056885120919018900 ) ) ;
#1975 = ORIENTED_EDGE ( 'NONE', *, *, #4044, .F. ) ;
#1976 = EDGE_LOOP ( 'NONE', ( #3620, #3569, #4298, #10 ) ) ;
#1977 = EDGE_CURVE ( 'NONE', #3030, #4625, #1281, .T. ) ;
#1978 = CARTESIAN_POINT ( 'NONE',  ( 0.8950000000000005729, -0.02999999999999967276, 2.020000000000000018 ) ) ;
#1979 = CARTESIAN_POINT ( 'NONE',  ( -0.01098635636999097803, 0.7399999999999999911, 0.2191298048477073046 ) ) ;
#1980 = DIRECTION ( 'NONE',  ( 0.000000000000000000, 0.000000000000000000, -1.000000000000000000 ) ) ;
#1981 = ORIENTED_EDGE ( 'NONE', *, *, #5049, .F. ) ;
#1982 = ORIENTED_EDGE ( 'NONE', *, *, #3432, .T. ) ;
#1983 = ADVANCED_FACE ( 'NONE', ( #3051 ), #590, .T. ) ;
#1984 = VECTOR ( 'NONE', #5137, 1000.000000000000000 ) ;
#1985 = CARTESIAN_POINT ( 'NONE',  ( -0.4393655735959141051, 0.7399999999999999911, -0.2807418366241949403 ) ) ;
#1986 = CARTESIAN_POINT ( 'NONE',  ( 0.2374413435405566819, 0.7599999999999997868, 0.07108942131050001445 ) ) ;
#1987 = ORIENTED_EDGE ( 'NONE', *, *, #5467, .F. ) ;
#1988 = ORIENTED_EDGE ( 'NONE', *, *, #333, .T. ) ;
#1989 = CARTESIAN_POINT ( 'NONE',  ( -0.1318972999118119827, 0.7399999999999998801, 0.2532794095637032061 ) ) ;
#1990 = DIRECTION ( 'NONE',  ( 2.125886612716675080E-16, -0.000000000000000000, 1.000000000000000000 ) ) ;
#1991 = CARTESIAN_POINT ( 'NONE',  ( -0.2777357573089966336, 0.7600000000000001199, 0.1699720140303564719 ) ) ;
#1992 = FACE_OUTER_BOUND ( 'NONE', #4809, .T. ) ;
#1993 = CARTESIAN_POINT ( 'NONE',  ( -0.5766559829059827447, 0.7399999999999998801, 0.1193167309153880390 ) ) ;
#1994 = CARTESIAN_POINT ( 'NONE',  ( 0.5078169735368193161, 0.7400000000000005462, 0.1690267032649678258 ) ) ;
#1995 = CARTESIAN_POINT ( 'NONE',  ( 0.4713800219172640804, 0.7399999999999995470, 0.2041515559060209650 ) ) ;
#1996 = CARTESIAN_POINT ( 'NONE',  ( 0.3495765575173186979, 0.7400000000000002132, 0.2073053555696156014 ) ) ;
#1997 = ORIENTED_EDGE ( 'NONE', *, *, #1480, .T. ) ;
#1998 = ORIENTED_EDGE ( 'NONE', *, *, #2400, .F. ) ;
#1999 = CARTESIAN_POINT ( 'NONE',  ( -0.03975110176282044966, 0.7399999999999999911, 0.2210795514282085372 ) ) ;
#2000 = CARTESIAN_POINT ( 'NONE',  ( -0.06129515647703238229, 0.7399999999999998801, -0.05718325329802085438 ) ) ;
#2001 = CARTESIAN_POINT ( 'NONE',  ( -0.1967414529914529309, 0.7599999999999998979, -0.1452666024179452842 ) ) ;
#2002 = ORIENTED_EDGE ( 'NONE', *, *, #3718, .T. ) ;
#2003 = B_SPLINE_CURVE_WITH_KNOTS ( 'NONE', 3,
 ( #3683, #2396, #4088, #1938, #2812, #704, #3277, #1106, #2004, #4120, #4546, #4103, #1969, #5422, #5011, #235, #183, #2415, #3297 ),
 .UNSPECIFIED., .F., .F.,
 ( 4, 1, 1, 1, 1, 1, 1, 1, 1, 1, 1, 1, 1, 1, 1, 1, 4 ),
 ( 0.000000000000000000, 0.05527454908752651302, 0.1099660938819835287, 0.1632474428518066456, 0.2180761854823605739, 0.2733008743735931834, 0.3309093000114346483, 0.3909945233652107333, 0.4541759534308245638, 0.5188615408488259639, 0.5833105320111676706, 0.6485166818638256059, 0.7150308870971834319, 0.7825020728543327087, 0.8523226850768554907, 0.9249284897844288755, 1.000000000000000000 ),
 .UNSPECIFIED. ) ;
#2004 = CARTESIAN_POINT ( 'NONE',  ( -0.3623210122194123750, 0.7599999999999996758, -0.1959470034983551157 ) ) ;
#2005 = CARTESIAN_POINT ( 'NONE',  ( 0.5665432340390677002, 0.7599999999999998979, 0.1553309589069446217 ) ) ;
#2006 = FACE_OUTER_BOUND ( 'NONE', #2842, .T. ) ;
#2007 = CARTESIAN_POINT ( 'NONE',  ( -0.3215355803518414879, 0.7600000000000001199, -0.01593448319721313747 ) ) ;
#2008 = EDGE_CURVE ( 'NONE', #3803, #1305, #2770, .T. ) ;
#2009 = CARTESIAN_POINT ( 'NONE',  ( -0.6152635589211409295, 0.7599999999999998979, 0.1551870807173011957 ) ) ;
#2010 = ADVANCED_FACE ( 'NONE', ( #1889 ), #2675, .T. ) ;
#2011 = CARTESIAN_POINT ( 'NONE',  ( 0.5237605168269229283, 0.7599999999999998979, 0.1318250776034222138 ) ) ;
#2012 = CARTESIAN_POINT ( 'NONE',  ( -2.045000000000000373, -0.5100000000000002309, -1.510000000000000009 ) ) ;
#2013 = VECTOR ( 'NONE', #5491, 1000.000000000000000 ) ;
#2014 = ORIENTED_EDGE ( 'NONE', *, *, #2549, .F. ) ;
#2015 = CARTESIAN_POINT ( 'NONE',  ( 0.3236567080840497268, 0.7599999999999998979, 0.1916839599853251419 ) ) ;
#2016 =( NAMED_UNIT ( * ) PLANE_ANGLE_UNIT ( ) SI_UNIT ( $, .RADIAN. ) );
#2017 = VECTOR ( 'NONE', #3886, 1000.000000000000000 ) ;
#2018 = CARTESIAN_POINT ( 'NONE',  ( -0.03858506944444438369, 0.7599999999999998979, -0.2266768588282016827 ) ) ;
#2019 = CARTESIAN_POINT ( 'NONE',  ( 0.04473026983186963873, 0.7599999999999997868, -0.1959470034983551157 ) ) ;
#2020 = CARTESIAN_POINT ( 'NONE',  ( -0.03922108707264949923, 0.7599999999999998979, -0.2809503631017059022 ) ) ;
#2021 = DIRECTION ( 'NONE',  ( -1.000000000000000000, 0.000000000000000000, 0.000000000000000000 ) ) ;
#2022 = CARTESIAN_POINT ( 'NONE',  ( -0.5563034188034187144, 0.7599999999999998979, -0.1452666024179452842 ) ) ;
#2023 = VECTOR ( 'NONE', #2997, 1000.000000000000000 ) ;
#2024 = CARTESIAN_POINT ( 'NONE',  ( 0.05542661721687205251, 0.7599999999999997868, 0.02967232945358110746 ) ) ;
#2025 = CARTESIAN_POINT ( 'NONE',  ( 0.5766175623240404891, 0.7600000000000001199, 0.05797698319509338866 ) ) ;
#2026 = VECTOR ( 'NONE', #5083, 1000.000000000000000 ) ;
#2027 = CARTESIAN_POINT ( 'NONE',  ( -2.045000000000000373, -0.7600000000000001199, 1.510000000000000009 ) ) ;
#2028 = DIRECTION ( 'NONE',  ( -0.000000000000000000, -1.000000000000000000, -0.000000000000000000 ) ) ;
#2029 = COLOUR_RGB ( '',0.2509803921568627416, 0.2509803921568627416, 0.2509803921568627416 ) ;
#2030 = ORIENTED_EDGE ( 'NONE', *, *, #1143, .T. ) ;
#2031 = CARTESIAN_POINT ( 'NONE',  ( 0.5223978731832618072, 0.7400000000000003242, 0.1363420577744440809 ) ) ;
#2032 = CARTESIAN_POINT ( 'NONE',  ( 0.1424679487179487669, 0.7399999999999998801, 0.1045823225286358904 ) ) ;
#2033 = DIRECTION ( 'NONE',  ( 0.000000000000000000, 1.000000000000000000, 0.000000000000000000 ) ) ;
#2034 = CARTESIAN_POINT ( 'NONE',  ( 0.08496517631827202321, 0.7600000000000000089, 0.06595852362852007433 ) ) ;
#2035 = CARTESIAN_POINT ( 'NONE',  ( 0.04849025891068804023, 0.7399999999999997691, 0.1955717017539619074 ) ) ;
#2036 = VECTOR ( 'NONE', #1171, 1000.000000000000000 ) ;
#2037 = ORIENTED_EDGE ( 'NONE', *, *, #262, .T. ) ;
#2038 = DIRECTION ( 'NONE',  ( -1.000000000000000000, 0.000000000000000000, 0.000000000000000000 ) ) ;
#2039 = ADVANCED_FACE ( 'NONE', ( #2905 ), #1137, .F. ) ;
#2040 = CARTESIAN_POINT ( 'NONE',  ( -0.4511883333243373873, 0.7399999999999999911, 0.2210134983352159965 ) ) ;
#2041 = CARTESIAN_POINT ( 'NONE',  ( -0.3223605862389044563, 0.7599999999999998979, -0.2263294391008122963 ) ) ;
#2042 = CARTESIAN_POINT ( 'NONE',  ( -0.6241452991452990373, 0.7399999999999997691, 0.1193167309153880390 ) ) ;
#2043 = ORIENTED_EDGE ( 'NONE', *, *, #3043, .F. ) ;
#2044 = VERTEX_POINT ( 'NONE', #2560 ) ;
#2045 = CARTESIAN_POINT ( 'NONE',  ( -0.05256284450022345733, 0.7599999999999996758, -0.001943854750242331219 ) ) ;
#2046 = B_SPLINE_CURVE_WITH_KNOTS ( 'NONE', 3,
 ( #5230, #1360, #505, #3935, #2244, #525, #2643, #4413, #4853, #1347, #1785, #481, #3538, #920, #191, #582, #3196, #1895, #3611 ),
 .UNSPECIFIED., .F., .F.,
 ( 4, 1, 1, 1, 1, 1, 1, 1, 1, 1, 1, 1, 1, 1, 1, 1, 4 ),
 ( 0.000000000000000000, 0.05527454908752651302, 0.1099660938819835287, 0.1632474428518066456, 0.2180761854823605739, 0.2733008743735931834, 0.3309093000114346483, 0.3909945233652107333, 0.4541759534308245638, 0.5188615408488259639, 0.5833105320111676706, 0.6485166818638256059, 0.7150308870971834319, 0.7825020728543327087, 0.8523226850768554907, 0.9249284897844288755, 1.000000000000000000 ),
 .UNSPECIFIED. ) ;
#2047 = EDGE_CURVE ( 'NONE', #3942, #2390, #2976, .T. ) ;
#2048 = CARTESIAN_POINT ( 'NONE',  ( 0.5549094145268849143, 0.7400000000000004352, 0.1880677104627266616 ) ) ;
#2049 = UNCERTAINTY_MEASURE_WITH_UNIT (LENGTH_MEASURE( 1.000000000000000082E-05 ), #1428, 'distance_accuracy_value', 'NONE');
#2050 = EDGE_LOOP ( 'NONE', ( #3447, #3438, #5385, #4887 ) ) ;
#2051 = EDGE_LOOP ( 'NONE', ( #106, #5347, #4223, #1975 ) ) ;
#2052 = CARTESIAN_POINT ( 'NONE',  ( -0.2961722088675212694, 0.7399999999999999911, 0.01055771649231113454 ) ) ;
#2053 = CARTESIAN_POINT ( 'NONE',  ( 0.1153311965811966433, 0.7399999999999998801, -0.1434645524713640541 ) ) ;
#2054 = CARTESIAN_POINT ( 'NONE',  ( -0.3215355803518414879, 0.7600000000000001199, -0.01593448319721313747 ) ) ;
#2055 = ORIENTED_EDGE ( 'NONE', *, *, #2306, .F. ) ;
#2056 = EDGE_CURVE ( 'NONE', #3955, #3803, #934, .T. ) ;
#2057 = CARTESIAN_POINT ( 'NONE',  ( -0.5234879070067813833, 0.7399999999999998801, -0.1971862565315576910 ) ) ;
#2058 = DIRECTION ( 'NONE',  ( -1.000000000000000000, 0.000000000000000000, 0.000000000000000000 ) ) ;
#2059 = CARTESIAN_POINT ( 'NONE',  ( 1.055000000000000160, -0.02999999999999967276, 2.530000000000000249 ) ) ;
#2060 = LINE ( 'NONE', #31, #1519 ) ;
#2061 = DIRECTION ( 'NONE',  ( 0.000000000000000000, 1.000000000000000000, 0.000000000000000000 ) ) ;
#2062 = CARTESIAN_POINT ( 'NONE',  ( 0.01282470968822979444, 0.7599999999999997868, -0.2171905135978169088 ) ) ;
#2063 = DIRECTION ( 'NONE',  ( 1.000000000000000000, 0.000000000000000000, 0.000000000000000000 ) ) ;
#2064 = CARTESIAN_POINT ( 'NONE',  ( -0.6241452991452990373, 0.7599999999999998979, 0.1193167309153880390 ) ) ;
#2065 = CARTESIAN_POINT ( 'NONE',  ( -0.4392561562086764182, 0.7600000000000000089, 0.2751111706970923443 ) ) ;
#2066 = CARTESIAN_POINT ( 'NONE',  ( -0.4227450528882451541, 0.7600000000000000089, 0.2746353940910841729 ) ) ;
#2067 = ORIENTED_EDGE ( 'NONE', *, *, #2917, .T. ) ;
#2068 = CARTESIAN_POINT ( 'NONE',  ( -0.5516311701603560103, 0.7399999999999997691, -0.1558226490891563842 ) ) ;
#2069 = PLANE ( 'NONE',  #1223 ) ;
#2070 = CARTESIAN_POINT ( 'NONE',  ( 2.044999999999999485, -0.03000000000000235464, 1.510000000000000009 ) ) ;
#2071 = ORIENTED_EDGE ( 'NONE', *, *, #1044, .F. ) ;
#2072 = CARTESIAN_POINT ( 'NONE',  ( -0.1590553467128797971, 0.7599999999999998979, -0.2263355392281071188 ) ) ;
#2073 = CIRCLE ( 'NONE', #3572, 0.05000000000000012768 ) ;
#2074 = CARTESIAN_POINT ( 'NONE',  ( -0.006339315926504967245, 0.7599999999999996758, -0.2233392473724832294 ) ) ;
#2075 = CARTESIAN_POINT ( 'NONE',  ( -0.08034404998735029946, 0.7599999999999998979, -0.2761601940416540946 ) ) ;
#2076 = CARTESIAN_POINT ( 'NONE',  ( -0.2158502735080268797, 0.7399999999999999911, 0.1255595285804745886 ) ) ;
#2077 = VECTOR ( 'NONE', #5536, 1000.000000000000000 ) ;
#2078 = ORIENTED_EDGE ( 'NONE', *, *, #1115, .T. ) ;
#2079 = CARTESIAN_POINT ( 'NONE',  ( 0.009732525465399937889, 0.7600000000000000089, 0.007406389022562454710 ) ) ;
#2080 = B_SPLINE_CURVE_WITH_KNOTS ( 'NONE', 3,
 ( #5003, #2916, #5449, #2875, #248, #267, #4592, #3308, #788, #4239, #3429 ),
 .UNSPECIFIED., .F., .F.,
 ( 4, 1, 1, 1, 1, 1, 1, 1, 4 ),
 ( 0.000000000000000000, 0.1497703860319676838, 0.2913164099952439412, 0.4259663731047422242, 0.5521595739695277505, 0.6715274135235923536, 0.7861216286916583584, 0.8953250730704442883, 1.000000000000000000 ),
 .UNSPECIFIED. ) ;
#2081 = CARTESIAN_POINT ( 'NONE',  ( 0.4261301942011347377, 0.7400000000000005462, 0.2750246545284866784 ) ) ;
#2082 = CARTESIAN_POINT ( 'NONE',  ( -0.3223605862389044563, 0.7399999999999998801, -0.2263294391008122963 ) ) ;
#2083 = FACE_OUTER_BOUND ( 'NONE', #1109, .T. ) ;
#2084 = ORIENTED_EDGE ( 'NONE', *, *, #502, .F. ) ;
#2085 = EDGE_CURVE ( 'NONE', #5151, #4417, #1735, .T. ) ;
#2086 = CARTESIAN_POINT ( 'NONE',  ( -0.4748931623931622603, 0.7599999999999998979, -0.002798653699996567993 ) ) ;
#2087 = CARTESIAN_POINT ( 'NONE',  ( 0.1153311965811966433, 0.7399999999999999911, -0.1434645524713640541 ) ) ;
#2088 = LINE ( 'NONE', #4564, #459 ) ;
#2089 = CARTESIAN_POINT ( 'NONE',  ( -0.4188793392919265557, 0.7599999999999998979, -0.06367354875165437411 ) ) ;
#2090 = VECTOR ( 'NONE', #4773, 1000.000000000000000 ) ;
#2091 = EDGE_CURVE ( 'NONE', #1567, #1561, #5332, .T. ) ;
#2092 = FACE_OUTER_BOUND ( 'NONE', #3241, .T. ) ;
#2093 = ORIENTED_EDGE ( 'NONE', *, *, #2333, .T. ) ;
#2094 = CARTESIAN_POINT ( 'NONE',  ( -0.05271979646632815597, 0.7400000000000002132, 0.2208842408357716558 ) ) ;
#2095 = CARTESIAN_POINT ( 'NONE',  ( 0.2468808426816238577, 0.7599999999999998979, 0.1637319619517128011 ) ) ;
#2096 = VECTOR ( 'NONE', #1668, 1000.000000000000000 ) ;
#2097 = CARTESIAN_POINT ( 'NONE',  ( -0.5547158413527034648, 0.7599999999999998979, -0.1488534281509453217 ) ) ;
#2098 = CARTESIAN_POINT ( 'NONE',  ( -1.485000000000000098, -0.4399999999999996136, 1.510000000000000009 ) ) ;
#2099 = CARTESIAN_POINT ( 'NONE',  ( 0.3359300135643355500, 0.7599999999999997868, 0.1998439828300082599 ) ) ;
#2100 = CARTESIAN_POINT ( 'NONE',  ( 0.5766559829059828557, 0.7399999999999998801, -0.2673819870333298820 ) ) ;
#2101 = ORIENTED_EDGE ( 'NONE', *, *, #2147, .T. ) ;
#2102 = CARTESIAN_POINT ( 'NONE',  ( -0.03220487415739440445, 0.7399999999999998801, 0.2751111706970922333 ) ) ;
#2103 = CARTESIAN_POINT ( 'NONE',  ( -0.5166883832369416618, 0.7399999999999998801, 0.2051254953784840962 ) ) ;
#2104 = DIRECTION ( 'NONE',  ( -0.000000000000000000, -1.000000000000000000, -0.000000000000000000 ) ) ;
#2105 = CARTESIAN_POINT ( 'NONE',  ( -0.1055443734270591766, 0.7599999999999998979, -0.2673539905252635962 ) ) ;
#2106 = EDGE_LOOP ( 'NONE', ( #4137, #1334, #3190, #4445, #202 ) ) ;
#2107 = ORIENTED_EDGE ( 'NONE', *, *, #4831, .F. ) ;
#2108 = DIRECTION ( 'NONE',  ( -1.000000000000000000, 0.000000000000000000, 0.000000000000000000 ) ) ;
#2109 = CIRCLE ( 'NONE', #4002, 0.05000000000000012768 ) ;
#2110 = CARTESIAN_POINT ( 'NONE',  ( -0.3749999999999994449, -1.346972987469857941, 2.530000000000000249 ) ) ;
#2111 = DIRECTION ( 'NONE',  ( 0.000000000000000000, 1.000000000000000000, 0.000000000000000000 ) ) ;
#2112 = EDGE_LOOP ( 'NONE', ( #2295, #345, #3530, #1002 ) ) ;
#2113 = ORIENTED_EDGE ( 'NONE', *, *, #4388, .F. ) ;
#2114 = B_SPLINE_CURVE_WITH_KNOTS ( 'NONE', 3,
 ( #4258, #343, #5131, #361, #2470, #3418, #3365, #759, #3379, #3790, #5112, #1200, #4596, #2509, #3399 ),
 .UNSPECIFIED., .F., .F.,
 ( 4, 1, 1, 1, 1, 1, 1, 1, 1, 1, 1, 1, 4 ),
 ( 0.000000000000000000, 0.07964825118022790529, 0.1589216764181125563, 0.2396194947370318962, 0.3226094298185608888, 0.4060346366179243272, 0.4876020954923879769, 0.5696846265959311095, 0.6530361450088340014, 0.7374357177222882198, 0.8224778158555100527, 0.9097476551184072724, 1.000000000000000000 ),
 .UNSPECIFIED. ) ;
#2115 = EDGE_CURVE ( 'NONE', #2120, #896, #1187, .T. ) ;
#2116 = CARTESIAN_POINT ( 'NONE',  ( 0.4526802325772174007, 0.7600000000000000089, 0.2709761586097823582 ) ) ;
#2117 = CIRCLE ( 'NONE', #1959, 0.05000000000000012768 ) ;
#2118 = CARTESIAN_POINT ( 'NONE',  ( 0.06608260683975412941, 0.7399999999999996581, -0.1599696787731899883 ) ) ;
#2119 = ORIENTED_EDGE ( 'NONE', *, *, #3801, .F. ) ;
#2120 = VERTEX_POINT ( 'NONE', #3392 ) ;
#2121 = CARTESIAN_POINT ( 'NONE',  ( -0.4180376384212731167, 0.7599999999999998979, 0.2191298048477073324 ) ) ;
#2122 = ADVANCED_FACE ( 'NONE', ( #1835 ), #4219, .T. ) ;
#2123 = CARTESIAN_POINT ( 'NONE',  ( -0.5412437413150487098, 0.7599999999999997868, -0.1748164176988359075 ) ) ;
#2124 = CARTESIAN_POINT ( 'NONE',  ( 0.1151552726966999368, 0.7599999999999997868, -0.1378694775575425580 ) ) ;
#2125 = CARTESIAN_POINT ( 'NONE',  ( -0.3390271618465728887, 0.7399999999999998801, -0.04456670463136384180 ) ) ;
#2126 = VERTEX_POINT ( 'NONE', #2487 ) ;
#2127 = CARTESIAN_POINT ( 'NONE',  ( 0.3793151956018411819, 0.7600000000000000089, 0.2178370492979512241 ) ) ;
#2128 = FILL_AREA_STYLE ('',( #2544 ) ) ;
#2129 = DIRECTION ( 'NONE',  ( 0.000000000000000000, 0.000000000000000000, 1.000000000000000000 ) ) ;
#2130 = CARTESIAN_POINT ( 'NONE',  ( 0.8950000000000005729, -1.346972987469858163, 2.479999999999999982 ) ) ;
#2131 = LINE ( 'NONE', #4865, #1934 ) ;
#2132 = AXIS2_PLACEMENT_3D ( 'NONE', #338, #3110, #1798 ) ;
#2133 = ORIENTED_EDGE ( 'NONE', *, *, #479, .F. ) ;
#2134 = PRESENTATION_LAYER_ASSIGNMENT (  '', '', ( #1859 ) ) ;
#2135 = VERTEX_POINT ( 'NONE', #12 ) ;
#2136 = CARTESIAN_POINT ( 'NONE',  ( -0.3749999999999994449, -0.02999999999999967276, 2.530000000000000249 ) ) ;
#2137 = CARTESIAN_POINT ( 'NONE',  ( 0.9450000000000006173, -0.02999999999999964501, 2.070000000000000284 ) ) ;
#2138 = CARTESIAN_POINT ( 'NONE',  ( 0.4651521168235843717, 0.7600000000000000089, 0.2675116894453736238 ) ) ;
#2139 = EDGE_LOOP ( 'NONE', ( #2906, #1035, #3513, #1857 ) ) ;
#2140 = CARTESIAN_POINT ( 'NONE',  ( 0.02165754074586668729, 0.7399999999999997691, -0.2129352482600751495 ) ) ;
#2141 = CARTESIAN_POINT ( 'NONE',  ( 0.5290831896415274516, 0.7599999999999998979, 0.06408980409464209993 ) ) ;
#2142 = CARTESIAN_POINT ( 'NONE',  ( 0.008383320655371008859, 0.7599999999999998979, 0.2701985584265108598 ) ) ;
#2143 = VECTOR ( 'NONE', #3891, 1000.000000000000000 ) ;
#2144 = DIRECTION ( 'NONE',  ( 0.7071067811865463515, -0.7071067811865487940, 0.000000000000000000 ) ) ;
#2145 = CARTESIAN_POINT ( 'NONE',  ( 2.044999999999999485, 0.7599999999999998979, 1.510000000000000009 ) ) ;
#2146 = CARTESIAN_POINT ( 'NONE',  ( 1.055000000000000160, -0.4399999999999996136, 1.510000000000000009 ) ) ;
#2147 = EDGE_CURVE ( 'NONE', #3903, #642, #4174, .T. ) ;
#2148 = FACE_OUTER_BOUND ( 'NONE', #3515, .T. ) ;
#2149 = CARTESIAN_POINT ( 'NONE',  ( -1.594999999999999529, -0.4399999999999996136, 2.070000000000000284 ) ) ;
#2150 = CARTESIAN_POINT ( 'NONE',  ( -1.795000000000000373, -0.5100000000000002309, -1.510000000000000009 ) ) ;
#2151 = CARTESIAN_POINT ( 'NONE',  ( 0.5279820556437894163, 0.7399999999999998801, 0.2262430239814654798 ) ) ;
#2152 = VECTOR ( 'NONE', #324, 1000.000000000000000 ) ;
#2153 = B_SPLINE_CURVE_WITH_KNOTS ( 'NONE', 3,
 ( #1201, #4597, #3827, #4630, #5032, #2433, #5452, #720, #3772, #1184, #325 ),
 .UNSPECIFIED., .F., .F.,
 ( 4, 1, 1, 1, 1, 1, 1, 1, 4 ),
 ( 0.000000000000000000, 0.1281355097972547985, 0.2541727119019795422, 0.3781116451390017508, 0.5017122630072844425, 0.6239863093684847595, 0.7470956136177411278, 0.8728746366500621523, 1.000000000000000000 ),
 .UNSPECIFIED. ) ;
#2154 = CARTESIAN_POINT ( 'NONE',  ( 0.5096451121885182678, 0.7400000000000007683, 0.2431539981222761992 ) ) ;
#2155 = DIRECTION ( 'NONE',  ( 0.000000000000000000, -0.000000000000000000, 1.000000000000000000 ) ) ;
#2156 = EDGE_CURVE ( 'NONE', #4766, #3883, #2591, .T. ) ;
#2157 = LINE ( 'NONE', #258, #5339 ) ;
#2158 = CARTESIAN_POINT ( 'NONE',  ( -0.5263295324625394400, 0.7600000000000001199, 0.1993044158257502863 ) ) ;
#2159 = CARTESIAN_POINT ( 'NONE',  ( 1.055000000000000160, -0.4399999999999996136, 2.020000000000000906 ) ) ;
#2160 = CYLINDRICAL_SURFACE ( 'NONE', #2897, 0.05000000000000012768 ) ;
#2161 = ADVANCED_FACE ( 'NONE', ( #2083 ), #874, .T. ) ;
#2162 = DIRECTION ( 'NONE',  ( -0.000000000000000000, -1.000000000000000000, -0.000000000000000000 ) ) ;
#2163 = LINE ( 'NONE', #4943, #4723 ) ;
#2164 = VERTEX_POINT ( 'NONE', #3915 ) ;
#2165 = LINE ( 'NONE', #3184, #4392 ) ;
#2166 = CARTESIAN_POINT ( 'NONE',  ( 1.254999999999999671, 0.7599999999999998979, 1.510000000000000009 ) ) ;
#2167 = LINE ( 'NONE', #2654, #5087 ) ;
#2168 = EDGE_LOOP ( 'NONE', ( #4905, #3491, #1127, #238 ) ) ;
#2169 = CARTESIAN_POINT ( 'NONE',  ( -0.1445798881090739896, 0.7399999999999999911, -0.1558226490891563842 ) ) ;
#2170 = FILL_AREA_STYLE ('',( #4711 ) ) ;
#2171 = DIRECTION ( 'NONE',  ( -1.000000000000000000, 0.000000000000000000, 0.000000000000000000 ) ) ;
#2172 = ORIENTED_EDGE ( 'NONE', *, *, #5082, .T. ) ;
#2173 = CARTESIAN_POINT ( 'NONE',  ( -0.2149999999999999134, -0.4399999999999997247, 1.510000000000000009 ) ) ;
#2174 = CARTESIAN_POINT ( 'NONE',  ( 2.044999999999999485, -0.7600000000000001199, -1.510000000000000009 ) ) ;
#2175 = CARTESIAN_POINT ( 'NONE',  ( -0.4468023838141024773, 0.7599999999999998979, 0.2210795514282085372 ) ) ;
#2176 = CARTESIAN_POINT ( 'NONE',  ( 0.2374465811965811024, 0.7599999999999998979, -0.2673819870333298820 ) ) ;
#2177 = CARTESIAN_POINT ( 'NONE',  ( -0.3403766017795399890, 0.7599999999999996758, 0.1792490791078872325 ) ) ;
#2178 = ORIENTED_EDGE ( 'NONE', *, *, #4110, .T. ) ;
#2179 = CARTESIAN_POINT ( 'NONE',  ( -0.3489862201773195061, 0.7399999999999999911, 0.1877794718165550769 ) ) ;
#2180 = EDGE_CURVE ( 'NONE', #146, #1276, #800, .T. ) ;
#2181 = CARTESIAN_POINT ( 'NONE',  ( 0.2374447865110898281, 0.7599999999999997868, 0.05868356002069784194 ) ) ;
#2182 = EDGE_CURVE ( 'NONE', #2135, #3424, #3296, .T. ) ;
#2183 = ORIENTED_EDGE ( 'NONE', *, *, #2500, .T. ) ;
#2184 = CARTESIAN_POINT ( 'NONE',  ( -1.254999999999998117, 0.7599999999999998979, 1.510000000000000009 ) ) ;
#2185 = CARTESIAN_POINT ( 'NONE',  ( 0.1303664500673958615, 0.7399999999999999911, 0.04331821064083638678 ) ) ;
#2186 = LINE ( 'NONE', #1325, #5433 ) ;
#2187 = MECHANICAL_DESIGN_GEOMETRIC_PRESENTATION_REPRESENTATION (  '', ( #2515 ), #2780 ) ;
#2188 = ORIENTED_EDGE ( 'NONE', *, *, #1026, .T. ) ;
#2189 = B_SPLINE_CURVE_WITH_KNOTS ( 'NONE', 3,
 ( #5359, #2318, #3997, #1038, #4867, #116, #2741, #1130, #4515, #2381, #1941 ),
 .UNSPECIFIED., .F., .F.,
 ( 4, 1, 1, 1, 1, 1, 1, 1, 4 ),
 ( 0.000000000000000000, 0.1497703860319677949, 0.2913164099952441632, 0.4259663731047424462, 0.5521595739695280836, 0.6715274135235925757, 0.7861216286916586915, 0.8953250730704445104, 1.000000000000000000 ),
 .UNSPECIFIED. ) ;
#2190 = EDGE_CURVE ( 'NONE', #4041, #4491, #5272, .T. ) ;
#2191 = FACE_OUTER_BOUND ( 'NONE', #1708, .T. ) ;
#2192 =( LENGTH_UNIT ( ) NAMED_UNIT ( * ) SI_UNIT ( .MILLI., .METRE. ) );
#2193 = CARTESIAN_POINT ( 'NONE',  ( 0.5291380234570262076, 0.7399999999999999911, 0.05461966177854746252 ) ) ;
#2194 = CARTESIAN_POINT ( 'NONE',  ( -0.05738852607644963355, 0.7399999999999998801, 0.2749635032441701821 ) ) ;
#2195 = DIRECTION ( 'NONE',  ( -0.7071067811865486830, -0.7071067811865464625, 0.000000000000000000 ) ) ;
#2196 = CARTESIAN_POINT ( 'NONE',  ( 0.4885252415573402840, 0.7600000000000001199, 0.2573064015655685544 ) ) ;
#2197 = CARTESIAN_POINT ( 'NONE',  ( -0.3170481678417820248, 0.7599999999999998979, 0.1413210960091365043 ) ) ;
#2198 = CARTESIAN_POINT ( 'NONE',  ( 0.1347736856084643664, 0.7399999999999997691, 0.05498397798048406532 ) ) ;
#2199 = CARTESIAN_POINT ( 'NONE',  ( -0.4456363514957264460, 0.7599999999999998979, -0.2266768588282016827 ) ) ;
#2200 = EDGE_LOOP ( 'NONE', ( #4767, #1606, #1449, #1691, #3597, #2595, #1497, #5383 ) ) ;
#2201 = VERTEX_POINT ( 'NONE', #2159 ) ;
#2202 = DIRECTION ( 'NONE',  ( 1.000000000000000000, 0.000000000000000000, 0.000000000000000000 ) ) ;
#2203 = CARTESIAN_POINT ( 'NONE',  ( 0.1247105482615666200, 0.7599999999999997868, 0.03207697357080436379 ) ) ;
#2204 = DIRECTION ( 'NONE',  ( 0.000000000000000000, 0.000000000000000000, -1.000000000000000000 ) ) ;
#2205 = LINE ( 'NONE', #1419, #1068 ) ;
#2206 = CARTESIAN_POINT ( 'NONE',  ( 0.1108790731837607096, 0.7599999999999998979, 0.01055771649231113454 ) ) ;
#2207 = PLANE ( 'NONE',  #810 ) ;
#2208 = STYLED_ITEM ( 'NONE', ( #698 ), #5079 ) ;
#2209 = CARTESIAN_POINT ( 'NONE',  ( 0.4045668995517869293, 0.7399999999999997691, 0.2209206453941021109 ) ) ;
#2210 = LINE ( 'NONE', #1390, #1072 ) ;
#2211 = ORIENTED_EDGE ( 'NONE', *, *, #1904, .F. ) ;
#2212 = CARTESIAN_POINT ( 'NONE',  ( -0.5465119071652057015, 0.7599999999999997868, -0.1656809325133725141 ) ) ;
#2213 = CARTESIAN_POINT ( 'NONE',  ( -0.3919904867385374803, 0.7399999999999997691, 0.2129244342223081676 ) ) ;
#2214 = UNCERTAINTY_MEASURE_WITH_UNIT (LENGTH_MEASURE( 1.000000000000000082E-05 ), #5330, 'distance_accuracy_value', 'NONE');
#2215 = CARTESIAN_POINT ( 'NONE',  ( -0.3263515420300836523, 0.7399999999999998801, 0.1610504477046010297 ) ) ;
#2216 = LINE ( 'NONE', #1965, #4312 ) ;
#2217 = DIRECTION ( 'NONE',  ( -0.000000000000000000, -0.7071067811865463515, -0.7071067811865487940 ) ) ;
#2218 =( GEOMETRIC_REPRESENTATION_CONTEXT ( 3 ) GLOBAL_UNCERTAINTY_ASSIGNED_CONTEXT ( ( #5400 ) ) GLOBAL_UNIT_ASSIGNED_CONTEXT ( ( #1837, #2652, #2696 ) ) REPRESENTATION_CONTEXT ( 'NONE', 'WORKASPACE' ) );
#2219 = CARTESIAN_POINT ( 'NONE',  ( -0.03922108707264949923, 0.7399999999999997691, -0.2809503631017059022 ) ) ;
#2220 = DIRECTION ( 'NONE',  ( 0.000000000000000000, 1.000000000000000000, 0.000000000000000000 ) ) ;
#2221 = LINE ( 'NONE', #1540, #5524 ) ;
#2222 = DIRECTION ( 'NONE',  ( -0.000000000000000000, -1.000000000000000000, -0.000000000000000000 ) ) ;
#2223 = CARTESIAN_POINT ( 'NONE',  ( 0.1381866392849887271, 0.7599999999999998979, 0.06693906457532636245 ) ) ;
#2224 = CARTESIAN_POINT ( 'NONE',  ( 0.2849358974358973673, 0.7599999999999998979, -0.2673819870333298820 ) ) ;
#2225 = VECTOR ( 'NONE', #3488, 1000.000000000000000 ) ;
#2226 = DIRECTION ( 'NONE',  ( 0.000000000000000000, 0.000000000000000000, -1.000000000000000000 ) ) ;
#2227 = B_SPLINE_CURVE_WITH_KNOTS ( 'NONE', 3,
 ( #1443, #4456, #1534, #3253, #4542, #1966, #4135, #5451, #3733, #2392, #4154 ),
 .UNSPECIFIED., .F., .F.,
 ( 4, 1, 1, 1, 1, 1, 1, 1, 4 ),
 ( 0.000000000000000000, 0.1910785917157205305, 0.3626045563099716262, 0.5160987502785598924, 0.6500380260398399557, 0.7659767209867913706, 0.8623740257993892655, 0.9408420582211758365, 1.000000000000000000 ),
 .UNSPECIFIED. ) ;
#2228 = ORIENTED_EDGE ( 'NONE', *, *, #3115, .F. ) ;
#2229 = B_SPLINE_SURFACE_WITH_KNOTS ( 'NONE', 3, 1, ( 
 ( #1091, #1993 ),
 ( #277, #5016 ),
 ( #4982, #2851 ),
 ( #2458, #2866 ),
 ( #2401, #3319 ),
 ( #3263, #4607 ),
 ( #4161, #657 ),
 ( #5041, #3283 ),
 ( #1547, #2441 ),
 ( #2891, #4123 ),
 ( #3689, #3705 ) ),
 .UNSPECIFIED., .F., .F., .F.,
 ( 4, 1, 1, 1, 1, 1, 1, 1, 4 ),
 ( 2, 2 ),
 ( 0.000000000000000000, 0.1497703860319676838, 0.2913164099952439412, 0.4259663731047422242, 0.5521595739695277505, 0.6715274135235923536, 0.7861216286916583584, 0.8953250730704442883, 1.000000000000000000 ),
 ( 0.000000000000000000, 1.000000000000000000 ),
 .UNSPECIFIED. ) ;
#2230 = CARTESIAN_POINT ( 'NONE',  ( -0.3973187565858821158, 0.7600000000000000089, 0.007406389022562460782 ) ) ;
#2231 = FILL_AREA_STYLE ('',( #5235 ) ) ;
#2232 = FACE_OUTER_BOUND ( 'NONE', #3835, .T. ) ;
#2233 = CARTESIAN_POINT ( 'NONE',  ( -0.2961722088675212694, 0.7599999999999998979, 0.01055771649231113454 ) ) ;
#2234 = LINE ( 'NONE', #746, #4124 ) ;
#2235 = ORIENTED_EDGE ( 'NONE', *, *, #952, .T. ) ;
#2236 = CARTESIAN_POINT ( 'NONE',  ( 1.055000000000000160, -0.02999999999999964501, 1.510000000000000009 ) ) ;
#2237 = CARTESIAN_POINT ( 'NONE',  ( -0.3489862201773195061, 0.7399999999999998801, 0.1877794718165550769 ) ) ;
#2238 = CARTESIAN_POINT ( 'NONE',  ( 0.07425529715467403535, 0.7399999999999998801, 0.1703268647852373696 ) ) ;
#2239 = CARTESIAN_POINT ( 'NONE',  ( 0.4122454260149571170, 0.7399999999999997691, 0.2753530557017128122 ) ) ;
#2240 = ORIENTED_EDGE ( 'NONE', *, *, #2581, .T. ) ;
#2241 = ORIENTED_EDGE ( 'NONE', *, *, #155, .T. ) ;
#2242 = CARTESIAN_POINT ( 'NONE',  ( -0.5113246998445817315, 0.7599999999999994538, 0.2656332499124307578 ) ) ;
#2243 = DIRECTION ( 'NONE',  ( -2.125886612716675080E-16, 0.000000000000000000, -1.000000000000000000 ) ) ;
#2244 = CARTESIAN_POINT ( 'NONE',  ( -0.3433308814077237758, 0.7399999999999998801, -0.1677561313120304598 ) ) ;
#2245 = CARTESIAN_POINT ( 'NONE',  ( 0.1423588501089866065, 0.7599999999999998979, 0.1003027052125861213 ) ) ;
#2246 = CARTESIAN_POINT ( 'NONE',  ( -0.4683464385283143683, 0.7599999999999998979, -0.05718325329802085438 ) ) ;
#2247 = VERTEX_POINT ( 'NONE', #497 ) ;
#2248 = EDGE_LOOP ( 'NONE', ( #4214, #2084, #2804, #4411 ) ) ;
#2249 = CARTESIAN_POINT ( 'NONE',  ( 0.05916057041061434374, 0.7399999999999999911, -0.03188140679386135268 ) ) ;
#2250 =( LENGTH_UNIT ( ) NAMED_UNIT ( * ) SI_UNIT ( .MILLI., .METRE. ) );
#2251 = ADVANCED_FACE ( 'NONE', ( #2836 ), #4346, .T. ) ;
#2252 = LINE ( 'NONE', #2776, #1924 ) ;
#2253 = EDGE_CURVE ( 'NONE', #4032, #5417, #5465, .T. ) ;
#2254 = ORIENTED_EDGE ( 'NONE', *, *, #72, .F. ) ;
#2255 = CARTESIAN_POINT ( 'NONE',  ( -0.04625656709561524332, 0.7599999999999998979, 0.2752217901257265065 ) ) ;
#2256 = CARTESIAN_POINT ( 'NONE',  ( -0.4748931623931622603, 0.7399999999999998801, -0.05707215797350084080 ) ) ;
#2257 = CARTESIAN_POINT ( 'NONE',  ( -0.2645833333333332260, 0.7399999999999998801, 0.1045823225286358904 ) ) ;
#2258 = PRESENTATION_STYLE_ASSIGNMENT (( #3015 ) ) ;
#2259 = CARTESIAN_POINT ( 'NONE',  ( 0.09489886259005848868, 0.7599999999999998979, 0.1128239493525657056 ) ) ;
#2260 = EDGE_LOOP ( 'NONE', ( #2784, #553, #159, #2376 ) ) ;
#2261 = VERTEX_POINT ( 'NONE', #554 ) ;
#2262 = AXIS2_PLACEMENT_3D ( 'NONE', #1210, #5479, #4218 ) ;
#2263 = CARTESIAN_POINT ( 'NONE',  ( -0.3749999999999994449, -0.02999999999999967276, 2.070000000000000284 ) ) ;
#2264 = CARTESIAN_POINT ( 'NONE',  ( -0.1696047008547007795, 0.7599999999999998979, 0.1193167309153880390 ) ) ;
#2265 = B_SPLINE_SURFACE_WITH_KNOTS ( 'NONE', 3, 1, ( 
 ( #1086, #4920 ),
 ( #4508, #2757 ),
 ( #5373, #2393 ),
 ( #4052, #1936 ),
 ( #143, #4101 ),
 ( #3204, #1483 ),
 ( #589, #1069 ),
 ( #4527, #1499 ),
 ( #4938, #3639 ),
 ( #1463, #4958 ),
 ( #163, #5355 ),
 ( #669, #3255 ),
 ( #1538, #4976 ),
 ( #4480, #5389 ),
 ( #1516, #2328 ),
 ( #181, #1949 ),
 ( #2345, #3220 ),
 ( #3240, #4494 ),
 ( #629, #2772 ) ),
 .UNSPECIFIED., .F., .F., .F.,
 ( 4, 1, 1, 1, 1, 1, 1, 1, 1, 1, 1, 1, 1, 1, 1, 1, 4 ),
 ( 2, 2 ),
 ( 0.000000000000000000, 0.07262534608343555742, 0.1419766113262345419, 0.2089849284189387035, 0.2739568703644449377, 0.3368893473968406771, 0.3987449534945904928, 0.4601158852788617692, 0.5208249225900293267, 0.5809944586324858884, 0.6401519276014651094, 0.6986224507562546204, 0.7572710809271644417, 0.8164266940046603915, 0.8762540482034707479, 0.9371652930625373745, 1.000000000000000000 ),
 ( 0.000000000000000000, 1.000000000000000000 ),
 .UNSPECIFIED. ) ;
#2267 = CARTESIAN_POINT ( 'NONE',  ( -0.5389485819630940311, 0.7600000000000000089, 0.2532794095637033172 ) ) ;
#2266 = LINE ( 'NONE', #4185, #5550 ) ;
#2268 = VERTEX_POINT ( 'NONE', #3604 ) ;
#2269 = DIRECTION ( 'NONE',  ( 0.000000000000000000, 1.000000000000000000, -0.000000000000000000 ) ) ;
#2270 = CARTESIAN_POINT ( 'NONE',  ( 0.1424679487179487669, 0.7599999999999998979, 0.1045823225286358904 ) ) ;
#2271 =( NAMED_UNIT ( * ) SI_UNIT ( $, .STERADIAN. ) SOLID_ANGLE_UNIT ( ) );
#2272 = DIRECTION ( 'NONE',  ( 0.000000000000000000, 0.000000000000000000, 1.000000000000000000 ) ) ;
#2273 = EDGE_CURVE ( 'NONE', #3414, #829, #1754, .T. ) ;
#2274 = ORIENTED_EDGE ( 'NONE', *, *, #4952, .F. ) ;
#2275 = EDGE_LOOP ( 'NONE', ( #166, #828, #3176, #3679 ) ) ;
#2276 = CARTESIAN_POINT ( 'NONE',  ( -0.02746277857976221065, 0.7599999999999997868, -0.2264195259545619676 ) ) ;
#2277 = CARTESIAN_POINT ( 'NONE',  ( 0.04428813323298463195, 0.7399999999999998801, -0.09164264504010297130 ) ) ;
#2278 =( LENGTH_UNIT ( ) NAMED_UNIT ( * ) SI_UNIT ( .MILLI., .METRE. ) );
#2279 = VERTEX_POINT ( 'NONE', #3962 ) ;
#2280 = CARTESIAN_POINT ( 'NONE',  ( -1.795000000000000373, -0.5100000000000002309, 1.510000000000000009 ) ) ;
#2281 = ORIENTED_EDGE ( 'NONE', *, *, #4466, .F. ) ;
#2282 = CARTESIAN_POINT ( 'NONE',  ( 0.02008454136608722046, 0.7600000000000001199, -0.07572728341768479587 ) ) ;
#2283 = CARTESIAN_POINT ( 'NONE',  ( -0.01098635636999097803, 0.7400000000000001021, 0.2191298048477073046 ) ) ;
#2284 = ADVANCED_FACE ( 'NONE', ( #733 ), #1888, .F. ) ;
#2285 = CARTESIAN_POINT ( 'NONE',  ( 0.2482265454605069310, 0.7399999999999996581, 0.1678557057500466576 ) ) ;
#2286 = CARTESIAN_POINT ( 'NONE',  ( -0.1618645343416919569, 0.7599999999999998979, 0.1427221491312525015 ) ) ;
#2287 = CARTESIAN_POINT ( 'NONE',  ( -0.6021375178777828019, 0.7600000000000002309, 0.1866791128229507990 ) ) ;
#2288 = CYLINDRICAL_SURFACE ( 'NONE', #4777, 0.05000000000000012768 ) ;
#2289 = AXIS2_PLACEMENT_3D ( 'NONE', #478, #3533, #3676 ) ;
#2290 = CARTESIAN_POINT ( 'NONE',  ( -0.9449999999999996181, -1.346972987469857941, 2.530000000000000249 ) ) ;
#2291 = CARTESIAN_POINT ( 'NONE',  ( -0.4683464385283143683, 0.7399999999999997691, -0.05718325329802085438 ) ) ;
#2292 = CARTESIAN_POINT ( 'NONE',  ( 0.09931604714031443126, 0.7599999999999998979, -0.003740011632993730031 ) ) ;
#2293 = CARTESIAN_POINT ( 'NONE',  ( 0.5252248893435859101, 0.7600000000000001199, 0.1257976917081018164 ) ) ;
#2294 = LINE ( 'NONE', #1978, #4856 ) ;
#2295 = ORIENTED_EDGE ( 'NONE', *, *, #841, .F. ) ;
#2296 = CARTESIAN_POINT ( 'NONE',  ( -0.5145959110082780619, 0.7600000000000000089, -0.2049667411457315735 ) ) ;
#2297 =( BOUNDED_CURVE ( )  B_SPLINE_CURVE ( 3, ( #5308, #608, #4446, #957 ),
 .UNSPECIFIED., .F., .F. ) 
 B_SPLINE_CURVE_WITH_KNOTS ( ( 4, 4 ),
 ( 4.712388980384689674, 6.283185307179586232 ),
 .UNSPECIFIED. ) 
 CURVE ( )  GEOMETRIC_REPRESENTATION_ITEM ( )  RATIONAL_B_SPLINE_CURVE ( ( 1.000000000000000000, 0.8047378541243649375, 0.8047378541243649375, 1.000000000000000000 ) ) 
 REPRESENTATION_ITEM ( '' )  );
#2298 = LINE ( 'NONE', #2750, #388 ) ;
#2299 =( NAMED_UNIT ( * ) PLANE_ANGLE_UNIT ( ) SI_UNIT ( $, .RADIAN. ) );
#2300 = CARTESIAN_POINT ( 'NONE',  ( 0.05806506187396250074, 0.7600000000000000089, 0.1877794718165550769 ) ) ;
#2301 = CARTESIAN_POINT ( 'NONE',  ( -0.4748931623931622603, 0.7399999999999998801, -0.002798653699996567993 ) ) ;
#2302 = LINE ( 'NONE', #3400, #1159 ) ;
#2303 = CARTESIAN_POINT ( 'NONE',  ( -0.4964264511210132458, 0.7600000000000004530, 0.2699729163189711900 ) ) ;
#2304 = CARTESIAN_POINT ( 'NONE',  ( -0.2777357573089966336, 0.7400000000000001021, 0.1699720140303564719 ) ) ;
#2305 = VECTOR ( 'NONE', #1120, 1000.000000000000000 ) ;
#2306 = EDGE_CURVE ( 'NONE', #2856, #3942, #1690, .T. ) ;
#2307 = DIRECTION ( 'NONE',  ( -0.000000000000000000, -0.000000000000000000, -1.000000000000000000 ) ) ;
#2308 = ORIENTED_EDGE ( 'NONE', *, *, #2626, .T. ) ;
#2309 = CARTESIAN_POINT ( 'NONE',  ( -0.3392094017094016145, 0.7599999999999998979, -0.1436765583474324537 ) ) ;
#2310 = CARTESIAN_POINT ( 'NONE',  ( -0.4533078491468972016, 0.7399999999999998801, 0.2752217901257265065 ) ) ;
#2311 = ADVANCED_FACE ( 'NONE', ( #5209 ), #905, .T. ) ;
#2312 = AXIS2_PLACEMENT_3D ( 'NONE', #1274, #822, #2973 ) ;
#2313 = VECTOR ( 'NONE', #5331, 1000.000000000000000 ) ;
#2314 = LINE ( 'NONE', #4449, #1712 ) ;
#2315 = ORIENTED_EDGE ( 'NONE', *, *, #2180, .T. ) ;
#2316 = ORIENTED_EDGE ( 'NONE', *, *, #178, .T. ) ;
#2317 = CARTESIAN_POINT ( 'NONE',  ( 0.09489886259005848868, 0.7399999999999999911, 0.1128239493525657056 ) ) ;
#2318 = CARTESIAN_POINT ( 'NONE',  ( -0.1683674651250395837, 0.7599999999999998979, 0.1233911650643369634 ) ) ;
#2319 = CARTESIAN_POINT ( 'NONE',  ( -0.5125956554783410724, 0.7399999999999997691, -0.2673539905252635962 ) ) ;
#2320 = CARTESIAN_POINT ( 'NONE',  ( -0.5636877049064435985, 0.7400000000000002132, 0.2358554495493987158 ) ) ;
#2321 = CARTESIAN_POINT ( 'NONE',  ( 0.3971675382663203968, 0.7599999999999998979, 0.2750016176874736651 ) ) ;
#2322 = EDGE_LOOP ( 'NONE', ( #4839, #3171, #5468, #1677 ) ) ;
#2323 = ORIENTED_EDGE ( 'NONE', *, *, #1060, .T. ) ;
#2324 = CARTESIAN_POINT ( 'NONE',  ( -0.08863983432977651233, 0.7599999999999998979, 0.2140222567754898331 ) ) ;
#2325 = FACE_OUTER_BOUND ( 'NONE', #2275, .T. ) ;
#2326 = PLANE ( 'NONE',  #2896 ) ;
#2327 = ORIENTED_EDGE ( 'NONE', *, *, #3482, .T. ) ;
#2328 = CARTESIAN_POINT ( 'NONE',  ( -0.4873953320386322230, 0.7399999999999996581, -0.2761601940416539835 ) ) ;
#2329 = DIRECTION ( 'NONE',  ( -0.000000000000000000, -1.000000000000000000, -0.000000000000000000 ) ) ;
#2330 = CARTESIAN_POINT ( 'NONE',  ( 0.2374465811965811302, 0.7399999999999999911, 0.05221687113974701755 ) ) ;
#2331 = EDGE_CURVE ( 'NONE', #75, #3804, #5396, .T. ) ;
#2332 = ORIENTED_EDGE ( 'NONE', *, *, #4066, .F. ) ;
#2333 = EDGE_CURVE ( 'NONE', #275, #4020, #4704, .T. ) ;
#2334 = CARTESIAN_POINT ( 'NONE',  ( 0.01901794668394248336, 0.7599999999999996758, 0.01022986579048607188 ) ) ;
#2335 = CARTESIAN_POINT ( 'NONE',  ( -0.3223605862389044563, 0.7599999999999998979, -0.2263294391008122963 ) ) ;
#2336 = CARTESIAN_POINT ( 'NONE',  ( -0.2149999999999999134, -0.4399999999999996136, 17.26000000000000156 ) ) ;
#2337 = CARTESIAN_POINT ( 'NONE',  ( -0.3394001243868244311, 0.7599999999999997868, -0.1399152004083543122 ) ) ;
#2338 = ORIENTED_EDGE ( 'NONE', *, *, #262, .F. ) ;
#2339 = CARTESIAN_POINT ( 'NONE',  ( 0.2850050013343298771, 0.7399999999999998801, 0.07479662812394283211 ) ) ;
#2340 = CARTESIAN_POINT ( 'NONE',  ( 0.1424679487179487669, 0.7399999999999999911, 0.1045823225286358904 ) ) ;
#2341 = CARTESIAN_POINT ( 'NONE',  ( -1.054999999999999938, -0.02999999999999967276, 17.26000000000000156 ) ) ;
#2342 = CARTESIAN_POINT ( 'NONE',  ( -0.5642488276394636015, 0.7399999999999997691, 0.1531781881307159032 ) ) ;
#2343 = FACE_OUTER_BOUND ( 'NONE', #2260, .T. ) ;
#2344 = CARTESIAN_POINT ( 'NONE',  ( 0.06727171992806589562, 0.7399999999999997691, -0.1324320779949745841 ) ) ;
#2345 = CARTESIAN_POINT ( 'NONE',  ( -0.4603483955192244625, 0.7600000000000000089, -0.2806880342979197196 ) ) ;
#2346 = CARTESIAN_POINT ( 'NONE',  ( 0.1347736856084643664, 0.7599999999999997868, 0.05498397798048406532 ) ) ;
#2347 = LINE ( 'NONE', #1339, #5267 ) ;
#2348 = ORIENTED_EDGE ( 'NONE', *, *, #2008, .F. ) ;
#2349 = CARTESIAN_POINT ( 'NONE',  ( -1.054999999999999938, -0.4399999999999996136, 17.26000000000000156 ) ) ;
#2350 = CARTESIAN_POINT ( 'NONE',  ( 0.2690259567265901874, 0.7600000000000000089, 0.2093457686647074156 ) ) ;
#2351 = VECTOR ( 'NONE', #2222, 1000.000000000000000 ) ;
#2352 = ORIENTED_EDGE ( 'NONE', *, *, #3795, .T. ) ;
#2353 = CARTESIAN_POINT ( 'NONE',  ( 0.002455602964362117377, 0.7600000000000001199, 0.2166910399578947100 ) ) ;
#2354 = CARTESIAN_POINT ( 'NONE',  ( -0.4723409363428386909, 0.7599999999999998979, 0.2194194815969775225 ) ) ;
#2355 = EDGE_CURVE ( 'NONE', #5226, #1591, #3119, .T. ) ;
#2356 = CARTESIAN_POINT ( 'NONE',  ( 0.05961738099206752989, 0.7600000000000000089, -0.1110173502982743504 ) ) ;
#2357 = CIRCLE ( 'NONE', #5297, 0.05000000000000012768 ) ;
#2358 = CARTESIAN_POINT ( 'NONE',  ( 1.645000000000000462, -0.02999999999999967276, 2.070000000000000284 ) ) ;
#2359 = CARTESIAN_POINT ( 'NONE',  ( -0.5754187471763216877, 0.7399999999999998801, 0.1233911650643369912 ) ) ;
#2360 = CIRCLE ( 'NONE', #1441, 0.05000000000000012768 ) ;
#2361 = CARTESIAN_POINT ( 'NONE',  ( -0.2158502735080268797, 0.7600000000000000089, 0.1255595285804745886 ) ) ;
#2362 = FACE_BOUND ( 'NONE', #433, .T. ) ;
#2363 = CARTESIAN_POINT ( 'NONE',  ( 0.3683427317490444164, 0.7399999999999997691, 0.2711551589442824373 ) ) ;
#2364 = CARTESIAN_POINT ( 'NONE',  ( -2.045000000000000373, -0.4500000000000008438, 1.510000000000000009 ) ) ;
#2365 = CARTESIAN_POINT ( 'NONE',  ( -0.4644398081277316126, 0.7599999999999998979, 0.2749635032441701821 ) ) ;
#2366 = CARTESIAN_POINT ( 'NONE',  ( -0.2924736412848492062, 0.7599999999999997868, -0.1608835870952189384 ) ) ;
#2367 = EDGE_CURVE ( 'NONE', #1310, #208, #4140, .T. ) ;
#2368 = CARTESIAN_POINT ( 'NONE',  ( 0.03808894285525143975, 0.7599999999999998979, 0.2024273918110169879 ) ) ;
#2369 = CARTESIAN_POINT ( 'NONE',  ( -0.4748931623931622603, 0.7599999999999998979, -0.05707215797350084080 ) ) ;
#2370 = CARTESIAN_POINT ( 'NONE',  ( -0.3392094017094016145, 0.7399999999999997691, -0.1436765583474324537 ) ) ;
#2371 = ORIENTED_EDGE ( 'NONE', *, *, #3425, .F. ) ;
#2372 = ORIENTED_EDGE ( 'NONE', *, *, #4134, .F. ) ;
#2373 = CARTESIAN_POINT ( 'NONE',  ( -1.054999999999999938, -0.4399999999999996136, 2.020000000000000018 ) ) ;
#2374 = CARTESIAN_POINT ( 'NONE',  ( -0.1226838926000444474, 0.7400000000000003242, -0.1906196272398752167 ) ) ;
#2375 = CARTESIAN_POINT ( 'NONE',  ( 0.8950000000000005729, -0.02999999999999967276, 2.020000000000000018 ) ) ;
#2376 = ORIENTED_EDGE ( 'NONE', *, *, #1649, .T. ) ;
#2377 = SURFACE_SIDE_STYLE ('',( #4327 ) ) ;
#2378 = CARTESIAN_POINT ( 'NONE',  ( 0.09076164745440981618, 0.7599999999999997868, 0.07990182527109881971 ) ) ;
#2379 = ORIENTED_EDGE ( 'NONE', *, *, #5271, .F. ) ;
#2380 = EDGE_LOOP ( 'NONE', ( #1939, #4961, #4440, #2352 ) ) ;
#2381 = CARTESIAN_POINT ( 'NONE',  ( -0.1303980617866120906, 0.7599999999999997868, 0.1904945992837296931 ) ) ;
#2382 = CARTESIAN_POINT ( 'NONE',  ( -0.4476504073183759091, 0.7599999999999998979, 0.2753530557017128122 ) ) ;
#2384 = CARTESIAN_POINT ( 'NONE',  ( -0.2917200854700853774, 0.7599999999999998979, -0.1434645524713640541 ) ) ;
#2383 = VECTOR ( 'NONE', #2104, 1000.000000000000000 ) ;
#2385 = UNCERTAINTY_MEASURE_WITH_UNIT (LENGTH_MEASURE( 1.000000000000000082E-05 ), #3428, 'distance_accuracy_value', 'NONE');
#2386 = CARTESIAN_POINT ( 'NONE',  ( -0.3264023546495642969, 0.7599999999999998979, -0.05605251782456326798 ) ) ;
#2387 = AXIS2_PLACEMENT_3D ( 'NONE', #3412, #4255, #376 ) ;
#2388 = DIRECTION ( 'NONE',  ( -1.000000000000000000, -0.000000000000000000, -0.000000000000000000 ) ) ;
#2389 = CARTESIAN_POINT ( 'NONE',  ( 0.5285010903242564062, 0.7600000000000000089, 0.08992571924155740026 ) ) ;
#2390 = VERTEX_POINT ( 'NONE', #1542 ) ;
#2391 = EDGE_CURVE ( 'NONE', #634, #3290, #1149, .T. ) ;
#2392 = CARTESIAN_POINT ( 'NONE',  ( 0.2868653370392411084, 0.7599999999999998979, 0.1186822330585185076 ) ) ;
#2393 = CARTESIAN_POINT ( 'NONE',  ( -0.5999910465519745495, 0.7399999999999997691, -0.1610069080875717040 ) ) ;
#2394 = EDGE_LOOP ( 'NONE', ( #3833, #1095, #4557, #1800 ) ) ;
#2395 = VERTEX_POINT ( 'NONE', #2850 ) ;
#2396 = CARTESIAN_POINT ( 'NONE',  ( -0.3392720567000423459, 0.7599999999999998979, -0.1464399793392226479 ) ) ;
#2397 = AXIS2_PLACEMENT_3D ( 'NONE', #5234, #39, #3123 ) ;
#2398 = CARTESIAN_POINT ( 'NONE',  ( 0.1134253237537554415, 0.7600000000000000089, 0.01404382893790528247 ) ) ;
#2399 = CARTESIAN_POINT ( 'NONE',  ( -0.2961722088675212694, 0.7599999999999998979, 0.01055771649231113454 ) ) ;
#2400 = EDGE_CURVE ( 'NONE', #208, #1641, #257, .T. ) ;
#2401 = CARTESIAN_POINT ( 'NONE',  ( -0.5642488276394636015, 0.7599999999999997868, 0.1531781881307159032 ) ) ;
#2402 = ADVANCED_FACE ( 'NONE', ( #2148 ), #4482, .T. ) ;
#2403 = ORIENTED_EDGE ( 'NONE', *, *, #1332, .F. ) ;
#2404 = CARTESIAN_POINT ( 'NONE',  ( 0.4477713774297432670, 0.7400000000000004352, 0.2149748813682301196 ) ) ;
#2405 = CARTESIAN_POINT ( 'NONE',  ( 0.1056807574933521787, 0.7399999999999998801, 0.2095015532818353676 ) ) ;
#2406 = CARTESIAN_POINT ( 'NONE',  ( 0.3135264116791129929, 0.7600000000000000089, 0.1823537458132172273 ) ) ;
#2407 = CARTESIAN_POINT ( 'NONE',  ( 0.04428813323298463195, 0.7399999999999999911, -0.09164264504010297130 ) ) ;
#2408 = VECTOR ( 'NONE', #3763, 1000.000000000000000 ) ;
#2409 = DIRECTION ( 'NONE',  ( -1.000000000000000000, 0.000000000000000000, -0.000000000000000000 ) ) ;
#2410 = CARTESIAN_POINT ( 'NONE',  ( 0.06442928965053162926, 0.7599999999999998979, -0.1214671306867397826 ) ) ;
#2411 = CARTESIAN_POINT ( 'NONE',  ( 0.2396166744478153976, 0.7399999999999999911, 0.1198720481058429821 ) ) ;
#2412 = VECTOR ( 'NONE', #2307, 1000.000000000000000 ) ;
#2413 = VERTEX_POINT ( 'NONE', #2795 ) ;
#2414 = CARTESIAN_POINT ( 'NONE',  ( -0.2022884893767548375, 0.7399999999999995470, 0.1715532227345266392 ) ) ;
#2415 = CARTESIAN_POINT ( 'NONE',  ( -0.4418878820178354649, 0.7599999999999998979, -0.2265901316930968856 ) ) ;
#2416 = CARTESIAN_POINT ( 'NONE',  ( 0.5758923760139109671, 0.7600000000000000089, 0.08569059993865810188 ) ) ;
#2417 = CARTESIAN_POINT ( 'NONE',  ( 0.04211758745090658784, 0.7400000000000002132, 0.02068101806545180957 ) ) ;
#2418 = FILL_AREA_STYLE ('',( #5040 ) ) ;
#2419 = VECTOR ( 'NONE', #524, 1000.000000000000000 ) ;
#2420 = CARTESIAN_POINT ( 'NONE',  ( 0.4713800219172640804, 0.7399999999999999911, 0.2041515559060209650 ) ) ;
#2421 = DIRECTION ( 'NONE',  ( -1.000000000000000000, 0.000000000000000000, -0.000000000000000000 ) ) ;
#2422 = CARTESIAN_POINT ( 'NONE',  ( -0.2961722088675212694, 0.7599999999999998979, 0.01055771649231113454 ) ) ;
#2423 = LINE ( 'NONE', #5160, #3931 ) ;
#2424 = ORIENTED_EDGE ( 'NONE', *, *, #1178, .T. ) ;
#2425 = CARTESIAN_POINT ( 'NONE',  ( 0.000000000000000000, 0.7399999999999998801, 0.000000000000000000 ) ) ;
#2426 = CARTESIAN_POINT ( 'NONE',  ( 0.5143742770885108007, 0.7599999999999998979, 0.1576453657266249919 ) ) ;
#2427 = DIRECTION ( 'NONE',  ( -0.000000000000000000, 1.000000000000000000, -0.000000000000000000 ) ) ;
#2428 = LINE ( 'NONE', #5043, #2026 ) ;
#2429 = FACE_BOUND ( 'NONE', #4410, .T. ) ;
#2430 = ADVANCED_FACE ( 'NONE', ( #3918 ), #2630, .T. ) ;
#2431 = ORIENTED_EDGE ( 'NONE', *, *, #1803, .T. ) ;
#2432 = CARTESIAN_POINT ( 'NONE',  ( -0.4603483955192244625, 0.7600000000000000089, -0.2806880342979197196 ) ) ;
#2433 = CARTESIAN_POINT ( 'NONE',  ( -0.2722775964428175710, 0.7599999999999997868, 0.05498397798048406532 ) ) ;
#2434 = PLANE ( 'NONE',  #1365 ) ;
#2435 = CARTESIAN_POINT ( 'NONE',  ( -0.2170940170940170166, 0.7399999999999998801, 0.1193167309153880390 ) ) ;
#2436 = EDGE_CURVE ( 'NONE', #1526, #483, #3854, .T. ) ;
#2437 = B_SPLINE_CURVE_WITH_KNOTS ( 'NONE', 3,
 ( #3840, #4268, #1107, #1603, #7, #3210, #3625, #4927, #2335, #1020, #4499, #4075, #2366, #1929, #2384 ),
 .UNSPECIFIED., .F., .F.,
 ( 4, 1, 1, 1, 1, 1, 1, 1, 1, 1, 1, 1, 4 ),
 ( 0.000000000000000000, 0.09025424934267656241, 0.1785397915286845161, 0.2660930338538199935, 0.3546309779571732435, 0.4418861533505626937, 0.5257469151636485760, 0.6081136336036366830, 0.6901972728278824576, 0.7708214843303351493, 0.8483261812554109271, 0.9240117400247433999, 1.000000000000000000 ),
 .UNSPECIFIED. ) ;
#2438 = FACE_BOUND ( 'NONE', #74, .T. ) ;
#2439 = CARTESIAN_POINT ( 'NONE',  ( -0.3543248953231464826, 0.7599999999999998979, 0.2535713306169012360 ) ) ;
#2440 =( NAMED_UNIT ( * ) SI_UNIT ( $, .STERADIAN. ) SOLID_ANGLE_UNIT ( ) );
#2441 = CARTESIAN_POINT ( 'NONE',  ( -0.5420272936898230531, 0.7400000000000001021, 0.1864813067641983846 ) ) ;
#2442 = CARTESIAN_POINT ( 'NONE',  ( 0.4915650657059169593, 0.7400000000000002132, 0.1886875346354960903 ) ) ;
#2443 = ORIENTED_EDGE ( 'NONE', *, *, #4434, .F. ) ;
#2444 = CARTESIAN_POINT ( 'NONE',  ( 0.5002521677591049709, 0.7399999999999996581, 0.1794497444504886408 ) ) ;
#2445 = CARTESIAN_POINT ( 'NONE',  ( -0.9449999999999997291, -1.346972987469857941, 2.070000000000000284 ) ) ;
#2446 = CARTESIAN_POINT ( 'NONE',  ( -0.3068966291905324550, 0.7600000000000003419, -0.08166278305887164635 ) ) ;
#2447 = VERTEX_POINT ( 'NONE', #2454 ) ;
#2448 = EDGE_LOOP ( 'NONE', ( #5537, #5299, #4278, #1675, #2921, #1981, #1244, #4013, #2274, #1439, #5109, #702, #3579, #141, #5257, #5038, #3851 ) ) ;
#2449 = VECTOR ( 'NONE', #506, 1000.000000000000000 ) ;
#2450 = CARTESIAN_POINT ( 'NONE',  ( 0.2849358974358973673, 0.7399999999999998801, 0.04967280062692649989 ) ) ;
#2451 = ORIENTED_EDGE ( 'NONE', *, *, #3371, .F. ) ;
#2452 = EDGE_CURVE ( 'NONE', #1524, #1050, #450, .T. ) ;
#2453 = VERTEX_POINT ( 'NONE', #184 ) ;
#2454 = CARTESIAN_POINT ( 'NONE',  ( -0.4476504073183759091, 0.7599999999999998979, 0.2753530557017128122 ) ) ;
#2455 = VECTOR ( 'NONE', #475, 1000.000000000000000 ) ;
#2456 = STYLED_ITEM ( 'NONE', ( #1732 ), #4577 ) ;
#2457 = ORIENTED_EDGE ( 'NONE', *, *, #491, .F. ) ;
#2458 = CARTESIAN_POINT ( 'NONE',  ( -0.5689158163929740608, 0.7600000000000002309, 0.1427221491312525015 ) ) ;
#2459 = ADVANCED_FACE ( 'NONE', ( #1616 ), #2620, .T. ) ;
#2460 = CARTESIAN_POINT ( 'NONE',  ( 0.4225215792201369447, 0.7400000000000005462, 0.2205934213470292782 ) ) ;
#2461 = CARTESIAN_POINT ( 'NONE',  ( -0.3478907116406676492, 0.7599999999999998979, -0.03188140679386135268 ) ) ;
#2462 = DIRECTION ( 'NONE',  ( -1.000000000000000000, 0.000000000000000000, 0.000000000000000000 ) ) ;
#2463 = ORIENTED_EDGE ( 'NONE', *, *, #3405, .F. ) ;
#2464 = CARTESIAN_POINT ( 'NONE',  ( 0.08496517631827202321, 0.7400000000000003242, 0.06595852362852007433 ) ) ;
#2465 = CARTESIAN_POINT ( 'NONE',  ( 0.07425529715467403535, 0.7399999999999997691, 0.1703268647852373696 ) ) ;
#2466 = CARTESIAN_POINT ( 'NONE',  ( 1.055000000000000160, -0.02999999999999967276, 17.26000000000000156 ) ) ;
#2467 = AXIS2_PLACEMENT_3D ( 'NONE', #4612, #304, #4167 ) ;
#2468 = EDGE_LOOP ( 'NONE', ( #3324, #4598, #3218, #1382 ) ) ;
#2469 = EDGE_CURVE ( 'NONE', #1521, #5295, #1548, .T. ) ;
#2470 = CARTESIAN_POINT ( 'NONE',  ( 0.1293155247422854148, 0.7400000000000001021, 0.1699720140303565552 ) ) ;
#2471 = ORIENTED_EDGE ( 'NONE', *, *, #1943, .T. ) ;
#2472 = DIRECTION ( 'NONE',  ( -0.000000000000000000, 1.000000000000000000, -0.000000000000000000 ) ) ;
#2473 = CARTESIAN_POINT ( 'NONE',  ( -0.0006628181398763843693, 0.7599999999999997868, 0.005015514890581725116 ) ) ;
#2474 = B_SPLINE_CURVE_WITH_KNOTS ( 'NONE', 3,
 ( #751, #1628, #3320, #3336, #278, #242, #3779, #3725, #1155, #689, #5018, #1133, #4147, #5447, #710 ),
 .UNSPECIFIED., .F., .F.,
 ( 4, 1, 1, 1, 1, 1, 1, 1, 1, 1, 1, 1, 4 ),
 ( 0.000000000000000000, 0.1227119423657788422, 0.2396849640167734719, 0.3518158552560948782, 0.4637661328620819590, 0.5208177931608305444, 0.5794482914480040270, 0.6406041451203190462, 0.7052975118059832127, 0.7736338807131352135, 0.8446693818863784120, 0.9200565080211456914, 1.000000000000000000 ),
 .UNSPECIFIED. ) ;
#2475 = ORIENTED_EDGE ( 'NONE', *, *, #1692, .T. ) ;
#2476 = CARTESIAN_POINT ( 'NONE',  ( -0.2702347078231155386, 0.7399999999999999911, 0.1486200630909850495 ) ) ;
#2477 = LINE ( 'NONE', #3026, #5263 ) ;
#2478 = DIRECTION ( 'NONE',  ( -0.000000000000000000, -1.000000000000000000, -0.000000000000000000 ) ) ;
#2479 = CARTESIAN_POINT ( 'NONE',  ( 0.3050699335344709828, 0.7600000000000000089, 0.1722255925683724709 ) ) ;
#2480 = EDGE_CURVE ( 'NONE', #3770, #966, #3783, .T. ) ;
#2481 = CARTESIAN_POINT ( 'NONE',  ( -0.4315431654240676207, 0.7600000000000001199, 0.0008980509632965237750 ) ) ;
#2482 = CARTESIAN_POINT ( 'NONE',  ( 0.05353148370726502903, 0.7399999999999996581, -0.03459953511025300188 ) ) ;
#2483 = CARTESIAN_POINT ( 'NONE',  ( 0.5197454593087244001, 0.7399999999999999911, 0.1451344525669951147 ) ) ;
#2484 = CARTESIAN_POINT ( 'NONE',  ( 9.184850993605149670E-17, 0.7599999999999998979, -0.7500000000000001110 ) ) ;
#2485 = FACE_OUTER_BOUND ( 'NONE', #1036, .T. ) ;
#2486 = ORIENTED_EDGE ( 'NONE', *, *, #4831, .T. ) ;
#2487 = CARTESIAN_POINT ( 'NONE',  ( 0.8950000000000005729, -0.02999999999999967276, 2.070000000000000284 ) ) ;
#2488 = CARTESIAN_POINT ( 'NONE',  ( 0.09428568267947726178, 0.7400000000000003242, 0.09437341090515467823 ) ) ;
#2489 = DIRECTION ( 'NONE',  ( 0.000000000000000000, 1.000000000000000000, 0.000000000000000000 ) ) ;
#2490 = CARTESIAN_POINT ( 'NONE',  ( -0.03922108707264949923, 0.7599999999999998979, -0.2809503631017059022 ) ) ;
#2491 = VECTOR ( 'NONE', #461, 1000.000000000000000 ) ;
#2492 = VERTEX_POINT ( 'NONE', #1659 ) ;
#2493 = CARTESIAN_POINT ( 'NONE',  ( 0.05092425642174887301, 0.7600000000000001199, -0.1893484797676606435 ) ) ;
#2494 = DIRECTION ( 'NONE',  ( -0.000000000000000000, -1.000000000000000000, -0.000000000000000000 ) ) ;
#2495 = AXIS2_PLACEMENT_3D ( 'NONE', #2280, #5305, #3242 ) ;
#2496 = DIRECTION ( 'NONE',  ( 1.000000000000000000, 0.000000000000000000, 0.000000000000000000 ) ) ;
#2497 = LINE ( 'NONE', #3521, #3662 ) ;
#2498 = CARTESIAN_POINT ( 'NONE',  ( 0.01901794668394248336, 0.7599999999999996758, 0.01022986579048607188 ) ) ;
#2499 = CARTESIAN_POINT ( 'NONE',  ( -0.2777357573089966336, 0.7400000000000002132, 0.1699720140303564719 ) ) ;
#2500 = EDGE_CURVE ( 'NONE', #1407, #1945, #2556, .T. ) ;
#2501 = FACE_OUTER_BOUND ( 'NONE', #4270, .T. ) ;
#2502 = CARTESIAN_POINT ( 'NONE',  ( -1.485000000000000098, -0.02999999999999967276, 17.26000000000000156 ) ) ;
#2503 = ORIENTED_EDGE ( 'NONE', *, *, #2963, .T. ) ;
#2504 = AXIS2_PLACEMENT_3D ( 'NONE', #5507, #1676, #4337 ) ;
#2505 = VECTOR ( 'NONE', #3413, 1000.000000000000000 ) ;
#2506 = CARTESIAN_POINT ( 'NONE',  ( 0.07685040377526553002, 0.7399999999999998801, 0.05278139822689850713 ) ) ;
#2507 = VECTOR ( 'NONE', #2798, 1000.000000000000000 ) ;
#2508 = EDGE_CURVE ( 'NONE', #4545, #1445, #3189, .T. ) ;
#2509 = CARTESIAN_POINT ( 'NONE',  ( -0.03220487415739440445, 0.7399999999999998801, 0.2751111706970922333 ) ) ;
#2510 = CARTESIAN_POINT ( 'NONE',  ( -0.1497843886582696515, 0.7400000000000003242, -0.2366789280546845731 ) ) ;
#2511 = ORIENTED_EDGE ( 'NONE', *, *, #122, .F. ) ;
#2512 = EDGE_LOOP ( 'NONE', ( #4421, #2960, #1528, #2101, #441, #3941, #3638, #3307, #1042, #5493, #1741, #3952, #4646, #5374, #3415, #5440 ) ) ;
#2513 = EDGE_CURVE ( 'NONE', #2164, #146, #3716, .T. ) ;
#2514 = CARTESIAN_POINT ( 'NONE',  ( -0.03799779482901120137, 0.7600000000000001199, -0.0006806521312489286239 ) ) ;
#2515 = STYLED_ITEM ( 'NONE', ( #2968 ), #3071 ) ;
#2516 = EDGE_CURVE ( 'NONE', #4972, #2545, #3596, .T. ) ;
#2517 = B_SPLINE_CURVE_WITH_KNOTS ( 'NONE', 3,
 ( #5502, #3021, #458, #3885, #2, #5191, #902, #4782, #4749, #1807, #3535, #4301, #404, #3902, #879 ),
 .UNSPECIFIED., .F., .F.,
 ( 4, 1, 1, 1, 1, 1, 1, 1, 1, 1, 1, 1, 4 ),
 ( 0.000000000000000000, 0.09025424934267656241, 0.1785397915286845161, 0.2660930338538199935, 0.3546309779571732435, 0.4418861533505626937, 0.5257469151636485760, 0.6081136336036366830, 0.6901972728278824576, 0.7708214843303351493, 0.8483261812554109271, 0.9240117400247433999, 1.000000000000000000 ),
 .UNSPECIFIED. ) ;
#2518 = EDGE_CURVE ( 'NONE', #724, #2758, #1543, .T. ) ;
#2519 = CARTESIAN_POINT ( 'NONE',  ( 0.5096451121885182678, 0.7600000000000001199, 0.2431539981222761992 ) ) ;
#2520 = EDGE_LOOP ( 'NONE', ( #671, #4881, #5192, #4353 ) ) ;
#2521 = CARTESIAN_POINT ( 'NONE',  ( -0.2777357573089966336, 0.7600000000000001199, 0.1699720140303564719 ) ) ;
#2522 = CARTESIAN_POINT ( 'NONE',  ( -1.644999999999999574, -0.02999999999999967276, 2.020000000000000018 ) ) ;
#2523 = CARTESIAN_POINT ( 'NONE',  ( 1.595000000000000417, -0.02999999999999967276, 2.020000000000000018 ) ) ;
#2524 = CARTESIAN_POINT ( 'NONE',  ( 0.9450000000000006173, -1.346972987469858163, 2.070000000000000284 ) ) ;
#2525 = CARTESIAN_POINT ( 'NONE',  ( 0.5765425822224061747, 0.7600000000000000089, 0.06921819208621590724 ) ) ;
#2526 = CARTESIAN_POINT ( 'NONE',  ( -0.3485943346191421321, 0.7399999999999998801, -0.03798697478864199867 ) ) ;
#2527 = ORIENTED_EDGE ( 'NONE', *, *, #963, .F. ) ;
#2528 = CARTESIAN_POINT ( 'NONE',  ( -0.3249999999999994560, -0.02999999999999964501, 2.479999999999999982 ) ) ;
#2529 = PLANE ( 'NONE',  #4988 ) ;
#2530 = LINE ( 'NONE', #1257, #90 ) ;
#2531 = CARTESIAN_POINT ( 'NONE',  ( -0.04413705127305534576, 0.7399999999999997691, 0.2210134983352159965 ) ) ;
#2532 = LINE ( 'NONE', #3180, #216 ) ;
#2533 = CARTESIAN_POINT ( 'NONE',  ( 1.254999999999999671, 0.7599999999999998979, 1.510000000000000009 ) ) ;
#2534 = ORIENTED_EDGE ( 'NONE', *, *, #4731, .T. ) ;
#2535 = CARTESIAN_POINT ( 'NONE',  ( 0.2374465811965811302, 0.7600000000000000089, 0.05221687113974701755 ) ) ;
#2536 = VERTEX_POINT ( 'NONE', #3383 ) ;
#2537 = AXIS2_PLACEMENT_3D ( 'NONE', #2027, #3721, #1190 ) ;
#2538 = ORIENTED_EDGE ( 'NONE', *, *, #1286, .T. ) ;
#2539 = CARTESIAN_POINT ( 'NONE',  ( -0.5297351746513264681, 0.7599999999999997868, -0.1906196272398751890 ) ) ;
#2540 = EDGE_CURVE ( 'NONE', #5424, #3075, #4371, .T. ) ;
#2541 = CARTESIAN_POINT ( 'NONE',  ( 0.5758923760139109671, 0.7600000000000000089, 0.08569059993865810188 ) ) ;
#2542 = CARTESIAN_POINT ( 'NONE',  ( -0.5065488111739807620, 0.7399999999999999911, 0.2101693646850491815 ) ) ;
#2543 = CARTESIAN_POINT ( 'NONE',  ( -1.054999999999999938, -0.4399999999999996136, 17.26000000000000156 ) ) ;
#2544 = FILL_AREA_STYLE_COLOUR ( '', #1586 ) ;
#2545 = VERTEX_POINT ( 'NONE', #5117 ) ;
#2546 = FACE_OUTER_BOUND ( 'NONE', #2168, .T. ) ;
#2547 = PLANE ( 'NONE',  #3456 ) ;
#2548 = ADVANCED_FACE ( 'NONE', ( #3850 ), #2207, .T. ) ;
#2549 = EDGE_CURVE ( 'NONE', #2758, #2279, #521, .T. ) ;
#2550 = DIRECTION ( 'NONE',  ( 0.000000000000000000, 0.000000000000000000, 1.000000000000000000 ) ) ;
#2551 = CARTESIAN_POINT ( 'NONE',  ( -0.2649094737349608764, 0.7399999999999999911, 0.09178879451258591116 ) ) ;
#2552 = DIRECTION ( 'NONE',  ( 1.000000000000000000, 0.000000000000000000, 0.000000000000000000 ) ) ;
#2553 = VECTOR ( 'NONE', #2852, 1000.000000000000000 ) ;
#2554 = CARTESIAN_POINT ( 'NONE',  ( 0.5495535675132280362, 0.7400000000000005462, 0.1981845304068088898 ) ) ;
#2555 = CARTESIAN_POINT ( 'NONE',  ( 0.05612611390816362594, 0.7399999999999998801, -0.1824409726064654957 ) ) ;
#2556 = LINE ( 'NONE', #2098, #4923 ) ;
#2557 = CARTESIAN_POINT ( 'NONE',  ( -0.4696971956753290822, 0.7600000000000000089, -0.002507960822553838894 ) ) ;
#2558 = CARTESIAN_POINT ( 'NONE',  ( 0.1069687717266885191, 0.7599999999999997868, -0.09587183971325452525 ) ) ;
#2559 = CARTESIAN_POINT ( 'NONE',  ( -0.3123040165890507147, 0.7399999999999998801, 0.1042099250111353792 ) ) ;
#2560 = CARTESIAN_POINT ( 'NONE',  ( -0.6037927350427348960, 0.7399999999999998801, -0.1452666024179452842 ) ) ;
#2561 = LINE ( 'NONE', #1437, #1417 ) ;
#2562 = ADVANCED_FACE ( 'NONE', ( #3446 ), #2684, .T. ) ;
#2563 = CARTESIAN_POINT ( 'NONE',  ( 0.2849358974358973673, 0.7399999999999998801, -0.2673819870333298820 ) ) ;
#2564 = CARTESIAN_POINT ( 'NONE',  ( -2.045000000000000373, -0.7600000000000001199, -1.510000000000000009 ) ) ;
#2565 = CARTESIAN_POINT ( 'NONE',  ( -0.3509251681431182490, 0.7400000000000001021, -0.1824409726064654402 ) ) ;
#2566 = CARTESIAN_POINT ( 'NONE',  ( 0.09571163148241904062, 0.7399999999999998801, -0.2110996347335993839 ) ) ;
#2567 = CARTESIAN_POINT ( 'NONE',  ( -0.09949752912269875516, 0.7599999999999997868, 0.2101693646850491815 ) ) ;
#2568 = EDGE_CURVE ( 'NONE', #4163, #3030, #4563, .T. ) ;
#2569 = LINE ( 'NONE', #3248, #5401 ) ;
#2570 = CARTESIAN_POINT ( 'NONE',  ( -0.1303980617866120906, 0.7399999999999997691, 0.1904945992837296931 ) ) ;
#2571 = CARTESIAN_POINT ( 'NONE',  ( -0.06784188034188028127, 0.7599999999999998979, -0.002798653699996567993 ) ) ;
#2572 = CARTESIAN_POINT ( 'NONE',  ( 0.5096451121885182678, 0.7400000000000001021, 0.2431539981222761992 ) ) ;
#2573 = FACE_OUTER_BOUND ( 'NONE', #921, .T. ) ;
#2574 = CARTESIAN_POINT ( 'NONE',  ( 0.3793151956018411819, 0.7600000000000000089, 0.2178370492979512241 ) ) ;
#2575 = CARTESIAN_POINT ( 'NONE',  ( 0.5288991858541872704, 0.7399999999999996581, 0.07766020174108709262 ) ) ;
#2576 = CARTESIAN_POINT ( 'NONE',  ( 0.1069687717266885191, 0.7399999999999998801, -0.09587183971325452525 ) ) ;
#2577 = FACE_OUTER_BOUND ( 'NONE', #2394, .T. ) ;
#2578 = CARTESIAN_POINT ( 'NONE',  ( 1.595000000000000417, -0.4399999999999996136, 2.479999999999999982 ) ) ;
#2579 = CARTESIAN_POINT ( 'NONE',  ( -0.3689623391960305532, 0.7399999999999998801, 0.2024273918110169879 ) ) ;
#2580 = CARTESIAN_POINT ( 'NONE',  ( -0.3561270256295333003, 0.7400000000000007683, -0.1893484797676606712 ) ) ;
#2581 = EDGE_CURVE ( 'NONE', #424, #3647, #3251, .T. ) ;
#2582 = CARTESIAN_POINT ( 'NONE',  ( 0.02077758628691770207, 0.7399999999999997691, -0.2706018021871384183 ) ) ;
#2583 = ORIENTED_EDGE ( 'NONE', *, *, #4510, .F. ) ;
#2584 = ORIENTED_EDGE ( 'NONE', *, *, #3405, .T. ) ;
#2585 = CARTESIAN_POINT ( 'NONE',  ( 0.3750000000000003331, -1.346972987469857941, 2.070000000000000284 ) ) ;
#2586 = CARTESIAN_POINT ( 'NONE',  ( -0.04059912526709395092, 0.7399999999999999911, 0.2753530557017128122 ) ) ;
#2587 = CARTESIAN_POINT ( 'NONE',  ( 0.2444003316662060332, 0.7599999999999998979, 0.1548046113452772599 ) ) ;
#2588 = CARTESIAN_POINT ( 'NONE',  ( -0.4476504073183759091, 0.7399999999999997691, 0.2753530557017128122 ) ) ;
#2589 = VERTEX_POINT ( 'NONE', #2484 ) ;
#2590 = ORIENTED_EDGE ( 'NONE', *, *, #652, .T. ) ;
#2591 = B_SPLINE_CURVE_WITH_KNOTS ( 'NONE', 3,
 ( #3055, #1759, #472, #1778, #438, #2198, #3492, #4311, #3879, #5222, #2636 ),
 .UNSPECIFIED., .F., .F.,
 ( 4, 1, 1, 1, 1, 1, 1, 1, 4 ),
 ( 0.000000000000000000, 0.1281355097972547985, 0.2541727119019795422, 0.3781116451390017508, 0.5017122630072844425, 0.6239863093684847595, 0.7470956136177411278, 0.8728746366500621523, 1.000000000000000000 ),
 .UNSPECIFIED. ) ;
#2592 = EDGE_CURVE ( 'NONE', #4705, #1808, #1478, .T. ) ;
#2593 = CARTESIAN_POINT ( 'NONE',  ( 0.4169129187997653307, 0.7400000000000005462, 0.2752426606208586146 ) ) ;
#2594 = LINE ( 'NONE', #772, #3820 ) ;
#2595 = ORIENTED_EDGE ( 'NONE', *, *, #3749, .T. ) ;
#2596 = AXIS2_PLACEMENT_3D ( 'NONE', #3016, #2058, #4662 ) ;
#2597 = CARTESIAN_POINT ( 'NONE',  ( 0.5291380234570262076, 0.7600000000000000089, 0.05461966177854746252 ) ) ;
#2598 = CARTESIAN_POINT ( 'NONE',  ( -0.3123106572547399429, 0.7600000000000001199, 0.1201308291806494205 ) ) ;
#2599 = CARTESIAN_POINT ( 'NONE',  ( 1.485000000000000320, -0.02999999999999967276, 17.26000000000000156 ) ) ;
#2600 = ORIENTED_EDGE ( 'NONE', *, *, #1323, .T. ) ;
#2601 = ORIENTED_EDGE ( 'NONE', *, *, #3225, .T. ) ;
#2602 = DIRECTION ( 'NONE',  ( -1.000000000000000000, 0.000000000000000000, -0.000000000000000000 ) ) ;
#2603 = DIRECTION ( 'NONE',  ( 0.000000000000000000, 0.000000000000000000, 1.000000000000000000 ) ) ;
#2604 = CARTESIAN_POINT ( 'NONE',  ( -0.01569377083696316469, 0.7600000000000000089, 0.2746353940910841729 ) ) ;
#2605 = ORIENTED_EDGE ( 'NONE', *, *, #5138, .F. ) ;
#2606 = ORIENTED_EDGE ( 'NONE', *, *, #3831, .T. ) ;
#2607 = CARTESIAN_POINT ( 'NONE',  ( -0.4468023838141024773, 0.7399999999999999911, 0.2210795514282085372 ) ) ;
#2608 = CARTESIAN_POINT ( 'NONE',  ( -2.045000000000000373, -0.02999999999999975256, 1.510000000000000009 ) ) ;
#2609 = CARTESIAN_POINT ( 'NONE',  ( 0.4261301942011347377, 0.7399999999999998801, 0.2750246545284866784 ) ) ;
#2610 = CARTESIAN_POINT ( 'NONE',  ( -0.3263515420300836523, 0.7599999999999998979, 0.1610504477046010297 ) ) ;
#2611 = CARTESIAN_POINT ( 'NONE',  ( -0.3880333353673395269, 0.7399999999999998801, 0.01022986579048607188 ) ) ;
#2612 = VERTEX_POINT ( 'NONE', #4590 ) ;
#2613 = CARTESIAN_POINT ( 'NONE',  ( -2.045000000000000373, -0.7600000000000001199, 1.510000000000000009 ) ) ;
#2614 = CARTESIAN_POINT ( 'NONE',  ( 0.03920607970676803083, 0.7600000000000000089, -0.2623658934414239696 ) ) ;
#2615 = CARTESIAN_POINT ( 'NONE',  ( 0.4651521168235843717, 0.7600000000000000089, 0.2675116894453736238 ) ) ;
#2616 = CARTESIAN_POINT ( 'NONE',  ( -0.3403766017795399890, 0.7399999999999995470, 0.1792490791078872325 ) ) ;
#2617 = LINE ( 'NONE', #1832, #5059 ) ;
#2618 = DIRECTION ( 'NONE',  ( 0.000000000000000000, 0.000000000000000000, 1.000000000000000000 ) ) ;
#2619 = CARTESIAN_POINT ( 'NONE',  ( -0.3942265723630521412, 0.7599999999999995648, -0.2171905135978169088 ) ) ;
#2620 = B_SPLINE_SURFACE_WITH_KNOTS ( 'NONE', 3, 1, ( 
 ( #1129, #5013 ),
 ( #2025, #1562 ),
 ( #1151, #4209 ),
 ( #2416, #5097 ),
 ( #5508, #2889 ),
 ( #3348, #5444 ),
 ( #4159, #744 ),
 ( #2926, #4582 ),
 ( #2005, #274 ),
 ( #1188, #4194 ),
 ( #3332, #725 ),
 ( #1620, #2048 ),
 ( #1642, #2554 ),
 ( #1224, #1266 ),
 ( #817, #5576 ),
 ( #3852, #3439 ),
 ( #4716, #3460 ),
 ( #2519, #2154 ),
 ( #4248, #4261 ),
 ( #1697, #3407 ),
 ( #1678, #4696 ),
 ( #2138, #2982 ),
 ( #2116, #4306 ),
 ( #5556, #3809 ),
 ( #3049, #2081 ),
 ( #5159, #2593 ),
 ( #3004, #5180 ) ),
 .UNSPECIFIED., .F., .F., .F.,
 ( 4, 1, 1, 1, 1, 1, 1, 1, 1, 1, 1, 1, 1, 1, 1, 1, 1, 1, 1, 1, 1, 1, 1, 1, 4 ),
 ( 2, 2 ),
 ( 0.000000000000000000, 0.05485803544515396868, 0.1070587915426410575, 0.1569783545765237875, 0.2039922771829771053, 0.2484915357868488772, 0.2904833137405233301, 0.3304890042981894482, 0.3678859257629635837, 0.4038581313538714412, 0.4400093433074115379, 0.4762950107796838917, 0.5127922945733487392, 0.5504848246303720716, 0.5883811157748437548, 0.6276453271698541059, 0.6679794644543812776, 0.7084327575000837207, 0.7486023022886340028, 0.7890877771957823805, 0.8294612046317063614, 0.8703710453051785034, 0.9122142271494422250, 0.9555465749316861546, 0.9999999999999998890 ),
 ( 0.000000000000000000, 1.000000000000000000 ),
 .UNSPECIFIED. ) ;
#2621 = CARTESIAN_POINT ( 'NONE',  ( -0.3077352349109677143, 0.7399999999999998801, -0.003740011632993730031 ) ) ;
#2622 = AXIS2_PLACEMENT_3D ( 'NONE', #5061, #5426, #1522 ) ;
#2623 = LINE ( 'NONE', #1117, #5141 ) ;
#2624 = EDGE_LOOP ( 'NONE', ( #626, #854, #3752, #5553, #65, #2211, #2113, #5381, #2754, #4322, #1517, #3085, #2107, #4533, #2865, #1366, #3866 ) ) ;
#2625 = CARTESIAN_POINT ( 'NONE',  ( 0.1421966353645649495, 0.7600000000000000089, 0.1119921256128985215 ) ) ;
#2626 = EDGE_CURVE ( 'NONE', #4284, #3431, #3975, .T. ) ;
#2627 = CARTESIAN_POINT ( 'NONE',  ( -0.4321671231058022977, 0.7599999999999997868, 0.2208043462399208456 ) ) ;
#2628 = LINE ( 'NONE', #3934, #2017 ) ;
#2629 = CARTESIAN_POINT ( 'NONE',  ( -0.06784188034188028127, 0.7599999999999998979, -0.002798653699996567993 ) ) ;
#2630 = B_SPLINE_SURFACE_WITH_KNOTS ( 'NONE', 3, 1, ( 
 ( #3222, #1057 ),
 ( #5036, #313 ),
 ( #4142, #4565 ),
 ( #3754, #2476 ),
 ( #1991, #2499 ),
 ( #686, #2863 ),
 ( #330, #4636 ),
 ( #5472, #2944 ),
 ( #4620, #3316 ),
 ( #2439, #5455 ),
 ( #4602, #4178 ),
 ( #764, #259 ),
 ( #5076, #3719 ),
 ( #2065, #1169 ),
 ( #2908, #705 ) ),
 .UNSPECIFIED., .F., .F., .F.,
 ( 4, 1, 1, 1, 1, 1, 1, 1, 1, 1, 1, 1, 4 ),
 ( 2, 2 ),
 ( 0.000000000000000000, 0.07964825118022791917, 0.1589216764181125841, 0.2396194947370319239, 0.3226094298185609444, 0.4060346366179243827, 0.4876020954923880324, 0.5696846265959312205, 0.6530361450088341124, 0.7374357177222883308, 0.8224778158555100527, 0.9097476551184071614, 0.9999999999999998890 ),
 ( 0.000000000000000000, 1.000000000000000000 ),
 .UNSPECIFIED. ) ;
#2631 = EDGE_CURVE ( 'NONE', #1875, #1567, #2830, .T. ) ;
#2632 = VECTOR ( 'NONE', #5352, 1000.000000000000000 ) ;
#2633 = CARTESIAN_POINT ( 'NONE',  ( -0.1042734177932999884, 0.7399999999999998801, 0.2656332499124309243 ) ) ;
#2634 = CARTESIAN_POINT ( 'NONE',  ( -0.5322460183980745052, 0.7600000000000000089, 0.1947429943535728958 ) ) ;
#2635 = CARTESIAN_POINT ( 'NONE',  ( -0.3123106572547399429, 0.7399999999999999911, 0.1201308291806494205 ) ) ;
#2636 = CARTESIAN_POINT ( 'NONE',  ( 0.1424679487179487669, 0.7399999999999999911, 0.1045823225286358904 ) ) ;
#2637 = CIRCLE ( 'NONE', #3982, 0.05000000000000012768 ) ;
#2638 = CARTESIAN_POINT ( 'NONE',  ( -0.3392720567000423459, 0.7599999999999998979, -0.1464399793392226479 ) ) ;
#2639 = FACE_OUTER_BOUND ( 'NONE', #4277, .T. ) ;
#2640 = DIRECTION ( 'NONE',  ( 0.000000000000000000, 1.000000000000000000, 0.000000000000000000 ) ) ;
#2641 = PRESENTATION_STYLE_ASSIGNMENT (( #4932 ) ) ;
#2642 = CARTESIAN_POINT ( 'NONE',  ( 0.08496517631827202321, 0.7399999999999999911, 0.06595852362852007433 ) ) ;
#2643 = CARTESIAN_POINT ( 'NONE',  ( -0.3509251681431182490, 0.7399999999999996581, -0.1824409726064654402 ) ) ;
#2644 = VECTOR ( 'NONE', #780, 1000.000000000000000 ) ;
#2645 = ORIENTED_EDGE ( 'NONE', *, *, #1613, .T. ) ;
#2646 = CARTESIAN_POINT ( 'NONE',  ( 0.1184761282776656682, 0.7399999999999997691, 0.02095896632405153462 ) ) ;
#2647 = CARTESIAN_POINT ( 'NONE',  ( 0.1424679487179487669, 0.7599999999999998979, 0.1045823225286358904 ) ) ;
#2648 = ADVANCED_FACE ( 'NONE', ( #5135 ), #374, .T. ) ;
#2649 = AXIS2_PLACEMENT_3D ( 'NONE', #2145, #3949, #2602 ) ;
#2650 = CARTESIAN_POINT ( 'NONE',  ( -0.3400790182021566355, 0.7399999999999999911, 0.04056885120919018900 ) ) ;
#2651 = ORIENTED_EDGE ( 'NONE', *, *, #4354, .T. ) ;
#2652 =( NAMED_UNIT ( * ) PLANE_ANGLE_UNIT ( ) SI_UNIT ( $, .RADIAN. ) );
#2653 = DIRECTION ( 'NONE',  ( 0.000000000000000000, -1.000000000000000000, 0.000000000000000000 ) ) ;
#2654 = CARTESIAN_POINT ( 'NONE',  ( -0.3749999999999994449, -0.4399999999999996136, 2.020000000000000018 ) ) ;
#2655 = CARTESIAN_POINT ( 'NONE',  ( -0.4956911163810583387, 0.7399999999999994360, 0.2140222567754897776 ) ) ;
#2656 = PLANE ( 'NONE',  #684 ) ;
#2657 = ORIENTED_EDGE ( 'NONE', *, *, #222, .T. ) ;
#2658 = VERTEX_POINT ( 'NONE', #3743 ) ;
#2659 = CARTESIAN_POINT ( 'NONE',  ( -0.4180376384212731167, 0.7399999999999998801, 0.2191298048477073324 ) ) ;
#2660 = CARTESIAN_POINT ( 'NONE',  ( -0.9449999999999997291, -1.346972987469857941, 2.020000000000000018 ) ) ;
#2661 = CARTESIAN_POINT ( 'NONE',  ( -0.1659609341636664737, 0.7599999999999998979, 0.1313162933923128772 ) ) ;
#2662 = LINE ( 'NONE', #3534, #4811 ) ;
#2663 = CARTESIAN_POINT ( 'NONE',  ( -0.6229015555593088171, 0.7599999999999996758, 0.1255595285804745331 ) ) ;
#2664 = ORIENTED_EDGE ( 'NONE', *, *, #5314, .T. ) ;
#2665 = ORIENTED_EDGE ( 'NONE', *, *, #1842, .T. ) ;
#2666 = CARTESIAN_POINT ( 'NONE',  ( -1.594999999999999529, -1.346972987469857941, 2.070000000000000284 ) ) ;
#2667 = CARTESIAN_POINT ( 'NONE',  ( 0.1381866392849887271, 0.7399999999999998801, 0.06693906457532636245 ) ) ;
#2668 = LINE ( 'NONE', #2571, #1727 ) ;
#2669 = CARTESIAN_POINT ( 'NONE',  ( 0.8950000000000005729, -0.4399999999999996136, 2.530000000000000249 ) ) ;
#2670 = DIRECTION ( 'NONE',  ( -1.000000000000000000, 0.000000000000000000, -0.000000000000000000 ) ) ;
#2671 = ORIENTED_EDGE ( 'NONE', *, *, #412, .F. ) ;
#2672 = B_SPLINE_CURVE_WITH_KNOTS ( 'NONE', 3,
 ( #2450, #4525, #3250, #2339, #3680, #1080, #4473, #2768, #4047, #3631, #5384 ),
 .UNSPECIFIED., .F., .F.,
 ( 4, 1, 1, 1, 1, 1, 1, 1, 4 ),
 ( 0.000000000000000000, 0.1910785917157205305, 0.3626045563099716262, 0.5160987502785598924, 0.6500380260398399557, 0.7659767209867913706, 0.8623740257993892655, 0.9408420582211758365, 1.000000000000000000 ),
 .UNSPECIFIED. ) ;
#2673 = EDGE_CURVE ( 'NONE', #1305, #1870, #3182, .T. ) ;
#2674 = SURFACE_SIDE_STYLE ('',( #972 ) ) ;
#2675 = B_SPLINE_SURFACE_WITH_KNOTS ( 'NONE', 3, 1, ( 
 ( #735, #2914 ),
 ( #3358, #266 ),
 ( #2837, #4554 ),
 ( #282, #754 ),
 ( #1570, #4985 ),
 ( #4591, #1158 ),
 ( #2406, #4534 ),
 ( #2015, #3785 ),
 ( #4111, #5045 ),
 ( #4573, #1996 ),
 ( #5022, #5461 ),
 ( #2127, #1236 ),
 ( #3411, #5498 ),
 ( #1646, #4661 ),
 ( #5519, #3375 ) ),
 .UNSPECIFIED., .F., .F., .F.,
 ( 4, 1, 1, 1, 1, 1, 1, 1, 1, 1, 1, 1, 4 ),
 ( 2, 2 ),
 ( 0.000000000000000000, 0.08631500374059176972, 0.1677664659179404216, 0.2444326843848594610, 0.3181346623514533789, 0.3918841069799636201, 0.4700680503917547548, 0.5539041787139097339, 0.6443394983098204021, 0.7368746633345097941, 0.8261683643076465078, 0.9136785948895808085, 1.000000000000000000 ),
 ( 0.000000000000000000, 1.000000000000000000 ),
 .UNSPECIFIED. ) ;
#2676 = CARTESIAN_POINT ( 'NONE',  ( 0.2932376846614142551, 0.7399999999999997691, 0.1484217483154993689 ) ) ;
#2677 = PRESENTATION_LAYER_ASSIGNMENT (  '', '', ( #5075 ) ) ;
#2678 = DIRECTION ( 'NONE',  ( -1.000000000000000000, 0.000000000000000000, -0.000000000000000000 ) ) ;
#2679 = CARTESIAN_POINT ( 'NONE',  ( 0.5692918062988809869, 0.7599999999999998979, 0.1430916373995993751 ) ) ;
#2680 = ADVANCED_FACE ( 'NONE', ( #4770 ), #244, .F. ) ;
#2681 = ORIENTED_EDGE ( 'NONE', *, *, #3801, .T. ) ;
#2682 = DIRECTION ( 'NONE',  ( -1.000000000000000000, 0.000000000000000000, -0.000000000000000000 ) ) ;
#2683 = ORIENTED_EDGE ( 'NONE', *, *, #470, .F. ) ;
#2684 = B_SPLINE_SURFACE_WITH_KNOTS ( 'NONE', 3, 1, ( 
 ( #511, #1333 ),
 ( #431, #888 ),
 ( #3103, #3560 ),
 ( #869, #1836 ),
 ( #4359, #4810 ),
 ( #5283, #1788 ),
 ( #4791, #2650 ),
 ( #2695, #3910 ),
 ( #4323, #4758 ),
 ( #3543, #927 ),
 ( #5217, #2611 ),
 ( #2230, #947 ),
 ( #3062, #449 ),
 ( #4338, #3580 ),
 ( #3162, #3598 ),
 ( #531, #4418 ),
 ( #971, #1404 ),
 ( #4858, #2714 ),
 ( #2853, #1192 ) ),
 .UNSPECIFIED., .F., .F., .F.,
 ( 4, 1, 1, 1, 1, 1, 1, 1, 1, 1, 1, 1, 1, 1, 1, 1, 4 ),
 ( 2, 2 ),
 ( 0.000000000000000000, 0.06690918560565653483, 0.1334854404229653957, 0.2010351165700815235, 0.2712343400187638420, 0.3428799841615842725, 0.4138361296100205311, 0.4859766219744202642, 0.5602295572555486824, 0.5998841807523909164, 0.6440548396425964661, 0.6918919315842544382, 0.7446875244737720667, 0.8014917751698764636, 0.8628576982200922840, 0.9293283793947431093, 1.000000000000000000 ),
 ( 0.000000000000000000, 1.000000000000000000 ),
 .UNSPECIFIED. ) ;
#2685 = CARTESIAN_POINT ( 'NONE',  ( -0.1876938218452752216, 0.7399999999999997691, -0.1758851487156786186 ) ) ;
#2686 = CARTESIAN_POINT ( 'NONE',  ( -0.3367378627931247870, 0.7399999999999996581, -0.02649600844089149490 ) ) ;
#2687 = CARTESIAN_POINT ( 'NONE',  ( -0.3168157390467828405, 0.7400000000000002132, 0.2265976142911315661 ) ) ;
#2688 = AXIS2_PLACEMENT_3D ( 'NONE', #3504, #1902, #2756 ) ;
#2689 = ORIENTED_EDGE ( 'NONE', *, *, #333, .F. ) ;
#2690 = DIRECTION ( 'NONE',  ( 1.000000000000000000, 0.000000000000000000, -2.125886612716675080E-16 ) ) ;
#2691 = VERTEX_POINT ( 'NONE', #1645 ) ;
#2692 = CARTESIAN_POINT ( 'NONE',  ( 0.1423588501089866065, 0.7399999999999998801, 0.1003027052125861213 ) ) ;
#2693 = CARTESIAN_POINT ( 'NONE',  ( -0.4748931623931623158, 0.7600000000000000089, -0.05707215797350084774 ) ) ;
#2694 =( NAMED_UNIT ( * ) PLANE_ANGLE_UNIT ( ) SI_UNIT ( $, .RADIAN. ) );
#2695 = CARTESIAN_POINT ( 'NONE',  ( -0.3516246648344098502, 0.7599999999999997868, 0.02967232945358110746 ) ) ;
#2696 =( NAMED_UNIT ( * ) SI_UNIT ( $, .STERADIAN. ) SOLID_ANGLE_UNIT ( ) );
#2697 = VERTEX_POINT ( 'NONE', #4148 ) ;
#2698 = AXIS2_PLACEMENT_3D ( 'NONE', #1083, #4954, #2409 ) ;
#2699 = CARTESIAN_POINT ( 'NONE',  ( -0.4683464385283143683, 0.7399999999999998801, -0.05718325329802085438 ) ) ;
#2700 = CARTESIAN_POINT ( 'NONE',  ( 0.03808894285525143975, 0.7399999999999999911, 0.2024273918110169879 ) ) ;
#2701 = SURFACE_STYLE_FILL_AREA ( #4487 ) ;
#2702 = CARTESIAN_POINT ( 'NONE',  ( 0.2953999212456168699, 0.7399999999999997691, 0.2370863358951088018 ) ) ;
#2703 = CARTESIAN_POINT ( 'NONE',  ( -0.1521909396991592278, 0.7600000000000000089, 0.1627611125250053303 ) ) ;
#2704 = CARTESIAN_POINT ( 'NONE',  ( -0.04059912526709395092, 0.7599999999999998979, 0.2753530557017128122 ) ) ;
#2705 = FACE_OUTER_BOUND ( 'NONE', #477, .T. ) ;
#2706 = EDGE_CURVE ( 'NONE', #2728, #1734, #4850, .T. ) ;
#2707 = EDGE_CURVE ( 'NONE', #627, #4026, #1221, .T. ) ;
#2708 = CARTESIAN_POINT ( 'NONE',  ( 0.05542661721687205251, 0.7399999999999997691, 0.02967232945358110746 ) ) ;
#2709 = CARTESIAN_POINT ( 'NONE',  ( -0.4021838675846464151, 0.7600000000000000089, -0.06925023853538181395 ) ) ;
#2710 = DIRECTION ( 'NONE',  ( -0.000000000000000000, -1.000000000000000000, -0.000000000000000000 ) ) ;
#2711 = ADVANCED_FACE ( 'NONE', ( #1141 ), #1303, .T. ) ;
#2712 = VECTOR ( 'NONE', #5113, 1000.000000000000000 ) ;
#2713 = ORIENTED_EDGE ( 'NONE', *, *, #5314, .F. ) ;
#2714 = CARTESIAN_POINT ( 'NONE',  ( -0.4696971956753290822, 0.7399999999999999911, -0.002507960822553838894 ) ) ;
#2715 = CARTESIAN_POINT ( 'NONE',  ( 0.5291380234570262076, 0.7399999999999999911, 0.05461966177854746252 ) ) ;
#2716 = B_SPLINE_SURFACE_WITH_KNOTS ( 'NONE', 3, 1, ( 
 ( #3645, #3629 ),
 ( #4060, #4486 ),
 ( #1472, #4520 ),
 ( #190, #1509 ),
 ( #1022, #3267 ),
 ( #2324, #4930 ),
 ( #172, #1457 ),
 ( #5345, #3229 ),
 ( #1078, #1913 ),
 ( #4452, #1894 ),
 ( #1061, #643 ) ),
 .UNSPECIFIED., .F., .F., .F.,
 ( 4, 1, 1, 1, 1, 1, 1, 1, 4 ),
 ( 2, 2 ),
 ( 0.000000000000000000, 0.1182713048357256075, 0.2361775330837630471, 0.3556629329485091473, 0.4759041646706827500, 0.6001273417110829511, 0.7286081161551197782, 0.8613134756739423414, 1.000000000000000000 ),
 ( 0.000000000000000000, 1.000000000000000000 ),
 .UNSPECIFIED. ) ;
#2717 = CARTESIAN_POINT ( 'NONE',  ( -0.4188793392919265557, 0.7399999999999998801, -0.06367354875165437411 ) ) ;
#2718 = VECTOR ( 'NONE', #2162, 1000.000000000000000 ) ;
#2719 = VERTEX_POINT ( 'NONE', #2012 ) ;
#2720 = DIRECTION ( 'NONE',  ( 1.000000000000000000, 0.000000000000000000, -0.000000000000000000 ) ) ;
#2721 = CARTESIAN_POINT ( 'NONE',  ( 0.002455602964362117377, 0.7400000000000002132, 0.2166910399578947100 ) ) ;
#2722 = AXIS2_PLACEMENT_3D ( 'NONE', #915, #2618, #1723 ) ;
#2723 = CARTESIAN_POINT ( 'NONE',  ( -0.2082122768698587423, 0.7399999999999997691, 0.1551870807173011402 ) ) ;
#2724 = CARTESIAN_POINT ( 'NONE',  ( 0.3824509495228373135, 0.7399999999999997691, 0.2736677018943205475 ) ) ;
#2725 =( GEOMETRIC_REPRESENTATION_CONTEXT ( 3 ) GLOBAL_UNCERTAINTY_ASSIGNED_CONTEXT ( ( #1122 ) ) GLOBAL_UNIT_ASSIGNED_CONTEXT ( ( #71, #3117, #2271 ) ) REPRESENTATION_CONTEXT ( 'NONE', 'WORKASPACE' ) );
#2726 = CARTESIAN_POINT ( 'NONE',  ( -0.03975110176282044966, 0.7599999999999998979, 0.2210795514282085372 ) ) ;
#2727 = CARTESIAN_POINT ( 'NONE',  ( 0.000000000000000000, 0.7399999999999998801, 0.000000000000000000 ) ) ;
#2728 = VERTEX_POINT ( 'NONE', #3338 ) ;
#2729 = DIRECTION ( 'NONE',  ( -0.000000000000000000, -1.000000000000000000, -0.000000000000000000 ) ) ;
#2730 = CARTESIAN_POINT ( 'NONE',  ( 1.485000000000000320, -0.4399999999999996136, 17.26000000000000156 ) ) ;
#2731 = CARTESIAN_POINT ( 'NONE',  ( -0.6037927350427348960, 0.7599999999999998979, -0.1452666024179452842 ) ) ;
#2732 = B_SPLINE_SURFACE_WITH_KNOTS ( 'NONE', 3, 1, ( 
 ( #2693, #4873 ),
 ( #2246, #2291 ),
 ( #91, #3938 ),
 ( #4786, #3990 ),
 ( #4415, #5298 ),
 ( #2709, #105 ),
 ( #644, #2801 ),
 ( #2785, #1932 ),
 ( #598, #3270 ),
 ( #662, #3198 ),
 ( #3231, #3646 ),
 ( #4503, #2766 ),
 ( #158, #1025 ),
 ( #2337, #5382 ),
 ( #2309, #2370 ) ),
 .UNSPECIFIED., .F., .F., .F.,
 ( 4, 1, 1, 1, 1, 1, 1, 1, 1, 1, 1, 1, 4 ),
 ( 2, 2 ),
 ( 0.000000000000000000, 0.1101655532114436398, 0.2157872561749717699, 0.3180274349094167619, 0.4175739541655084652, 0.5116504876474462504, 0.5961620971027621341, 0.6729345334849963223, 0.7436695573498567358, 0.8106770010653612246, 0.8740589623137362540, 0.9366963019193726980, 1.000000000000000000 ),
 ( 0.000000000000000000, 1.000000000000000000 ),
 .UNSPECIFIED. ) ;
#2733 = ORIENTED_EDGE ( 'NONE', *, *, #2631, .F. ) ;
#2734 = ORIENTED_EDGE ( 'NONE', *, *, #3960, .F. ) ;
#2735 = CARTESIAN_POINT ( 'NONE',  ( -0.3474339010592144006, 0.7399999999999999911, -0.1110173502982743504 ) ) ;
#2736 =( NAMED_UNIT ( * ) SI_UNIT ( $, .STERADIAN. ) SOLID_ANGLE_UNIT ( ) );
#2737 = CARTESIAN_POINT ( 'NONE',  ( 0.08069974002119836842, 0.7399999999999999911, 0.1610504477046010297 ) ) ;
#2738 = EDGE_LOOP ( 'NONE', ( #3685, #734, #1373, #4623 ) ) ;
#2739 = EDGE_LOOP ( 'NONE', ( #4094, #776, #3420, #4157, #4005, #5020, #3238, #4897, #1275, #2240, #4815, #2078, #2998, #2431, #4761, #1464, #2590 ) ) ;
#2740 = ADVANCED_FACE ( 'NONE', ( #2485 ), #2288, .T. ) ;
#2741 = CARTESIAN_POINT ( 'NONE',  ( -0.1469327698838167884, 0.7599999999999997868, 0.1715652971832807849 ) ) ;
#2742 = CARTESIAN_POINT ( 'NONE',  ( -0.5999910465519745495, 0.7399999999999997691, -0.1610069080875717040 ) ) ;
#2743 = EDGE_CURVE ( 'NONE', #3075, #4972, #176, .T. ) ;
#2744 = CARTESIAN_POINT ( 'NONE',  ( -0.5255131755850356301, 0.7600000000000003419, 0.2601311650978795909 ) ) ;
#2746 = DIRECTION ( 'NONE',  ( 1.000000000000000000, 0.000000000000000000, -0.000000000000000000 ) ) ;
#2745 = LINE ( 'NONE', #4221, #2455 ) ;
#2747 = CARTESIAN_POINT ( 'NONE',  ( -0.3345483269849963137, 0.7399999999999997691, 0.2412931175657498928 ) ) ;
#2748 = ORIENTED_EDGE ( 'NONE', *, *, #4320, .T. ) ;
#2749 = ORIENTED_EDGE ( 'NONE', *, *, #4588, .T. ) ;
#2750 = CARTESIAN_POINT ( 'NONE',  ( -1.054999999999999938, -0.4399999999999996136, 2.530000000000001137 ) ) ;
#2751 = CARTESIAN_POINT ( 'NONE',  ( -0.4964264511210132458, 0.7400000000000004352, 0.2699729163189711900 ) ) ;
#2752 = EDGE_CURVE ( 'NONE', #5503, #47, #4439, .T. ) ;
#2753 = ORIENTED_EDGE ( 'NONE', *, *, #4992, .F. ) ;
#2754 = ORIENTED_EDGE ( 'NONE', *, *, #4910, .F. ) ;
#2755 = CARTESIAN_POINT ( 'NONE',  ( 1.055000000000000160, -0.4399999999999996136, 17.26000000000000156 ) ) ;
#2756 = DIRECTION ( 'NONE',  ( -1.000000000000000000, 0.000000000000000000, 0.000000000000000000 ) ) ;
#2757 = CARTESIAN_POINT ( 'NONE',  ( -0.6025061720231078555, 0.7399999999999997691, -0.1505934184475560544 ) ) ;
#2758 = VERTEX_POINT ( 'NONE', #1253 ) ;
#2759 = CARTESIAN_POINT ( 'NONE',  ( 0.08589820958071871237, 0.7599999999999997868, 0.1513684937088689286 ) ) ;
#2760 = CARTESIAN_POINT ( 'NONE',  ( 0.08551570169944064381, 0.7400000000000001021, -0.01593448319721313747 ) ) ;
#2761 = CARTESIAN_POINT ( 'NONE',  ( -0.2823407337897153035, 0.7399999999999997691, 0.03207697357080436379 ) ) ;
#2762 = CARTESIAN_POINT ( 'NONE',  ( -0.5748695359763150714, 0.7599999999999998979, 0.2253807708004603449 ) ) ;
#2763 = CARTESIAN_POINT ( 'NONE',  ( 0.3824509495228373135, 0.7599999999999998979, 0.2736677018943205475 ) ) ;
#2764 = CIRCLE ( 'NONE', #1477, 0.05000000000000012768 ) ;
#2765 = CARTESIAN_POINT ( 'NONE',  ( -0.02449188337278550634, 0.7399999999999998801, 0.0008980509632965237750 ) ) ;
#2766 = CARTESIAN_POINT ( 'NONE',  ( -0.3426219924007504747, 0.7399999999999997691, -0.1214671306867397826 ) ) ;
#2767 = EDGE_CURVE ( 'NONE', #5047, #5357, #3317, .T. ) ;
#2768 = CARTESIAN_POINT ( 'NONE',  ( 0.2860528886767617629, 0.7399999999999998801, 0.1099925410106834395 ) ) ;
#2769 =( NAMED_UNIT ( * ) SI_UNIT ( $, .STERADIAN. ) SOLID_ANGLE_UNIT ( ) );
#2770 = LINE ( 'NONE', #2874, #4444 ) ;
#2771 = EDGE_LOOP ( 'NONE', ( #908, #2241, #1255, #795, #3459 ) ) ;
#2772 = CARTESIAN_POINT ( 'NONE',  ( -0.4462723691239315338, 0.7399999999999998801, -0.2809503631017059022 ) ) ;
#2773 = LINE ( 'NONE', #4751, #2491 ) ;
#2774 = EDGE_CURVE ( 'NONE', #3424, #302, #1265, .T. ) ;
#2775 = CARTESIAN_POINT ( 'NONE',  ( -0.2823407337897153035, 0.7599999999999997868, 0.03207697357080436379 ) ) ;
#2776 = CARTESIAN_POINT ( 'NONE',  ( -1.644999999999999574, -0.02999999999999967276, 2.020000000000000018 ) ) ;
#2777 = LINE ( 'NONE', #917, #871 ) ;
#2778 = CARTESIAN_POINT ( 'NONE',  ( -2.045000000000000373, -0.7600000000000001199, 1.510000000000000009 ) ) ;
#2779 = CARTESIAN_POINT ( 'NONE',  ( 0.4139124061710826030, 0.7399999999999998801, 0.2209171954927711123 ) ) ;
#2780 =( GEOMETRIC_REPRESENTATION_CONTEXT ( 3 ) GLOBAL_UNCERTAINTY_ASSIGNED_CONTEXT ( ( #1052 ) ) GLOBAL_UNIT_ASSIGNED_CONTEXT ( ( #2278, #4877, #79 ) ) REPRESENTATION_CONTEXT ( 'NONE', 'WORKASPACE' ) );
#2781 = EDGE_CURVE ( 'NONE', #2492, #5295, #5450, .T. ) ;
#2782 = CARTESIAN_POINT ( 'NONE',  ( -0.05256284450022345733, 0.7399999999999996581, -0.001943854750242331219 ) ) ;
#2783 = SURFACE_STYLE_FILL_AREA ( #2231 ) ;
#2784 = ORIENTED_EDGE ( 'NONE', *, *, #3073, .F. ) ;
#2785 = CARTESIAN_POINT ( 'NONE',  ( -0.3737648484656668768, 0.7600000000000000089, -0.08326446271351722883 ) ) ;
#2786 = CARTESIAN_POINT ( 'NONE',  ( -0.1284057985046225259, 0.7400000000000001021, -0.1829908014538720040 ) ) ;
#2787 = LINE ( 'NONE', #4849, #5532 ) ;
#2788 = ORIENTED_EDGE ( 'NONE', *, *, #4247, .F. ) ;
#2789 = CARTESIAN_POINT ( 'NONE',  ( -0.6025061720231078555, 0.7599999999999997868, -0.1505934184475560544 ) ) ;
#2790 = CARTESIAN_POINT ( 'NONE',  ( -1.054999999999999938, -0.02999999999999967276, 17.26000000000000156 ) ) ;
#2791 = CARTESIAN_POINT ( 'NONE',  ( -0.8949999999999997957, -0.02999999999999967276, 2.070000000000000284 ) ) ;
#2792 = EDGE_CURVE ( 'NONE', #5052, #2135, #5010, .T. ) ;
#2793 = ORIENTED_EDGE ( 'NONE', *, *, #2182, .T. ) ;
#2794 = ORIENTED_EDGE ( 'NONE', *, *, #4678, .T. ) ;
#2795 = CARTESIAN_POINT ( 'NONE',  ( 0.05353148370726502903, 0.7399999999999996581, -0.03459953511025300188 ) ) ;
#2796 = AXIS2_PLACEMENT_3D ( 'NONE', #847, #427, #865 ) ;
#2797 = CARTESIAN_POINT ( 'NONE',  ( -0.4510127478930577860, 0.7399999999999997691, -0.2808620187169287852 ) ) ;
#2798 = DIRECTION ( 'NONE',  ( -0.000000000000000000, -1.000000000000000000, -0.000000000000000000 ) ) ;
#2799 = EDGE_LOOP ( 'NONE', ( #4198, #4830, #1427, #1320 ) ) ;
#2800 = CARTESIAN_POINT ( 'NONE',  ( -0.06264591362404707542, 0.7399999999999998801, -0.002507960822553838894 ) ) ;
#2801 = CARTESIAN_POINT ( 'NONE',  ( -0.3869667406851947655, 0.7399999999999996581, -0.07572728341768476812 ) ) ;
#2802 = CARTESIAN_POINT ( 'NONE',  ( -1.054999999999999938, -0.02999999999999967276, 2.530000000000001137 ) ) ;
#2803 = CARTESIAN_POINT ( 'NONE',  ( -0.1164366249554993488, 0.7400000000000001021, -0.1971862565315576354 ) ) ;
#2804 = ORIENTED_EDGE ( 'NONE', *, *, #785, .T. ) ;
#2805 = VERTEX_POINT ( 'NONE', #1693 ) ;
#2806 = CARTESIAN_POINT ( 'NONE',  ( 0.06777922535123966086, 0.7600000000000001199, -0.1464399793392226479 ) ) ;
#2807 = DIRECTION ( 'NONE',  ( 0.000000000000000000, 0.000000000000000000, -1.000000000000000000 ) ) ;
#2808 = CARTESIAN_POINT ( 'NONE',  ( 1.485000000000000320, -0.4399999999999996136, 1.510000000000000009 ) ) ;
#2809 = ORIENTED_EDGE ( 'NONE', *, *, #5207, .F. ) ;
#2810 = ORIENTED_EDGE ( 'NONE', *, *, #601, .F. ) ;
#2811 = CARTESIAN_POINT ( 'NONE',  ( -0.04059912526709395092, 0.7399999999999999911, 0.2753530557017128122 ) ) ;
#2812 = CARTESIAN_POINT ( 'NONE',  ( -0.3433308814077237758, 0.7599999999999998979, -0.1677561313120304598 ) ) ;
#2813 = DIRECTION ( 'NONE',  ( 0.000000000000000000, 1.000000000000000000, 0.000000000000000000 ) ) ;
#2814 = EDGE_CURVE ( 'NONE', #2805, #4756, #2437, .T. ) ;
#2815 = ORIENTED_EDGE ( 'NONE', *, *, #1074, .T. ) ;
#2816 = EDGE_CURVE ( 'NONE', #4070, #476, #4506, .T. ) ;
#2817 = CARTESIAN_POINT ( 'NONE',  ( -0.4644398081277316126, 0.7400000000000002132, 0.2749635032441701821 ) ) ;
#2818 = CARTESIAN_POINT ( 'NONE',  ( -0.2951633372468782102, 0.7399999999999999911, -0.1109367007083016388 ) ) ;
#2819 = CARTESIAN_POINT ( 'NONE',  ( 1.055000000000000160, -0.02999999999999967276, 17.26000000000000156 ) ) ;
#2820 = ORIENTED_EDGE ( 'NONE', *, *, #5518, .F. ) ;
#2821 = DIRECTION ( 'NONE',  ( 0.000000000000000000, 0.000000000000000000, -1.000000000000000000 ) ) ;
#2822 = ORIENTED_EDGE ( 'NONE', *, *, #3034, .F. ) ;
#2823 = CARTESIAN_POINT ( 'NONE',  ( -0.6204774484649608901, 0.7399999999999999911, 0.1377269964403936287 ) ) ;
#2824 = ORIENTED_EDGE ( 'NONE', *, *, #4992, .T. ) ;
#2825 = CARTESIAN_POINT ( 'NONE',  ( -0.5002655984730184358, 0.7600000000000001199, -0.2723765732016598662 ) ) ;
#2826 = CARTESIAN_POINT ( 'NONE',  ( -0.1929397645006924733, 0.7399999999999999911, -0.1610069080875716763 ) ) ;
#2827 = VECTOR ( 'NONE', #617, 1000.000000000000000 ) ;
#2828 = CARTESIAN_POINT ( 'NONE',  ( 0.2150000000000001354, -0.4399999999999996136, 17.26000000000000156 ) ) ;
#2829 = DIRECTION ( 'NONE',  ( 0.000000000000000000, 0.000000000000000000, 1.000000000000000000 ) ) ;
#2830 = LINE ( 'NONE', #5497, #1007 ) ;
#2831 = ORIENTED_EDGE ( 'NONE', *, *, #3715, .T. ) ;
#2832 = CARTESIAN_POINT ( 'NONE',  ( -0.3478907116406676492, 0.7599999999999998979, -0.03188140679386135268 ) ) ;
#2833 = CARTESIAN_POINT ( 'NONE',  ( -0.6093397714280366362, 0.7400000000000001021, 0.1715532227345266114 ) ) ;
#2834 = CARTESIAN_POINT ( 'NONE',  ( 0.3173104276337066487, 0.7600000000000000089, 0.2520569191819430621 ) ) ;
#2835 = AXIS2_PLACEMENT_3D ( 'NONE', #4841, #467, #3993 ) ;
#2836 = FACE_OUTER_BOUND ( 'NONE', #585, .T. ) ;
#2837 = CARTESIAN_POINT ( 'NONE',  ( 0.2893601965928701558, 0.7600000000000000089, 0.1346772818936752825 ) ) ;
#2838 = CARTESIAN_POINT ( 'NONE',  ( -0.8949999999999996847, -1.346972987469857941, 2.479999999999999982 ) ) ;
#2839 = EDGE_CURVE ( 'NONE', #3701, #3746, #3331, .T. ) ;
#2840 = CARTESIAN_POINT ( 'NONE',  ( 0.4599574326062076390, 0.7600000000000001199, 0.2103122036073126755 ) ) ;
#2841 = FACE_OUTER_BOUND ( 'NONE', #4755, .T. ) ;
#2842 = EDGE_LOOP ( 'NONE', ( #3214, #4006, #559, #4950 ) ) ;
#2843 = ADVANCED_FACE ( 'NONE', ( #4304 ), #4583, .T. ) ;
#2844 = DIRECTION ( 'NONE',  ( 1.000000000000000000, 0.000000000000000000, 0.000000000000000000 ) ) ;
#2845 = CARTESIAN_POINT ( 'NONE',  ( 0.2425822211889583635, 0.7399999999999998801, 0.1446920112895654087 ) ) ;
#2846 = EDGE_CURVE ( 'NONE', #4403, #1601, #1827, .T. ) ;
#2847 = CARTESIAN_POINT ( 'NONE',  ( -0.1870818130689282932, 0.7399999999999997691, 0.2007584320339496076 ) ) ;
#2848 = AXIS2_PLACEMENT_3D ( 'NONE', #3303, #753, #3782 ) ;
#2849 = PRESENTATION_STYLE_ASSIGNMENT (( #1771 ) ) ;
#2850 = CARTESIAN_POINT ( 'NONE',  ( 0.2150000000000001354, -0.02999999999999967276, 17.26000000000000156 ) ) ;
#2851 = CARTESIAN_POINT ( 'NONE',  ( -0.5730122162149483556, 0.7399999999999994360, 0.1313162933923128495 ) ) ;
#2852 = DIRECTION ( 'NONE',  ( -0.000000000000000000, -0.000000000000000000, -1.000000000000000000 ) ) ;
#2853 = CARTESIAN_POINT ( 'NONE',  ( -0.4748931623931622603, 0.7599999999999998979, -0.002798653699996567993 ) ) ;
#2854 = CARTESIAN_POINT ( 'NONE',  ( 0.09279759810503267203, 0.7399999999999995470, 0.1308800587138785054 ) ) ;
#2855 = FACE_OUTER_BOUND ( 'NONE', #2112, .T. ) ;
#2856 = VERTEX_POINT ( 'NONE', #4907 ) ;
#2857 = CARTESIAN_POINT ( 'NONE',  ( 0.03328643358561524102, 0.7399999999999996581, -0.08326446271351721495 ) ) ;
#2858 = DIRECTION ( 'NONE',  ( 1.000000000000000000, 0.000000000000000000, 0.000000000000000000 ) ) ;
#2859 = EDGE_LOOP ( 'NONE', ( #1479, #346, #4619, #1744 ) ) ;
#2860 = ORIENTED_EDGE ( 'NONE', *, *, #1153, .T. ) ;
#2861 = CARTESIAN_POINT ( 'NONE',  ( 0.2387686534234078617, 0.7399999999999998801, 0.1051536754171249477 ) ) ;
#2862 = CARTESIAN_POINT ( 'NONE',  ( -0.1779106300883982195, 0.7400000000000001021, 0.2136092300077266359 ) ) ;
#2863 = CARTESIAN_POINT ( 'NONE',  ( -0.2883881750088612139, 0.7399999999999997691, 0.1903940432972665575 ) ) ;
#2864 = ORIENTED_EDGE ( 'NONE', *, *, #55, .F. ) ;
#2865 = ORIENTED_EDGE ( 'NONE', *, *, #4029, .F. ) ;
#2866 = CARTESIAN_POINT ( 'NONE',  ( -0.5689158163929740608, 0.7400000000000002132, 0.1427221491312525015 ) ) ;
#2867 = ADVANCED_FACE ( 'NONE', ( #1947 ), #4637, .T. ) ;
#2868 = B_SPLINE_SURFACE_WITH_KNOTS ( 'NONE', 3, 1, ( 
 ( #728, #1840 ),
 ( #2255, #5288 ),
 ( #3143, #2194 ),
 ( #24, #5236 ),
 ( #3507, #1818 ),
 ( #4817, #2633 ),
 ( #42, #493 ),
 ( #3087, #4365 ),
 ( #3583, #3641 ),
 ( #4422, #3601 ),
 ( #997, #4876 ),
 ( #573, #4087 ),
 ( #3259, #1148 ),
 ( #3735, #3668 ),
 ( #5034, #1580 ),
 ( #1951, #4580 ),
 ( #234, #5420 ),
 ( #2361, #4512 ),
 ( #3276, #2435 ) ),
 .UNSPECIFIED., .F., .F., .F.,
 ( 4, 1, 1, 1, 1, 1, 1, 1, 1, 1, 1, 1, 1, 1, 1, 1, 4 ),
 ( 2, 2 ),
 ( 0.000000000000000000, 0.06554117033740342046, 0.1289631677825934242, 0.1903771361885610858, 0.2500923616690527429, 0.3085484324592011052, 0.3663979630552961497, 0.4245421892666801922, 0.4831699964229057009, 0.5422433998311201320, 0.6017393520173300869, 0.6625060022496067624, 0.7248555134488471330, 0.7891278292811813033, 0.8563463998785101339, 0.9262952349869054691, 1.000000000000000000 ),
 ( 0.000000000000000000, 1.000000000000000000 ),
 .UNSPECIFIED. ) ;
#2870 = CARTESIAN_POINT ( 'NONE',  ( 0.1151552726966999368, 0.7399999999999997691, -0.1378694775575425580 ) ) ;
#2869 = FACE_OUTER_BOUND ( 'NONE', #4437, .T. ) ;
#2871 = EDGE_CURVE ( 'NONE', #896, #2413, #794, .T. ) ;
#2872 = CARTESIAN_POINT ( 'NONE',  ( -0.2917200854700853774, 0.7399999999999998801, -0.1434645524713640541 ) ) ;
#2873 = VERTEX_POINT ( 'NONE', #4058 ) ;
#2874 = CARTESIAN_POINT ( 'NONE',  ( -0.3249999999999994560, -1.346972987469857941, 2.530000000000000249 ) ) ;
#2875 = CARTESIAN_POINT ( 'NONE',  ( -0.5689158163929740608, 0.7600000000000002309, 0.1427221491312525015 ) ) ;
#2876 = CARTESIAN_POINT ( 'NONE',  ( 0.5197454593087244001, 0.7600000000000000089, 0.1451344525669951147 ) ) ;
#2877 = DIRECTION ( 'NONE',  ( -0.000000000000000000, -1.000000000000000000, -0.000000000000000000 ) ) ;
#2878 = FACE_OUTER_BOUND ( 'NONE', #229, .T. ) ;
#2879 = ORIENTED_EDGE ( 'NONE', *, *, #3896, .F. ) ;
#2880 = AXIS2_PLACEMENT_3D ( 'NONE', #2613, #5266, #2155 ) ;
#2881 = EDGE_LOOP ( 'NONE', ( #1212, #2788, #1997, #4202 ) ) ;
#2882 = ORIENTED_EDGE ( 'NONE', *, *, #1897, .F. ) ;
#2883 = EDGE_CURVE ( 'NONE', #5483, #1282, #2474, .T. ) ;
#2884 = CARTESIAN_POINT ( 'NONE',  ( -0.4462723691239315338, 0.7599999999999998979, -0.2809503631017059022 ) ) ;
#2885 = CARTESIAN_POINT ( 'NONE',  ( -0.08034404998735029946, 0.7400000000000001021, -0.2761601940416540946 ) ) ;
#2886 = PRESENTATION_STYLE_ASSIGNMENT (( #4878 ) ) ;
#2887 = ORIENTED_EDGE ( 'NONE', *, *, #1935, .F. ) ;
#2888 = B_SPLINE_CURVE_WITH_KNOTS ( 'NONE', 3,
 ( #5077, #3797, #4144, #5060, #261, #2479, #4585, #2927, #2099, #833, #779, #2574, #1299, #3029, #3812 ),
 .UNSPECIFIED., .F., .F.,
 ( 4, 1, 1, 1, 1, 1, 1, 1, 1, 1, 1, 1, 4 ),
 ( 0.000000000000000000, 0.08631500374059176972, 0.1677664659179404216, 0.2444326843848594610, 0.3181346623514533789, 0.3918841069799636201, 0.4700680503917547548, 0.5539041787139097339, 0.6443394983098204021, 0.7368746633345097941, 0.8261683643076465078, 0.9136785948895808085, 1.000000000000000000 ),
 .UNSPECIFIED. ) ;
#2889 = CARTESIAN_POINT ( 'NONE',  ( 0.5748556629410238594, 0.7400000000000005462, 0.1013165863981546622 ) ) ;
#2890 = EDGE_CURVE ( 'NONE', #1853, #2413, #5057, .T. ) ;
#2891 = CARTESIAN_POINT ( 'NONE',  ( -0.5374493438378942223, 0.7599999999999998979, 0.1904945992837297486 ) ) ;
#2892 = EDGE_LOOP ( 'NONE', ( #4797, #94, #1799, #2471 ) ) ;
#2893 = CARTESIAN_POINT ( 'NONE',  ( 0.5223978731832618072, 0.7599999999999998979, 0.1363420577744440809 ) ) ;
#2894 = ORIENTED_EDGE ( 'NONE', *, *, #4213, .T. ) ;
#2895 = CARTESIAN_POINT ( 'NONE',  ( -0.2951633372468782102, 0.7399999999999999911, -0.1109367007083016388 ) ) ;
#2896 = AXIS2_PLACEMENT_3D ( 'NONE', #2425, #4536, #1118 ) ;
#2897 = AXIS2_PLACEMENT_3D ( 'NONE', #4593, #3344, #4186 ) ;
#2898 = CARTESIAN_POINT ( 'NONE',  ( 0.09474062479654214719, 0.7400000000000001021, 0.1201308291806494205 ) ) ;
#2899 = CARTESIAN_POINT ( 'NONE',  ( -0.5748695359763150714, 0.7399999999999998801, 0.2253807708004603449 ) ) ;
#2900 = CARTESIAN_POINT ( 'NONE',  ( 0.05303617618464140371, 0.7399999999999997691, -0.1009911466906706634 ) ) ;
#2901 = LINE ( 'NONE', #5551, #1206 ) ;
#2902 = CARTESIAN_POINT ( 'NONE',  ( 0.05612611390816362594, 0.7599999999999998979, -0.1824409726064654957 ) ) ;
#2903 = B_SPLINE_SURFACE_WITH_KNOTS ( 'NONE', 3, 1, ( 
 ( #3359, #5462 ),
 ( #3786, #3729 ),
 ( #283, #2488 ),
 ( #3342, #1609 ),
 ( #2034, #2464 ),
 ( #5500, #2506 ),
 ( #356, #3038 ),
 ( #5127, #128 ),
 ( #4463, #2417 ),
 ( #4584, #4970 ),
 ( #2334, #4673 ),
 ( #2079, #1638 ),
 ( #2473, #723 ),
 ( #3329, #4633 ),
 ( #3347, #2907 ),
 ( #2514, #4618 ),
 ( #2045, #291 ),
 ( #3367, #742 ),
 ( #5523, #5073 ) ),
 .UNSPECIFIED., .F., .F., .F.,
 ( 4, 1, 1, 1, 1, 1, 1, 1, 1, 1, 1, 1, 1, 1, 1, 1, 4 ),
 ( 2, 2 ),
 ( 0.000000000000000000, 0.06690918560565653483, 0.1334854404229653957, 0.2010351165700815235, 0.2712343400187638420, 0.3428799841615842725, 0.4138361296100205311, 0.4859766219744202642, 0.5602295572555486824, 0.5998841807523909164, 0.6440548396425964661, 0.6918919315842545492, 0.7446875244737720667, 0.8014917751698764636, 0.8628576982200922840, 0.9293283793947431093, 1.000000000000000000 ),
 ( 0.000000000000000000, 1.000000000000000000 ),
 .UNSPECIFIED. ) ;
#2904 = CARTESIAN_POINT ( 'NONE',  ( -0.09321431642173624854, 0.7400000000000002132, -0.2723765732016598107 ) ) ;
#2905 = FACE_OUTER_BOUND ( 'NONE', #3357, .T. ) ;
#2906 = ORIENTED_EDGE ( 'NONE', *, *, #1216, .F. ) ;
#2907 = CARTESIAN_POINT ( 'NONE',  ( -0.02449188337278550634, 0.7400000000000002132, 0.0008980509632965237750 ) ) ;
#2908 = CARTESIAN_POINT ( 'NONE',  ( -0.4476504073183759091, 0.7599999999999998979, 0.2753530557017128122 ) ) ;
#2909 = CARTESIAN_POINT ( 'NONE',  ( -0.2149999999999999134, -0.02999999999999967276, 17.26000000000000156 ) ) ;
#2910 = VECTOR ( 'NONE', #792, 1000.000000000000000 ) ;
#2911 = CARTESIAN_POINT ( 'NONE',  ( -0.6241452991452990373, 0.7400000000000002132, 0.1193167309153880390 ) ) ;
#2912 = CARTESIAN_POINT ( 'NONE',  ( 0.05353148370726502903, 0.7600000000000000089, -0.03459953511025300188 ) ) ;
#2913 = CARTESIAN_POINT ( 'NONE',  ( 0.1368165742281664821, 0.7399999999999998801, 0.1486200630909850218 ) ) ;
#2914 = CARTESIAN_POINT ( 'NONE',  ( 0.2870559561965810857, 0.7400000000000002132, 0.1200587514816273405 ) ) ;
#2915 = FACE_OUTER_BOUND ( 'NONE', #909, .T. ) ;
#2916 = CARTESIAN_POINT ( 'NONE',  ( -0.5754187471763216877, 0.7599999999999998979, 0.1233911650643369912 ) ) ;
#2917 = EDGE_CURVE ( 'NONE', #2201, #3817, #237, .T. ) ;
#2918 = DIRECTION ( 'NONE',  ( -1.000000000000000000, -0.000000000000000000, -0.000000000000000000 ) ) ;
#2919 = LINE ( 'NONE', #2466, #398 ) ;
#2920 = LINE ( 'NONE', #1860, #5225 ) ;
#2921 = ORIENTED_EDGE ( 'NONE', *, *, #144, .F. ) ;
#2922 = CARTESIAN_POINT ( 'NONE',  ( -0.1173709299701156811, 0.7400000000000001021, -0.2612573626517047387 ) ) ;
#2923 = CARTESIAN_POINT ( 'NONE',  ( 1.055000000000000160, -0.4399999999999996136, 17.26000000000000156 ) ) ;
#2924 = FACE_OUTER_BOUND ( 'NONE', #1502, .T. ) ;
#2925 = CARTESIAN_POINT ( 'NONE',  ( 0.06697226384912539909, 0.7600000000000000089, 0.04056885120919018900 ) ) ;
#2926 = CARTESIAN_POINT ( 'NONE',  ( 0.5692918062988809869, 0.7599999999999998979, 0.1430916373995993751 ) ) ;
#2927 = CARTESIAN_POINT ( 'NONE',  ( 0.3236567080840497268, 0.7599999999999998979, 0.1916839599853251419 ) ) ;
#2928 = CARTESIAN_POINT ( 'NONE',  ( 0.5285010903242564062, 0.7600000000000000089, 0.08992571924155740026 ) ) ;
#2929 = ADVANCED_FACE ( 'NONE', ( #2006 ), #3857, .T. ) ;
#2930 = CARTESIAN_POINT ( 'NONE',  ( -0.4961680632844128191, 0.7399999999999996581, -0.2167149013363941223 ) ) ;
#2931 = CARTESIAN_POINT ( 'NONE',  ( 0.4820455185070942616, 0.7400000000000003242, 0.1970348932715180745 ) ) ;
#2932 = ORIENTED_EDGE ( 'NONE', *, *, #2631, .T. ) ;
#2933 = ORIENTED_EDGE ( 'NONE', *, *, #4891, .T. ) ;
#2934 = CARTESIAN_POINT ( 'NONE',  ( 0.1416552854627723401, 0.7399999999999999911, 0.1267768611297462045 ) ) ;
#2935 = CARTESIAN_POINT ( 'NONE',  ( 0.1118879448044038105, 0.7600000000000000089, -0.1109367007083016388 ) ) ;
#2936 = CARTESIAN_POINT ( 'NONE',  ( -0.03922108707264949923, 0.7599999999999998979, -0.2809503631017059022 ) ) ;
#2937 = EDGE_LOOP ( 'NONE', ( #4880, #2894 ) ) ;
#2938 = CARTESIAN_POINT ( 'NONE',  ( -0.03858506944444438369, 0.7599999999999998979, -0.2266768588282016827 ) ) ;
#2939 = LINE ( 'NONE', #1578, #5542 ) ;
#2940 = CARTESIAN_POINT ( 'NONE',  ( 0.05353148370726502903, 0.7600000000000000089, -0.03459953511025300188 ) ) ;
#2941 = VERTEX_POINT ( 'NONE', #5042 ) ;
#2942 = ORIENTED_EDGE ( 'NONE', *, *, #1944, .T. ) ;
#2943 = CARTESIAN_POINT ( 'NONE',  ( -0.01204237326771667380, 0.7600000000000001199, 0.002791159552915368526 ) ) ;
#2944 = CARTESIAN_POINT ( 'NONE',  ( -0.3168157390467828405, 0.7400000000000003242, 0.2265976142911315661 ) ) ;
#2945 = LINE ( 'NONE', #4175, #496 ) ;
#2946 = CARTESIAN_POINT ( 'NONE',  ( 0.06765457621892266571, 0.7399999999999999911, -0.1519376743405413954 ) ) ;
#2947 = ORIENTED_EDGE ( 'NONE', *, *, #4715, .T. ) ;
#2948 = FACE_OUTER_BOUND ( 'NONE', #2624, .T. ) ;
#2949 = ORIENTED_EDGE ( 'NONE', *, *, #4999, .F. ) ;
#2950 = ORIENTED_EDGE ( 'NONE', *, *, #3266, .T. ) ;
#2951 = EDGE_LOOP ( 'NONE', ( #4427, #3172, #466, #2860 ) ) ;
#2952 = DIRECTION ( 'NONE',  ( 0.000000000000000000, 0.000000000000000000, 1.000000000000000000 ) ) ;
#2953 = DIRECTION ( 'NONE',  ( -0.000000000000000000, -1.000000000000000000, -0.000000000000000000 ) ) ;
#2954 = ADVANCED_FACE ( 'NONE', ( #3651 ), #4621, .T. ) ;
#2955 = VERTEX_POINT ( 'NONE', #2523 ) ;
#2956 = CARTESIAN_POINT ( 'NONE',  ( -0.05329711346794251126, 0.7400000000000002132, -0.2806880342979197196 ) ) ;
#2957 = ORIENTED_EDGE ( 'NONE', *, *, #2814, .T. ) ;
#2958 = DIRECTION ( 'NONE',  ( 1.000000000000000000, 0.000000000000000000, 0.000000000000000000 ) ) ;
#2959 = B_SPLINE_CURVE_WITH_KNOTS ( 'NONE', 3,
 ( #5212, #48, #4726, #4806, #2304, #560, #4451, #2687, #2747, #580, #3628, #3988, #4000, #4829, #4909 ),
 .UNSPECIFIED., .F., .F.,
 ( 4, 1, 1, 1, 1, 1, 1, 1, 1, 1, 1, 1, 4 ),
 ( 0.000000000000000000, 0.07964825118022791917, 0.1589216764181125841, 0.2396194947370319239, 0.3226094298185609444, 0.4060346366179243827, 0.4876020954923880324, 0.5696846265959312205, 0.6530361450088341124, 0.7374357177222883308, 0.8224778158555100527, 0.9097476551184071614, 0.9999999999999998890 ),
 .UNSPECIFIED. ) ;
#2960 = ORIENTED_EDGE ( 'NONE', *, *, #3140, .T. ) ;
#2961 = LINE ( 'NONE', #2224, #4919 ) ;
#2962 = CARTESIAN_POINT ( 'NONE',  ( -0.2963473954358364915, 0.7399999999999997691, -0.1780712184837815737 ) ) ;
#2963 = EDGE_CURVE ( 'NONE', #3770, #946, #1619, .T. ) ;
#2964 = CARTESIAN_POINT ( 'NONE',  ( 2.044999999999999485, -0.03000000000000235464, -1.510000000000000009 ) ) ;
#2965 = CARTESIAN_POINT ( 'NONE',  ( 0.08064892740171779317, 0.7599999999999998979, -0.05605251782456326798 ) ) ;
#2966 = CARTESIAN_POINT ( 'NONE',  ( 1.055000000000000160, -0.4399999999999996136, 2.530000000000001137 ) ) ;
#2967 = CARTESIAN_POINT ( 'NONE',  ( -0.4596141265515053531, 0.7399999999999998801, -0.001943854750242331219 ) ) ;
#2968 = PRESENTATION_STYLE_ASSIGNMENT (( #1872 ) ) ;
#2969 = ORIENTED_EDGE ( 'NONE', *, *, #2673, .T. ) ;
#2970 = MECHANICAL_DESIGN_GEOMETRIC_PRESENTATION_REPRESENTATION (  '', ( #5075 ), #3565 ) ;
#2971 = CARTESIAN_POINT ( 'NONE',  ( -0.4456363514957264460, 0.7399999999999998801, -0.2266768588282016827 ) ) ;
#2972 = FILL_AREA_STYLE ('',( #3539 ) ) ;
#2973 = DIRECTION ( 'NONE',  ( 1.000000000000000000, 0.000000000000000000, -0.000000000000000000 ) ) ;
#2974 = CARTESIAN_POINT ( 'NONE',  ( -0.1287759260514753090, 0.7600000000000000089, -0.2541703004106559693 ) ) ;
#2975 = DIRECTION ( 'NONE',  ( -1.000000000000000000, -0.000000000000000000, -0.000000000000000000 ) ) ;
#2976 = LINE ( 'NONE', #5124, #1008 ) ;
#2977 = EDGE_LOOP ( 'NONE', ( #5187, #4459, #3351, #360 ) ) ;
#2978 = CARTESIAN_POINT ( 'NONE',  ( 0.02165754074586668729, 0.7599999999999997868, -0.2129352482600751495 ) ) ;
#2979 = CARTESIAN_POINT ( 'NONE',  ( -0.1096371011856595301, 0.7399999999999998801, 0.2051254953784840962 ) ) ;
#2980 = CARTESIAN_POINT ( 'NONE',  ( -0.3403766017795399890, 0.7599999999999996758, 0.1792490791078872325 ) ) ;
#2981 = VECTOR ( 'NONE', #4481, 1000.000000000000000 ) ;
#2982 = CARTESIAN_POINT ( 'NONE',  ( 0.4651521168235843717, 0.7400000000000006573, 0.2675116894453736238 ) ) ;
#2983 = CARTESIAN_POINT ( 'NONE',  ( 0.06372040064355821709, 0.7400000000000003242, -0.1677561313120305431 ) ) ;
#2984 = CARTESIAN_POINT ( 'NONE',  ( 0.5252248893435859101, 0.7600000000000001199, 0.1257976917081018164 ) ) ;
#2985 = LINE ( 'NONE', #707, #1961 ) ;
#2986 = ADVANCED_FACE ( 'NONE', ( #665 ), #4490, .T. ) ;
#2987 = CARTESIAN_POINT ( 'NONE',  ( -0.4803959735009992738, 0.7599999999999998979, -0.2224568258645562846 ) ) ;
#2988 = CARTESIAN_POINT ( 'NONE',  ( -0.3157173159530506923, 0.7399999999999995470, -0.06839962275228257671 ) ) ;
#2989 = DIRECTION ( 'NONE',  ( 0.000000000000000000, 0.000000000000000000, -1.000000000000000000 ) ) ;
#2990 = FACE_OUTER_BOUND ( 'NONE', #3161, .T. ) ;
#2991 = SURFACE_SIDE_STYLE ('',( #4675 ) ) ;
#2992 = PLANE ( 'NONE',  #228 ) ;
#2993 = SURFACE_STYLE_FILL_AREA ( #2418 ) ;
#2994 = ORIENTED_EDGE ( 'NONE', *, *, #4779, .F. ) ;
#2995 = CARTESIAN_POINT ( 'NONE',  ( -0.08863983432977651233, 0.7599999999999998979, 0.2140222567754898331 ) ) ;
#2996 = DIRECTION ( 'NONE',  ( -0.000000000000000000, -0.000000000000000000, -1.000000000000000000 ) ) ;
#2997 = DIRECTION ( 'NONE',  ( -0.000000000000000000, -1.000000000000000000, -0.000000000000000000 ) ) ;
#2998 = ORIENTED_EDGE ( 'NONE', *, *, #3472, .T. ) ;
#2999 = CARTESIAN_POINT ( 'NONE',  ( -0.2646924319422954142, 0.7399999999999998801, 0.1003027052125861213 ) ) ;
#3000 = CARTESIAN_POINT ( 'NONE',  ( 0.5665432340390677002, 0.7399999999999998801, 0.1553309589069446217 ) ) ;
#3001 = AXIS2_PLACEMENT_3D ( 'NONE', #4926, #5361, #1927 ) ;
#3002 = CARTESIAN_POINT ( 'NONE',  ( -0.4180376384212731167, 0.7599999999999998979, 0.2191298048477073324 ) ) ;
#3003 = ADVANCED_FACE ( 'NONE', ( #3380 ), #1354, .T. ) ;
#3004 = CARTESIAN_POINT ( 'NONE',  ( 0.4122454260149571170, 0.7599999999999998979, 0.2753530557017128122 ) ) ;
#3005 = ORIENTED_EDGE ( 'NONE', *, *, #1332, .T. ) ;
#3006 = CARTESIAN_POINT ( 'NONE',  ( -0.4476504073183759091, 0.7599999999999998979, 0.2753530557017128122 ) ) ;
#3007 = DIRECTION ( 'NONE',  ( 1.000000000000000000, -0.000000000000000000, 0.000000000000000000 ) ) ;
#3008 = AXIS2_PLACEMENT_3D ( 'NONE', #4200, #3769, #1179 ) ;
#3010 = CARTESIAN_POINT ( 'NONE',  ( 0.05845694743213995098, 0.7399999999999999911, -0.03798697478864199867 ) ) ;
#3009 = VECTOR ( 'NONE', #5157, 1000.000000000000000 ) ;
#3011 = CARTESIAN_POINT ( 'NONE',  ( 0.03130010658825321812, 0.7599999999999998979, 0.2633863021866138521 ) ) ;
#3012 = DIRECTION ( 'NONE',  ( -0.000000000000000000, -1.000000000000000000, -0.000000000000000000 ) ) ;
#3013 = ORIENTED_EDGE ( 'NONE', *, *, #5199, .T. ) ;
#3014 = DIRECTION ( 'NONE',  ( -1.000000000000000000, 0.000000000000000000, 0.000000000000000000 ) ) ;
#3015 = SURFACE_STYLE_USAGE ( .BOTH. , #2991 ) ;
#3016 = CARTESIAN_POINT ( 'NONE',  ( -1.054999999999999938, -0.4399999999999996136, 17.26000000000000156 ) ) ;
#3017 = CARTESIAN_POINT ( 'NONE',  ( -0.3623210122194123750, 0.7400000000000001021, -0.1959470034983551157 ) ) ;
#3018 = CARTESIAN_POINT ( 'NONE',  ( 0.1043408277679174351, 0.7399999999999997691, -0.1948231470048591152 ) ) ;
#3019 = FACE_OUTER_BOUND ( 'NONE', #3374, .T. ) ;
#3020 = CARTESIAN_POINT ( 'NONE',  ( 0.5002521677591049709, 0.7599999999999996758, 0.1794497444504886408 ) ) ;
#3021 = CARTESIAN_POINT ( 'NONE',  ( -0.03231429154463198727, 0.7600000000000000089, -0.2807418366241949403 ) ) ;
#3022 = ADVANCED_FACE ( 'NONE', ( #4631 ), #4382, .F. ) ;
#3023 = DIRECTION ( 'NONE',  ( -0.000000000000000000, -1.000000000000000000, -0.000000000000000000 ) ) ;
#3024 = PLANE ( 'NONE',  #4995 ) ;
#3025 = VECTOR ( 'NONE', #1459, 1000.000000000000000 ) ;
#3026 = CARTESIAN_POINT ( 'NONE',  ( 0.8950000000000005729, -1.346972987469858163, 2.070000000000000284 ) ) ;
#3027 = VERTEX_POINT ( 'NONE', #1773 ) ;
#3028 = CARTESIAN_POINT ( 'NONE',  ( 0.2150000000000001354, -0.4399999999999996136, 1.510000000000000009 ) ) ;
#3029 = CARTESIAN_POINT ( 'NONE',  ( 0.4045668995517869293, 0.7599999999999997868, 0.2209206453941021109 ) ) ;
#3030 = VERTEX_POINT ( 'NONE', #2233 ) ;
#3031 = ORIENTED_EDGE ( 'NONE', *, *, #2355, .F. ) ;
#3032 = CARTESIAN_POINT ( 'NONE',  ( 0.9450000000000006173, -0.4399999999999996136, 2.020000000000000018 ) ) ;
#3033 = CARTESIAN_POINT ( 'NONE',  ( -0.03858506944444438369, 0.7599999999999998979, -0.2266768588282016827 ) ) ;
#3034 = EDGE_CURVE ( 'NONE', #3027, #2536, #2347, .T. ) ;
#3035 = CARTESIAN_POINT ( 'NONE',  ( 0.09023554300449938836, 0.7399999999999997691, 0.2265976142911314550 ) ) ;
#3036 = CARTESIAN_POINT ( 'NONE',  ( -1.054999999999999938, -0.02999999999999967276, 17.26000000000000156 ) ) ;
#3037 = CARTESIAN_POINT ( 'NONE',  ( -0.6241452991452990373, 0.7599999999999998979, 0.1193167309153880390 ) ) ;
#3038 = CARTESIAN_POINT ( 'NONE',  ( 0.06697226384912539909, 0.7400000000000003242, 0.04056885120919018900 ) ) ;
#3039 = CARTESIAN_POINT ( 'NONE',  ( -0.3392094017094016145, 0.7400000000000003242, -0.1436765583474324537 ) ) ;
#3040 = ORIENTED_EDGE ( 'NONE', *, *, #851, .F. ) ;
#3041 = ORIENTED_EDGE ( 'NONE', *, *, #4899, .T. ) ;
#3042 = CARTESIAN_POINT ( 'NONE',  ( -0.05271979646632815597, 0.7600000000000002309, 0.2208842408357716558 ) ) ;
#3043 = EDGE_CURVE ( 'NONE', #5483, #4472, #3523, .T. ) ;
#3044 = CARTESIAN_POINT ( 'NONE',  ( -0.1696047008547007795, 0.7399999999999998801, 0.1193167309153880390 ) ) ;
#3045 = CARTESIAN_POINT ( 'NONE',  ( -0.1251947363467924845, 0.7400000000000002132, 0.1947429943535728958 ) ) ;
#3046 = CARTESIAN_POINT ( 'NONE',  ( -0.5563034188034187144, 0.7599999999999998979, -0.1452666024179452842 ) ) ;
#3047 = FACE_OUTER_BOUND ( 'NONE', #1717, .T. ) ;
#3048 = CARTESIAN_POINT ( 'NONE',  ( -0.3142536839462491405, 0.7599999999999995648, 0.1308800587138785054 ) ) ;
#3049 = CARTESIAN_POINT ( 'NONE',  ( 0.4261301942011347377, 0.7599999999999998979, 0.2750246545284866784 ) ) ;
#3050 = CARTESIAN_POINT ( 'NONE',  ( 0.3236567080840497268, 0.7399999999999998801, 0.1916839599853251419 ) ) ;
#3051 = FACE_OUTER_BOUND ( 'NONE', #567, .T. ) ;
#3052 = ORIENTED_EDGE ( 'NONE', *, *, #3236, .T. ) ;
#3053 = CARTESIAN_POINT ( 'NONE',  ( -0.03231429154463198727, 0.7600000000000000089, -0.2807418366241949403 ) ) ;
#3054 = CARTESIAN_POINT ( 'NONE',  ( 0.5096451121885182678, 0.7600000000000001199, 0.2431539981222761992 ) ) ;
#3055 = CARTESIAN_POINT ( 'NONE',  ( 0.1108790731837607096, 0.7399999999999997691, 0.01055771649231113454 ) ) ;
#3056 = CARTESIAN_POINT ( 'NONE',  ( -0.4345140606310443632, 0.7600000000000000089, -0.2264195259545620231 ) ) ;
#3057 = FACE_OUTER_BOUND ( 'NONE', #2738, .T. ) ;
#3058 = CARTESIAN_POINT ( 'NONE',  ( -0.1469327698838167884, 0.7399999999999997691, 0.1715652971832807849 ) ) ;
#3059 = CARTESIAN_POINT ( 'NONE',  ( -0.2917200854700853774, 0.7599999999999998979, -0.1434645524713640541 ) ) ;
#3060 = FACE_OUTER_BOUND ( 'NONE', #1239, .T. ) ;
#3061 = ORIENTED_EDGE ( 'NONE', *, *, #1579, .F. ) ;
#3062 = CARTESIAN_POINT ( 'NONE',  ( -0.4077141001911586127, 0.7600000000000002309, 0.005015514890581721646 ) ) ;
#3063 = EDGE_CURVE ( 'NONE', #2395, #1248, #2210, .T. ) ;
#3064 = CARTESIAN_POINT ( 'NONE',  ( -0.06784188034188029515, 0.7600000000000000089, -0.05707215797350084774 ) ) ;
#3065 = DIRECTION ( 'NONE',  ( -1.000000000000000000, 0.000000000000000000, 0.000000000000000000 ) ) ;
#3066 = CARTESIAN_POINT ( 'NONE',  ( 0.06777922535123966086, 0.7600000000000001199, -0.1464399793392226479 ) ) ;
#3067 = FACE_OUTER_BOUND ( 'NONE', #1062, .T. ) ;
#3068 = CARTESIAN_POINT ( 'NONE',  ( -0.1318972999118119827, 0.7599999999999998979, 0.2532794095637032061 ) ) ;
#3069 = PLANE ( 'NONE',  #4846 ) ;
#3070 = CARTESIAN_POINT ( 'NONE',  ( -0.3800569457461775436, 0.7399999999999997691, 0.2082706626329827171 ) ) ;
#3071 = MANIFOLD_SOLID_BREP ( 'LPattern5', #691 ) ;
#3072 = CARTESIAN_POINT ( 'NONE',  ( -0.3403766017795399890, 0.7399999999999996581, 0.1792490791078872325 ) ) ;
#3073 = EDGE_CURVE ( 'NONE', #4955, #3153, #3369, .T. ) ;
#3074 = CARTESIAN_POINT ( 'NONE',  ( -0.4237058037190450932, 0.7400000000000003242, -0.2252345472034715246 ) ) ;
#3075 = VERTEX_POINT ( 'NONE', #3167 ) ;
#3076 = CARTESIAN_POINT ( 'NONE',  ( -0.04059912526709395092, 0.7599999999999998979, 0.2753530557017128122 ) ) ;
#3077 = CARTESIAN_POINT ( 'NONE',  ( -0.1100749926319136429, 0.7600000000000000089, -0.2030951411376782090 ) ) ;
#3078 = CARTESIAN_POINT ( 'NONE',  ( 0.5766559829059828557, 0.7599999999999998979, -0.2673819870333298820 ) ) ;
#3079 = CARTESIAN_POINT ( 'NONE',  ( 1.595000000000000417, -0.02999999999999964501, 2.070000000000000284 ) ) ;
#3080 = ORIENTED_EDGE ( 'NONE', *, *, #2592, .T. ) ;
#3081 = VERTEX_POINT ( 'NONE', #3995 ) ;
#3082 = EDGE_CURVE ( 'NONE', #1556, #1310, #703, .T. ) ;
#3083 = FACE_OUTER_BOUND ( 'NONE', #2322, .T. ) ;
#3084 = CARTESIAN_POINT ( 'NONE',  ( 0.3050699335344709828, 0.7399999999999999911, 0.1722255925683724709 ) ) ;
#3085 = ORIENTED_EDGE ( 'NONE', *, *, #2391, .F. ) ;
#3086 = EDGE_LOOP ( 'NONE', ( #4804, #1884, #658, #2183 ) ) ;
#3087 = CARTESIAN_POINT ( 'NONE',  ( -0.1318972999118119827, 0.7599999999999998979, 0.2532794095637032061 ) ) ;
#3088 = CARTESIAN_POINT ( 'NONE',  ( -0.1446622957178273494, 0.7599999999999998979, 0.2452192181820576355 ) ) ;
#3089 = DIRECTION ( 'NONE',  ( -0.000000000000000000, -1.000000000000000000, -0.000000000000000000 ) ) ;
#3090 = VECTOR ( 'NONE', #2496, 1000.000000000000000 ) ;
#3091 = CARTESIAN_POINT ( 'NONE',  ( -0.9449999999999997291, -0.4399999999999996136, 2.020000000000000018 ) ) ;
#3092 = VERTEX_POINT ( 'NONE', #3566 ) ;
#3093 = EDGE_CURVE ( 'NONE', #1591, #2126, #5516, .T. ) ;
#3094 = CARTESIAN_POINT ( 'NONE',  ( -0.3942265723630521412, 0.7399999999999999911, -0.2171905135978169088 ) ) ;
#3095 = CARTESIAN_POINT ( 'NONE',  ( 0.2374465811965811024, 0.7399999999999998801, 0.05221687113974701061 ) ) ;
#3096 = CARTESIAN_POINT ( 'NONE',  ( 0.05272638672813550337, 0.7599999999999997868, 0.2535713306169012360 ) ) ;
#3097 = CARTESIAN_POINT ( 'NONE',  ( 1.794999999999999263, -0.7600000000000001199, 1.199999999999999734 ) ) ;
#3098 = AXIS2_PLACEMENT_3D ( 'NONE', #501, #2220, #2603 ) ;
#3099 = CARTESIAN_POINT ( 'NONE',  ( 1.649999999999998357, 0.3649999999999999911, -1.510000000000000009 ) ) ;
#3100 = CARTESIAN_POINT ( 'NONE',  ( 0.1108790731837607096, 0.7399999999999998801, 0.01055771649231113454 ) ) ;
#3101 = CARTESIAN_POINT ( 'NONE',  ( -0.2149999999999999134, -0.4399999999999996136, 2.530000000000000249 ) ) ;
#3102 = EDGE_LOOP ( 'NONE', ( #2864, #1386, #4335, #4431 ) ) ;
#3103 = CARTESIAN_POINT ( 'NONE',  ( -0.3127655993718048699, 0.7600000000000000089, 0.09437341090515467823 ) ) ;
#3104 = ORIENTED_EDGE ( 'NONE', *, *, #5567, .T. ) ;
#3105 = CARTESIAN_POINT ( 'NONE',  ( -0.9449999999999996181, -0.4399999999999996136, 2.530000000000000249 ) ) ;
#3106 = CARTESIAN_POINT ( 'NONE',  ( 0.1043408277679174351, 0.7599999999999997868, -0.1948231470048591152 ) ) ;
#3107 = EDGE_LOOP ( 'NONE', ( #4143, #1782, #3617, #389 ) ) ;
#3108 = CARTESIAN_POINT ( 'NONE',  ( -0.4597710785176102322, 0.7399999999999997691, 0.2208842408357715725 ) ) ;
#3109 = ORIENTED_EDGE ( 'NONE', *, *, #3633, .T. ) ;
#3110 = DIRECTION ( 'NONE',  ( 0.000000000000000000, 0.000000000000000000, -1.000000000000000000 ) ) ;
#3111 = CARTESIAN_POINT ( 'NONE',  ( -0.1281575520833332926, 0.7399999999999999911, 0.1924587581589778107 ) ) ;
#3112 = CARTESIAN_POINT ( 'NONE',  ( -0.5748695359763150714, 0.7599999999999998979, 0.2253807708004603449 ) ) ;
#3113 = VECTOR ( 'NONE', #4310, 1000.000000000000000 ) ;
#3114 = ORIENTED_EDGE ( 'NONE', *, *, #1846, .T. ) ;
#3115 = EDGE_CURVE ( 'NONE', #1181, #2164, #2764, .T. ) ;
#3116 = DIRECTION ( 'NONE',  ( 1.000000000000000000, 0.000000000000000000, 0.000000000000000000 ) ) ;
#3117 =( NAMED_UNIT ( * ) PLANE_ANGLE_UNIT ( ) SI_UNIT ( $, .RADIAN. ) );
#3118 = DIRECTION ( 'NONE',  ( 1.000000000000000000, 0.000000000000000000, -2.125886612716675080E-16 ) ) ;
#3119 = LINE ( 'NONE', #3280, #5064 ) ;
#3120 = B_SPLINE_CURVE_WITH_KNOTS ( 'NONE', 3,
 ( #916, #443, #1432, #4906, #593, #5360, #1908 ),
 .UNSPECIFIED., .F., .F.,
 ( 4, 1, 1, 1, 4 ),
 ( 0.000000000000000000, 0.2538796003266559631, 0.5030089172783633877, 0.7502910806899732998, 1.000000000000000000 ),
 .UNSPECIFIED. ) ;
#3121 = VERTEX_POINT ( 'NONE', #3046 ) ;
#3122 = ADVANCED_FACE ( 'NONE', ( #3648 ), #4334, .T. ) ;
#3123 = DIRECTION ( 'NONE',  ( 0.000000000000000000, 0.000000000000000000, 1.000000000000000000 ) ) ;
#3124 = CARTESIAN_POINT ( 'NONE',  ( -0.1492521367521366937, 0.7599999999999998979, -0.1452666024179452842 ) ) ;
#3125 = CARTESIAN_POINT ( 'NONE',  ( 0.4095953525641025106, 0.7399999999999999911, 0.2210795514282085372 ) ) ;
#3126 = LINE ( 'NONE', #15, #2023 ) ;
#3127 = CARTESIAN_POINT ( 'NONE',  ( -0.5547158413527034648, 0.7399999999999997691, -0.1488534281509453217 ) ) ;
#3128 = CARTESIAN_POINT ( 'NONE',  ( -0.3869667406851947655, 0.7399999999999997691, -0.07572728341768476812 ) ) ;
#3129 = CARTESIAN_POINT ( 'NONE',  ( 0.8950000000000005729, -0.4399999999999996136, 2.479999999999999982 ) ) ;
#3130 = CARTESIAN_POINT ( 'NONE',  ( -0.3142536839462491405, 0.7599999999999995648, 0.1308800587138785054 ) ) ;
#3131 = CARTESIAN_POINT ( 'NONE',  ( 0.000000000000000000, 0.7399999999999998801, 0.7500000000000001110 ) ) ;
#3132 = FACE_OUTER_BOUND ( 'NONE', #2380, .T. ) ;
#3133 = ORIENTED_EDGE ( 'NONE', *, *, #1323, .F. ) ;
#3134 = CARTESIAN_POINT ( 'NONE',  ( -0.1303980617866120906, 0.7399999999999997691, 0.1904945992837296931 ) ) ;
#3135 = CARTESIAN_POINT ( 'NONE',  ( -0.6152635589211409295, 0.7599999999999998979, 0.1551870807173011957 ) ) ;
#3136 = LINE ( 'NONE', #1195, #1639 ) ;
#3137 = LINE ( 'NONE', #2808, #6 ) ;
#3138 = CARTESIAN_POINT ( 'NONE',  ( -0.3749999999999994449, -1.346972987469857941, 2.020000000000000018 ) ) ;
#3139 = CARTESIAN_POINT ( 'NONE',  ( 0.08551570169944064381, 0.7400000000000002132, -0.01593448319721313747 ) ) ;
#3140 = EDGE_CURVE ( 'NONE', #1445, #2955, #4500, .T. ) ;
#3141 = EDGE_LOOP ( 'NONE', ( #2457, #4893, #2486, #2645 ) ) ;
#3142 = CARTESIAN_POINT ( 'NONE',  ( 0.05092425642174887301, 0.7600000000000001199, -0.1893484797676606435 ) ) ;
#3143 = CARTESIAN_POINT ( 'NONE',  ( -0.05738852607644963355, 0.7599999999999998979, 0.2749635032441701821 ) ) ;
#3144 = CARTESIAN_POINT ( 'NONE',  ( -0.4367913757695178756, 0.7399999999999999911, -0.06003278712894006414 ) ) ;
#3145 = CARTESIAN_POINT ( 'NONE',  ( -0.2885751537736163108, 0.7599999999999997868, 0.02095896632405153462 ) ) ;
#3146 = ORIENTED_EDGE ( 'NONE', *, *, #747, .T. ) ;
#3147 = ORIENTED_EDGE ( 'NONE', *, *, #2091, .T. ) ;
#3148 = CARTESIAN_POINT ( 'NONE',  ( 0.07425529715467403535, 0.7599999999999997868, 0.1703268647852373696 ) ) ;
#3149 = EDGE_CURVE ( 'NONE', #3824, #2719, #3845, .T. ) ;
#3150 = ADVANCED_FACE ( 'NONE', ( #857 ), #4694, .F. ) ;
#3151 = CARTESIAN_POINT ( 'NONE',  ( -0.1521909396991592278, 0.7399999999999999911, 0.1627611125250053303 ) ) ;
#3152 = CARTESIAN_POINT ( 'NONE',  ( -0.1287759260514753090, 0.7399999999999999911, -0.2541703004106559693 ) ) ;
#3153 = VERTEX_POINT ( 'NONE', #5155 ) ;
#3154 = ORIENTED_EDGE ( 'NONE', *, *, #5056, .F. ) ;
#3155 = DIRECTION ( 'NONE',  ( 0.000000000000000000, 0.000000000000000000, 1.000000000000000000 ) ) ;
#3156 = LINE ( 'NONE', #1617, #3422 ) ;
#3157 = DIRECTION ( 'NONE',  ( -0.000000000000000000, -0.000000000000000000, -1.000000000000000000 ) ) ;
#3158 = CARTESIAN_POINT ( 'NONE',  ( 0.05916057041061434374, 0.7599999999999998979, -0.03188140679386135268 ) ) ;
#3159 = PLANE ( 'NONE',  #1669 ) ;
#3160 = AXIS2_PLACEMENT_3D ( 'NONE', #3079, #1278, #3479 ) ;
#3161 = EDGE_LOOP ( 'NONE', ( #1096, #5538, #3409, #2583 ) ) ;
#3162 = CARTESIAN_POINT ( 'NONE',  ( -0.4315431654240676207, 0.7600000000000001199, 0.0008980509632965237750 ) ) ;
#3163 = DIRECTION ( 'NONE',  ( 1.000000000000000000, 0.000000000000000000, 0.000000000000000000 ) ) ;
#3164 = FACE_OUTER_BOUND ( 'NONE', #1064, .T. ) ;
#3165 = CARTESIAN_POINT ( 'NONE',  ( -0.03483659996655345120, 0.7400000000000002132, -0.2265901316930968301 ) ) ;
#3166 = CARTESIAN_POINT ( 'NONE',  ( 0.09571163148241904062, 0.7599999999999998979, -0.2110996347335993839 ) ) ;
#3167 = CARTESIAN_POINT ( 'NONE',  ( 1.645000000000000462, -0.4399999999999996136, 2.479999999999999982 ) ) ;
#3168 = SURFACE_SIDE_STYLE ('',( #4971 ) ) ;
#3169 = ORIENTED_EDGE ( 'NONE', *, *, #3667, .T. ) ;
#3170 = CARTESIAN_POINT ( 'NONE',  ( 0.2953999212456168699, 0.7599999999999998979, 0.2370863358951088018 ) ) ;
#3171 = ORIENTED_EDGE ( 'NONE', *, *, #775, .T. ) ;
#3172 = ORIENTED_EDGE ( 'NONE', *, *, #1369, .F. ) ;
#3173 = CARTESIAN_POINT ( 'NONE',  ( -0.5255131755850356301, 0.7600000000000003419, 0.2601311650978795909 ) ) ;
#3174 = CARTESIAN_POINT ( 'NONE',  ( 0.1424679487179487669, 0.7399999999999998801, 0.1045823225286358904 ) ) ;
#3175 = FILL_AREA_STYLE ('',( #4854 ) ) ;
#3176 = ORIENTED_EDGE ( 'NONE', *, *, #2391, .T. ) ;
#3177 = CARTESIAN_POINT ( 'NONE',  ( 0.5261693830498057611, 0.7599999999999997868, 0.1187641156361644162 ) ) ;
#3178 = ADVANCED_FACE ( 'NONE', ( #3047 ), #4259, .F. ) ;
#3179 = CARTESIAN_POINT ( 'NONE',  ( -0.5947451038965574366, 0.7600000000000002309, -0.1758851487156786741 ) ) ;
#3180 = CARTESIAN_POINT ( 'NONE',  ( 1.055000000000000160, -0.4399999999999996136, 1.510000000000000009 ) ) ;
#3181 = CARTESIAN_POINT ( 'NONE',  ( 0.01282470968822979444, 0.7599999999999997868, -0.2171905135978169088 ) ) ;
#3182 = CIRCLE ( 'NONE', #2467, 0.05000000000000012768 ) ;
#3183 = DIRECTION ( 'NONE',  ( -0.000000000000000000, -1.000000000000000000, 0.000000000000000000 ) ) ;
#3184 = CARTESIAN_POINT ( 'NONE',  ( 1.485000000000000320, -0.4399999999999996136, 2.530000000000001137 ) ) ;
#3185 = EDGE_CURVE ( 'NONE', #823, #2589, #2901, .T. ) ;
#3186 = CARTESIAN_POINT ( 'NONE',  ( -0.2645833333333332260, 0.7599999999999998979, 0.1045823225286358904 ) ) ;
#3187 = CARTESIAN_POINT ( 'NONE',  ( -0.01182805724064454889, 0.7399999999999997691, -0.06367354875165437411 ) ) ;
#3188 = CARTESIAN_POINT ( 'NONE',  ( 0.04849025891068804023, 0.7599999999999997868, 0.1955717017539619074 ) ) ;
#3189 = LINE ( 'NONE', #410, #1413 ) ;
#3190 = ORIENTED_EDGE ( 'NONE', *, *, #293, .T. ) ;
#3191 = CARTESIAN_POINT ( 'NONE',  ( 0.3059567593787601014, 0.7399999999999997691, 0.2450124419039484969 ) ) ;
#3192 = CARTESIAN_POINT ( 'NONE',  ( -0.1571975455881816364, 0.7399999999999997691, 0.1531781881307159032 ) ) ;
#3193 = CARTESIAN_POINT ( 'NONE',  ( -0.5389485819630940311, 0.7600000000000000089, 0.2532794095637033172 ) ) ;
#3194 = LINE ( 'NONE', #2136, #1893 ) ;
#3195 = EDGE_CURVE ( 'NONE', #2126, #1164, #2477, .T. ) ;
#3196 = CARTESIAN_POINT ( 'NONE',  ( -0.4345140606310443632, 0.7399999999999999911, -0.2264195259545620231 ) ) ;
#3197 = CARTESIAN_POINT ( 'NONE',  ( 2.044999999999999485, -0.5100000000000002309, 1.450000000000000622 ) ) ;
#3198 = CARTESIAN_POINT ( 'NONE',  ( -0.3540151058666406447, 0.7399999999999996581, -0.1009911466906706634 ) ) ;
#3199 = CARTESIAN_POINT ( 'NONE',  ( -0.5389485819630940311, 0.7399999999999999911, 0.2532794095637033172 ) ) ;
#3200 = APPLICATION_PROTOCOL_DEFINITION ( 'draft international standard', 'automotive_design', 1998, #5349 ) ;
#3201 = LINE ( 'NONE', #1335, #1763 ) ;
#3202 = DIRECTION ( 'NONE',  ( 0.000000000000000000, -1.000000000000000000, 0.000000000000000000 ) ) ;
#3203 = CARTESIAN_POINT ( 'NONE',  ( 0.03763256534366801048, 0.7600000000000000089, -0.2020974803834064415 ) ) ;
#3204 = CARTESIAN_POINT ( 'NONE',  ( -0.5821678161710337474, 0.7599999999999997868, -0.2029814446394118954 ) ) ;
#3205 = VERTEX_POINT ( 'NONE', #4318 ) ;
#3206 = CARTESIAN_POINT ( 'NONE',  ( -0.2664250283681305342, 0.7600000000000001199, 0.07920399826510139685 ) ) ;
#3207 = CARTESIAN_POINT ( 'NONE',  ( 0.02699433630510442508, 0.7599999999999998979, 0.2082706626329827171 ) ) ;
#3208 = CARTESIAN_POINT ( 'NONE',  ( -0.5748695359763150714, 0.7400000000000002132, 0.2253807708004603449 ) ) ;
#3209 = LINE ( 'NONE', #4484, #329 ) ;
#3210 = CARTESIAN_POINT ( 'NONE',  ( -0.3678452023445140107, 0.7600000000000000089, -0.2623658934414239696 ) ) ;
#3211 = CARTESIAN_POINT ( 'NONE',  ( -0.03799779482901120137, 0.7400000000000001021, -0.0006806521312489286239 ) ) ;
#3212 = DIRECTION ( 'NONE',  ( -1.000000000000000000, 0.000000000000000000, -0.000000000000000000 ) ) ;
#3213 = ORIENTED_EDGE ( 'NONE', *, *, #537, .F. ) ;
#3214 = ORIENTED_EDGE ( 'NONE', *, *, #4501, .F. ) ;
#3215 = CARTESIAN_POINT ( 'NONE',  ( 0.5288991858541872704, 0.7599999999999996758, 0.07766020174108709262 ) ) ;
#3216 = DIRECTION ( 'NONE',  ( -0.000000000000000000, -1.000000000000000000, -0.000000000000000000 ) ) ;
#3217 = CARTESIAN_POINT ( 'NONE',  ( -0.01665452166776315232, 0.7600000000000000089, -0.2252345472034715523 ) ) ;
#3218 = ORIENTED_EDGE ( 'NONE', *, *, #4572, .T. ) ;
#3219 = EDGE_LOOP ( 'NONE', ( #4165, #3362, #3643, #2463 ) ) ;
#3220 = CARTESIAN_POINT ( 'NONE',  ( -0.4603483955192244625, 0.7399999999999999911, -0.2806880342979197196 ) ) ;
#3221 = PRESENTATION_LAYER_ASSIGNMENT (  '', '', ( #1881 ) ) ;
#3222 = CARTESIAN_POINT ( 'NONE',  ( -0.2645833333333332260, 0.7599999999999998979, 0.1045823225286358904 ) ) ;
#3223 = VERTEX_POINT ( 'NONE', #2588 ) ;
#3224 = CARTESIAN_POINT ( 'NONE',  ( 0.1070122046563648510, 0.7399999999999999911, 0.005776318033700902216 ) ) ;
#3225 = EDGE_CURVE ( 'NONE', #5176, #515, #308, .T. ) ;
#3227 = CARTESIAN_POINT ( 'NONE',  ( -0.3485943346191421321, 0.7399999999999998801, -0.03798697478864199867 ) ) ;
#3226 = LINE ( 'NONE', #5208, #3426 ) ;
#3228 = ORIENTED_EDGE ( 'NONE', *, *, #4659, .F. ) ;
#3229 = CARTESIAN_POINT ( 'NONE',  ( -0.06528965429155668410, 0.7399999999999997691, 0.2194194815969774948 ) ) ;
#3230 = CARTESIAN_POINT ( 'NONE',  ( 0.2868653370392411084, 0.7599999999999998979, 0.1186822330585185076 ) ) ;
#3231 = CARTESIAN_POINT ( 'NONE',  ( -0.3474339010592144006, 0.7600000000000000089, -0.1110173502982743504 ) ) ;
#3232 = CARTESIAN_POINT ( 'NONE',  ( 0.05303617618464140371, 0.7599999999999997868, -0.1009911466906706634 ) ) ;
#3233 = CARTESIAN_POINT ( 'NONE',  ( -0.1394606251139236808, 0.7599999999999996758, -0.1656809325133725141 ) ) ;
#3234 = VECTOR ( 'NONE', #3089, 1000.000000000000000 ) ;
#3235 = AXIS2_PLACEMENT_3D ( 'NONE', #886, #386, #36 ) ;
#3236 = EDGE_CURVE ( 'NONE', #5307, #1521, #1536, .T. ) ;
#3237 = ORIENTED_EDGE ( 'NONE', *, *, #4510, .T. ) ;
#3238 = ORIENTED_EDGE ( 'NONE', *, *, #2156, .T. ) ;
#3239 = CARTESIAN_POINT ( 'NONE',  ( -0.04461026210680180126, 0.7600000000000000089, -0.2264664981443985647 ) ) ;
#3240 = CARTESIAN_POINT ( 'NONE',  ( -0.4510127478930577860, 0.7599999999999997868, -0.2808620187169287852 ) ) ;
#3241 = EDGE_LOOP ( 'NONE', ( #4189, #1828, #1930, #5172 ) ) ;
#3242 = DIRECTION ( 'NONE',  ( -1.000000000000000000, 0.000000000000000000, 0.000000000000000000 ) ) ;
#3243 = ORIENTED_EDGE ( 'NONE', *, *, #4750, .T. ) ;
#3244 = CARTESIAN_POINT ( 'NONE',  ( 0.2620529182245664446, 0.7399999999999999911, 0.1988604510581646612 ) ) ;
#3245 = EDGE_CURVE ( 'NONE', #1656, #2612, #2617, .T. ) ;
#3246 = CARTESIAN_POINT ( 'NONE',  ( -0.3068966291905324550, 0.7600000000000003419, -0.08166278305887164635 ) ) ;
#3247 = CARTESIAN_POINT ( 'NONE',  ( 1.254999999999999671, 0.7599999999999998979, -1.510000000000000009 ) ) ;
#3248 = CARTESIAN_POINT ( 'NONE',  ( 0.8950000000000005729, -0.4399999999999996136, 2.020000000000000018 ) ) ;
#3249 = EDGE_CURVE ( 'NONE', #295, #4790, #3971, .T. ) ;
#3250 = CARTESIAN_POINT ( 'NONE',  ( 0.2849154188799662979, 0.7400000000000001021, 0.06267594459147368680 ) ) ;
#3251 = LINE ( 'NONE', #1607, #928 ) ;
#3252 = ORIENTED_EDGE ( 'NONE', *, *, #5100, .T. ) ;
#3253 = CARTESIAN_POINT ( 'NONE',  ( 0.2850050013343298771, 0.7599999999999998979, 0.07479662812394283211 ) ) ;
#3254 = PLANE ( 'NONE',  #2698 ) ;
#3255 = CARTESIAN_POINT ( 'NONE',  ( -0.5244222120213978267, 0.7399999999999999911, -0.2612573626517047387 ) ) ;
#3256 = EDGE_CURVE ( 'NONE', #2279, #1407, #660, .T. ) ;
#3257 = VECTOR ( 'NONE', #2269, 1000.000000000000000 ) ;
#3258 = ORIENTED_EDGE ( 'NONE', *, *, #513, .T. ) ;
#3259 = CARTESIAN_POINT ( 'NONE',  ( -0.1870818130689282932, 0.7599999999999997868, 0.2007584320339496076 ) ) ;
#3260 = CARTESIAN_POINT ( 'NONE',  ( 0.09474726546223131984, 0.7599999999999998979, 0.1042099250111353792 ) ) ;
#3261 = CARTESIAN_POINT ( 'NONE',  ( 0.1381866392849887271, 0.7599999999999998979, 0.06693906457532636245 ) ) ;
#3262 = VECTOR ( 'NONE', #1046, 999.9999999999998863 ) ;
#3263 = CARTESIAN_POINT ( 'NONE',  ( -0.5592422217504412485, 0.7599999999999998979, 0.1627611125250053303 ) ) ;
#3264 = CARTESIAN_POINT ( 'NONE',  ( 0.2620529182245664446, 0.7600000000000000089, 0.1988604510581646612 ) ) ;
#3265 = LINE ( 'NONE', #5203, #2225 ) ;
#3266 = EDGE_CURVE ( 'NONE', #483, #4290, #2205, .T. ) ;
#3267 = CARTESIAN_POINT ( 'NONE',  ( -0.09949752912269875516, 0.7399999999999997691, 0.2101693646850491815 ) ) ;
#3268 = VECTOR ( 'NONE', #1921, 1000.000000000000000 ) ;
#3269 = ORIENTED_EDGE ( 'NONE', *, *, #2513, .T. ) ;
#3270 = CARTESIAN_POINT ( 'NONE',  ( -0.3627631488182972985, 0.7399999999999997691, -0.09164264504010297130 ) ) ;
#3271 = DIRECTION ( 'NONE',  ( 0.000000000000000000, 0.000000000000000000, 1.000000000000000000 ) ) ;
#3272 = PRODUCT_DEFINITION_SHAPE ( 'NONE', 'NONE',  #1135 ) ;
#3273 = VECTOR ( 'NONE', #4407, 1000.000000000000000 ) ;
#3274 = CARTESIAN_POINT ( 'NONE',  ( 0.06784188034188037841, 0.7599999999999998979, -0.1436765583474324537 ) ) ;
#3275 = DIRECTION ( 'NONE',  ( -0.000000000000000000, -0.000000000000000000, -1.000000000000000000 ) ) ;
#3276 = CARTESIAN_POINT ( 'NONE',  ( -0.2170940170940170166, 0.7599999999999998979, 0.1193167309153880390 ) ) ;
#3277 = CARTESIAN_POINT ( 'NONE',  ( -0.3509251681431182490, 0.7599999999999996758, -0.1824409726064654402 ) ) ;
#3278 = ORIENTED_EDGE ( 'NONE', *, *, #4279, .T. ) ;
#3279 = ORIENTED_EDGE ( 'NONE', *, *, #1026, .F. ) ;
#3280 = CARTESIAN_POINT ( 'NONE',  ( 0.9450000000000006173, -1.346972987469858163, 2.020000000000000018 ) ) ;
#3281 = CARTESIAN_POINT ( 'NONE',  ( -1.485000000000000098, -0.02999999999999967276, 17.26000000000000156 ) ) ;
#3282 = CARTESIAN_POINT ( 'NONE',  ( -0.5821678161710337474, 0.7399999999999997691, -0.2029814446394118954 ) ) ;
#3283 = CARTESIAN_POINT ( 'NONE',  ( -0.5481004858728089069, 0.7399999999999997691, 0.1793579369062902884 ) ) ;
#3284 = STYLED_ITEM ( 'NONE', ( #1769 ), #545 ) ;
#3285 = ADVANCED_FACE ( 'NONE', ( #2546 ), #1887, .F. ) ;
#3286 = CARTESIAN_POINT ( 'NONE',  ( 0.5002521677591049709, 0.7599999999999996758, 0.1794497444504886408 ) ) ;
#3287 = ORIENTED_EDGE ( 'NONE', *, *, #3082, .F. ) ;
#3288 = CARTESIAN_POINT ( 'NONE',  ( -0.2951633372468782102, 0.7600000000000000089, -0.1109367007083016388 ) ) ;
#3289 = ORIENTED_EDGE ( 'NONE', *, *, #4247, .T. ) ;
#3290 = VERTEX_POINT ( 'NONE', #2647 ) ;
#3291 = EDGE_CURVE ( 'NONE', #1444, #1389, #5387, .T. ) ;
#3292 = VECTOR ( 'NONE', #1600, 1000.000000000000000 ) ;
#3293 = CARTESIAN_POINT ( 'NONE',  ( -0.4257026397985088084, 0.7599999999999998979, -0.2803293322369314611 ) ) ;
#3294 = CARTESIAN_POINT ( 'NONE',  ( -0.1819789344527575348, 0.7600000000000000089, -0.1899645382592749510 ) ) ;
#3295 = CARTESIAN_POINT ( 'NONE',  ( 0.2460981056719380999, 0.7399999999999997691, 0.1609148941480768591 ) ) ;
#3296 = B_SPLINE_CURVE_WITH_KNOTS ( 'NONE', 3,
 ( #4329, #27, #5240, #2659, #4367, #454, #4775, #2579, #4744, #2179, #3072, #4799, #2215, #3511, #898, #3929, #4295, #5255, #62 ),
 .UNSPECIFIED., .F., .F.,
 ( 4, 1, 1, 1, 1, 1, 1, 1, 1, 1, 1, 1, 1, 1, 1, 1, 4 ),
 ( 0.000000000000000000, 0.07607173695556482262, 0.1487517145745115843, 0.2184027938458450724, 0.2857595810623857480, 0.3505980236748785783, 0.4149640445981283010, 0.4780693385717816879, 0.5417606760069072491, 0.6043498585387178101, 0.6640750210708964429, 0.7214636230801987349, 0.7775871282364448245, 0.8326444469271313542, 0.8878435110684598230, 0.9434603426519471148, 1.000000000000000000 ),
 .UNSPECIFIED. ) ;
#3297 = CARTESIAN_POINT ( 'NONE',  ( -0.4456363514957264460, 0.7599999999999998979, -0.2266768588282016827 ) ) ;
#3298 = CARTESIAN_POINT ( 'NONE',  ( 0.1421418083163210888, 0.7600000000000000089, 0.09178879451258591116 ) ) ;
#3299 = LINE ( 'NONE', #2966, #3499 ) ;
#3300 = PLANE ( 'NONE',  #2537 ) ;
#3301 = CARTESIAN_POINT ( 'NONE',  ( -0.3649336946003755022, 0.7599999999999998979, 0.02068101806545180957 ) ) ;
#3302 = CARTESIAN_POINT ( 'NONE',  ( 0.4139124061710826030, 0.7599999999999998979, 0.2209171954927711123 ) ) ;
#3303 = CARTESIAN_POINT ( 'NONE',  ( 0.2150000000000001354, -0.02999999999999967276, 17.26000000000000156 ) ) ;
#3304 = ORIENTED_EDGE ( 'NONE', *, *, #1762, .F. ) ;
#3305 = DIRECTION ( 'NONE',  ( -0.000000000000000000, -1.000000000000000000, -0.000000000000000000 ) ) ;
#3306 = ORIENTED_EDGE ( 'NONE', *, *, #3559, .F. ) ;
#3307 = ORIENTED_EDGE ( 'NONE', *, *, #3093, .T. ) ;
#3308 = CARTESIAN_POINT ( 'NONE',  ( -0.5481004858728089069, 0.7599999999999997868, 0.1793579369062902884 ) ) ;
#3309 = CARTESIAN_POINT ( 'NONE',  ( 0.8950000000000005729, -0.02999999999999967276, 2.020000000000000018 ) ) ;
#3310 = ADVANCED_FACE ( 'NONE', ( #1679 ), #51, .T. ) ;
#3311 = CARTESIAN_POINT ( 'NONE',  ( -0.5244222120213978267, 0.7600000000000000089, -0.2612573626517047387 ) ) ;
#3312 = CARTESIAN_POINT ( 'NONE',  ( -0.4056301315095653948, 0.7399999999999999911, -0.2765625067216413990 ) ) ;
#3313 = CARTESIAN_POINT ( 'NONE',  ( -0.5481004858728089069, 0.7399999999999997691, 0.1793579369062902884 ) ) ;
#3314 = ORIENTED_EDGE ( 'NONE', *, *, #809, .T. ) ;
#3315 = DIRECTION ( 'NONE',  ( 0.000000000000000000, 1.000000000000000000, -0.000000000000000000 ) ) ;
#3316 = CARTESIAN_POINT ( 'NONE',  ( -0.3345483269849963137, 0.7399999999999998801, 0.2412931175657498928 ) ) ;
#3317 = LINE ( 'NONE', #3036, #110 ) ;
#3318 = CARTESIAN_POINT ( 'NONE',  ( -0.3077352349109677143, 0.7399999999999999911, -0.003740011632993730031 ) ) ;
#3319 = CARTESIAN_POINT ( 'NONE',  ( -0.5642488276394636015, 0.7399999999999997691, 0.1531781881307159032 ) ) ;
#3320 = CARTESIAN_POINT ( 'NONE',  ( -0.05637886472712834440, 0.7600000000000000089, -0.2260556148028440571 ) ) ;
#3321 = CARTESIAN_POINT ( 'NONE',  ( 0.4225215792201369447, 0.7400000000000001021, 0.2205934213470292782 ) ) ;
#3322 = CARTESIAN_POINT ( 'NONE',  ( -0.3077352349109677143, 0.7599999999999998979, -0.003740011632993730031 ) ) ;
#3323 = FACE_OUTER_BOUND ( 'NONE', #3766, .T. ) ;
#3324 = ORIENTED_EDGE ( 'NONE', *, *, #2085, .F. ) ;
#3325 = CARTESIAN_POINT ( 'NONE',  ( 0.09474062479654214719, 0.7600000000000001199, 0.1201308291806494205 ) ) ;
#3326 = CARTESIAN_POINT ( 'NONE',  ( -0.3000825103245934877, 0.7599999999999997868, -0.09587183971325452525 ) ) ;
#3327 = EDGE_CURVE ( 'NONE', #1561, #2247, #2073, .T. ) ;
#3328 = CARTESIAN_POINT ( 'NONE',  ( -0.3749999999999994449, -1.346972987469857941, 2.070000000000000284 ) ) ;
#3329 = CARTESIAN_POINT ( 'NONE',  ( -0.01204237326771667380, 0.7600000000000001199, 0.002791159552915368526 ) ) ;
#3330 = FACE_OUTER_BOUND ( 'NONE', #862, .T. ) ;
#3331 = B_SPLINE_CURVE_WITH_KNOTS ( 'NONE', 3,
 ( #4485, #638, #2321, #2763, #594, #4532, #611, #3654, #2834, #1488, #4947, #1911, #1059, #2350, #3264, #4092, #4042, #659, #5378 ),
 .UNSPECIFIED., .F., .F.,
 ( 4, 1, 1, 1, 1, 1, 1, 1, 1, 1, 1, 1, 1, 1, 1, 1, 4 ),
 ( 0.000000000000000000, 0.07117450374563444315, 0.1396441217506234345, 0.2063172239119630824, 0.2713732401918831361, 0.3354180839163127259, 0.3980763446528611804, 0.4606079146322840656, 0.5229695111172334432, 0.5847157240924587551, 0.6448949403163618532, 0.7042905608207902235, 0.7629981899193222228, 0.8210874309038770358, 0.8801038914767006505, 0.9393884881896686911, 1.000000000000000000 ),
 .UNSPECIFIED. ) ;
#3332 = CARTESIAN_POINT ( 'NONE',  ( 0.5596630167165167480, 0.7599999999999998979, 0.1777098603885425288 ) ) ;
#3333 = CARTESIAN_POINT ( 'NONE',  ( -0.6093397714280366362, 0.7599999999999997868, 0.1715532227345266114 ) ) ;
#3334 = VECTOR ( 'NONE', #1942, 1000.000000000000000 ) ;
#3335 = EDGE_LOOP ( 'NONE', ( #22, #26, #2713, #104 ) ) ;
#3336 = CARTESIAN_POINT ( 'NONE',  ( -0.07334469144971722532, 0.7599999999999998979, -0.2224568258645562013 ) ) ;
#3337 = DIRECTION ( 'NONE',  ( 0.000000000000000000, -1.000000000000000000, 0.000000000000000000 ) ) ;
#3338 = CARTESIAN_POINT ( 'NONE',  ( -0.06784188034188028127, 0.7399999999999997691, -0.002798653699996567993 ) ) ;
#3339 = EDGE_CURVE ( 'NONE', #3431, #3706, #2961, .T. ) ;
#3340 = CARTESIAN_POINT ( 'NONE',  ( 0.07425529715467403535, 0.7599999999999997868, 0.1703268647852373696 ) ) ;
#3341 = LINE ( 'NONE', #3767, #194 ) ;
#3342 = CARTESIAN_POINT ( 'NONE',  ( 0.09076164745440981618, 0.7599999999999997868, 0.07990182527109881971 ) ) ;
#3343 = LINE ( 'NONE', #4518, #2507 ) ;
#3344 = DIRECTION ( 'NONE',  ( 0.000000000000000000, 1.000000000000000000, 0.000000000000000000 ) ) ;
#3345 =( GEOMETRIC_REPRESENTATION_CONTEXT ( 3 ) GLOBAL_UNCERTAINTY_ASSIGNED_CONTEXT ( ( #3821 ) ) GLOBAL_UNIT_ASSIGNED_CONTEXT ( ( #1554, #2016, #5050 ) ) REPRESENTATION_CONTEXT ( 'NONE', 'WORKASPACE' ) );
#3346 = CARTESIAN_POINT ( 'NONE',  ( -0.06704992836622862551, 0.7400000000000002132, -0.2789053301250217776 ) ) ;
#3347 = CARTESIAN_POINT ( 'NONE',  ( -0.02449188337278550634, 0.7599999999999998979, 0.0008980509632965237750 ) ) ;
#3348 = CARTESIAN_POINT ( 'NONE',  ( 0.5733909163068441339, 0.7600000000000002309, 0.1160982519445943467 ) ) ;
#3349 = AXIS2_PLACEMENT_3D ( 'NONE', #4935, #4455, #4067 ) ;
#3350 = ORIENTED_EDGE ( 'NONE', *, *, #5575, .T. ) ;
#3351 = ORIENTED_EDGE ( 'NONE', *, *, #995, .F. ) ;
#3352 = DIRECTION ( 'NONE',  ( -1.000000000000000000, -0.000000000000000000, -0.000000000000000000 ) ) ;
#3353 = CARTESIAN_POINT ( 'NONE',  ( 0.5278356677139888209, 0.7599999999999996758, 0.1008418186710220432 ) ) ;
#3355 = CARTESIAN_POINT ( 'NONE',  ( 0.5197454593087244001, 0.7400000000000004352, 0.1451344525669951147 ) ) ;
#3354 = LINE ( 'NONE', #3398, #4339 ) ;
#3356 = CARTESIAN_POINT ( 'NONE',  ( -1.644999999999999574, -1.346972987469857941, 2.020000000000000018 ) ) ;
#3357 = EDGE_LOOP ( 'NONE', ( #1268, #3114, #135, #1450 ) ) ;
#3358 = CARTESIAN_POINT ( 'NONE',  ( 0.2878387386588055485, 0.7599999999999998979, 0.1250248692740568435 ) ) ;
#3359 = CARTESIAN_POINT ( 'NONE',  ( 0.09497863247863254366, 0.7599999999999998979, 0.1091404488641059822 ) ) ;
#3360 = CARTESIAN_POINT ( 'NONE',  ( 0.2870559561965811413, 0.7399999999999999911, 0.1200587514816273543 ) ) ;
#3361 = ORIENTED_EDGE ( 'NONE', *, *, #4008, .T. ) ;
#3362 = ORIENTED_EDGE ( 'NONE', *, *, #412, .T. ) ;
#3363 = ADVANCED_FACE ( 'NONE', ( #2343 ), #2732, .T. ) ;
#3364 = EDGE_CURVE ( 'NONE', #2758, #1945, #3377, .T. ) ;
#3365 = CARTESIAN_POINT ( 'NONE',  ( 0.1056807574933521787, 0.7399999999999998801, 0.2095015532818353676 ) ) ;
#3366 = LINE ( 'NONE', #1795, #3234 ) ;
#3367 = CARTESIAN_POINT ( 'NONE',  ( -0.06264591362404707542, 0.7599999999999998979, -0.002507960822553838894 ) ) ;
#3368 = VERTEX_POINT ( 'NONE', #965 ) ;
#3369 = B_SPLINE_CURVE_WITH_KNOTS ( 'NONE', 3,
 ( #2256, #2699, #1409, #3144, #2717, #4842, #3128, #99, #111, #5319, #2735, #533, #125, #514, #977 ),
 .UNSPECIFIED., .F., .F.,
 ( 4, 1, 1, 1, 1, 1, 1, 1, 1, 1, 1, 1, 4 ),
 ( 0.000000000000000000, 0.1101655532114436398, 0.2157872561749717699, 0.3180274349094167619, 0.4175739541655084652, 0.5116504876474462504, 0.5961620971027621341, 0.6729345334849963223, 0.7436695573498567358, 0.8106770010653612246, 0.8740589623137362540, 0.9366963019193726980, 1.000000000000000000 ),
 .UNSPECIFIED. ) ;
#3370 = CARTESIAN_POINT ( 'NONE',  ( 0.3250000000000002887, -0.4399999999999996136, 2.070000000000000284 ) ) ;
#3371 = EDGE_CURVE ( 'NONE', #3706, #3899, #516, .T. ) ;
#3372 = CARTESIAN_POINT ( 'NONE',  ( 0.5242141071989099288, 0.7600000000000000089, 0.1299580907682700015 ) ) ;
#3373 = VERTEX_POINT ( 'NONE', #3677 ) ;
#3374 = EDGE_LOOP ( 'NONE', ( #4528, #4076, #4082, #1597 ) ) ;
#3375 = CARTESIAN_POINT ( 'NONE',  ( 0.4095953525641025106, 0.7400000000000002132, 0.2210795514282085372 ) ) ;
#3376 = CARTESIAN_POINT ( 'NONE',  ( -0.4533078491468972016, 0.7599999999999998979, 0.2752217901257265065 ) ) ;
#3377 = LINE ( 'NONE', #4046, #2827 ) ;
#3378 = EDGE_CURVE ( 'NONE', #3547, #2873, #4229, .T. ) ;
#3379 = CARTESIAN_POINT ( 'NONE',  ( 0.07250295506628556819, 0.7399999999999998801, 0.2412931175657499483 ) ) ;
#3380 = FACE_OUTER_BOUND ( 'NONE', #5098, .T. ) ;
#3381 = EDGE_LOOP ( 'NONE', ( #4285, #5303, #3243, #1544, #2172, #1820, #3574, #3041, #2002, #5304, #1009, #16, #1466, #713, #3765, #1506 ) ) ;
#3382 = DIRECTION ( 'NONE',  ( 1.000000000000000000, 0.000000000000000000, 0.000000000000000000 ) ) ;
#3383 = CARTESIAN_POINT ( 'NONE',  ( 0.5237605168269229283, 0.7399999999999999911, 0.1318250776034222138 ) ) ;
#3384 = EDGE_CURVE ( 'NONE', #4212, #1164, #2569, .T. ) ;
#3385 = CARTESIAN_POINT ( 'NONE',  ( -0.3862736957643642111, 0.7399999999999997691, -0.2706018021871384183 ) ) ;
#3386 = CYLINDRICAL_SURFACE ( 'NONE', #647, 0.05000000000000012768 ) ;
#3387 = CARTESIAN_POINT ( 'NONE',  ( -0.8949999999999996847, -0.4399999999999996136, 2.479999999999999982 ) ) ;
#3388 = ADVANCED_FACE ( 'NONE', ( #4246 ), #3660, .T. ) ;
#3389 = DIRECTION ( 'NONE',  ( 0.000000000000000000, 0.000000000000000000, 1.000000000000000000 ) ) ;
#3390 = MECHANICAL_DESIGN_GEOMETRIC_PRESENTATION_REPRESENTATION (  '', ( #2208 ), #4813 ) ;
#3391 = CARTESIAN_POINT ( 'NONE',  ( -0.3220861057330099975, 0.7399999999999999911, 0.06595852362852007433 ) ) ;
#3392 = CARTESIAN_POINT ( 'NONE',  ( 0.1153311965811966433, 0.7599999999999998979, -0.1434645524713640541 ) ) ;
#3393 = LINE ( 'NONE', #2166, #1630 ) ;
#3394 =( NAMED_UNIT ( * ) PLANE_ANGLE_UNIT ( ) SI_UNIT ( $, .RADIAN. ) );
#3395 = CARTESIAN_POINT ( 'NONE',  ( 0.9450000000000006173, -0.4399999999999996136, 2.479999999999999982 ) ) ;
#3396 = EDGE_CURVE ( 'NONE', #3483, #2268, #5441, .T. ) ;
#3397 = LINE ( 'NONE', #196, #811 ) ;
#3398 = CARTESIAN_POINT ( 'NONE',  ( 0.2150000000000001354, -0.4399999999999996136, 17.26000000000000156 ) ) ;
#3399 = CARTESIAN_POINT ( 'NONE',  ( -0.04059912526709395092, 0.7399999999999999911, 0.2753530557017128122 ) ) ;
#3400 = CARTESIAN_POINT ( 'NONE',  ( 1.794999999999999263, -0.7600000000000001199, 1.510000000000000009 ) ) ;
#3401 = DIRECTION ( 'NONE',  ( 0.000000000000000000, -0.000000000000000000, 1.000000000000000000 ) ) ;
#3402 = LINE ( 'NONE', #757, #327 ) ;
#3403 = EDGE_CURVE ( 'NONE', #2612, #1734, #4180, .T. ) ;
#3404 = B_SPLINE_CURVE_WITH_KNOTS ( 'NONE', 3,
 ( #67, #2779, #3321, #279, #1568, #711, #1995, #3742, #1588, #2444, #4611, #5460, #2483, #4641, #3781 ),
 .UNSPECIFIED., .F., .F.,
 ( 4, 1, 1, 1, 1, 1, 1, 1, 1, 1, 1, 1, 4 ),
 ( 0.000000000000000000, 0.08289064755686828545, 0.1653025405594706065, 0.2477618761145893023, 0.3315277110598006116, 0.4152798127751559654, 0.4963662304840512074, 0.5771513480211470926, 0.6577825401388812665, 0.7393216419943464679, 0.8237930816663168176, 0.9094759533791149098, 1.000000000000000000 ),
 .UNSPECIFIED. ) ;
#3405 = EDGE_CURVE ( 'NONE', #5047, #4705, #3590, .T. ) ;
#3406 = PRESENTATION_STYLE_ASSIGNMENT (( #840 ) ) ;
#3407 = CARTESIAN_POINT ( 'NONE',  ( 0.4885252415573402840, 0.7400000000000007683, 0.2573064015655685544 ) ) ;
#3408 = CARTESIAN_POINT ( 'NONE',  ( -0.2919716047194927389, 0.7399999999999998801, -0.1492786175056393660 ) ) ;
#3409 = ORIENTED_EDGE ( 'NONE', *, *, #3225, .F. ) ;
#3410 = CARTESIAN_POINT ( 'NONE',  ( -0.4748931623931622603, 0.7399999999999997691, -0.002798653699996567993 ) ) ;
#3411 = CARTESIAN_POINT ( 'NONE',  ( 0.3944407412598218143, 0.7600000000000000089, 0.2206006448589536983 ) ) ;
#3412 = CARTESIAN_POINT ( 'NONE',  ( 2.044999999999999485, -0.4500000000000008438, 1.510000000000000009 ) ) ;
#3413 = DIRECTION ( 'NONE',  ( -0.000000000000000000, -0.000000000000000000, -1.000000000000000000 ) ) ;
#3414 = VERTEX_POINT ( 'NONE', #4095 ) ;
#3415 = ORIENTED_EDGE ( 'NONE', *, *, #1217, .T. ) ;
#3416 = CARTESIAN_POINT ( 'NONE',  ( -0.1192782504112573083, 0.7600000000000002309, 0.1993044158257502307 ) ) ;
#3417 = ADVANCED_FACE ( 'NONE', ( #4984, #4043, #2362, #186 ), #2326, .T. ) ;
#3418 = CARTESIAN_POINT ( 'NONE',  ( 0.1186631070424207651, 0.7399999999999997691, 0.1903940432972665575 ) ) ;
#3419 = CARTESIAN_POINT ( 'NONE',  ( -0.1100749926319136429, 0.7399999999999999911, -0.2030951411376782090 ) ) ;
#3420 = ORIENTED_EDGE ( 'NONE', *, *, #3759, .T. ) ;
#3421 = CARTESIAN_POINT ( 'NONE',  ( -0.5352088341346152855, 0.7399999999999998801, 0.1924587581589777829 ) ) ;
#3422 = VECTOR ( 'NONE', #2958, 1000.000000000000000 ) ;
#3423 = DIRECTION ( 'NONE',  ( 0.000000000000000000, -1.000000000000000000, 0.000000000000000000 ) ) ;
#3424 = VERTEX_POINT ( 'NONE', #1474 ) ;
#3425 = EDGE_CURVE ( 'NONE', #4395, #3368, #3341, .T. ) ;
#3426 = VECTOR ( 'NONE', #445, 1000.000000000000000 ) ;
#3427 = CARTESIAN_POINT ( 'NONE',  ( -0.4956911163810583387, 0.7399999999999995470, 0.2140222567754897776 ) ) ;
#3428 =( LENGTH_UNIT ( ) NAMED_UNIT ( * ) SI_UNIT ( .MILLI., .METRE. ) );
#3429 = CARTESIAN_POINT ( 'NONE',  ( -0.5352088341346152855, 0.7599999999999998979, 0.1924587581589777829 ) ) ;
#3430 = ORIENTED_EDGE ( 'NONE', *, *, #5379, .T. ) ;
#3431 = VERTEX_POINT ( 'NONE', #736 ) ;
#3432 = EDGE_CURVE ( 'NONE', #4756, #4163, #1696, .T. ) ;
#3433 = CARTESIAN_POINT ( 'NONE',  ( -1.485000000000000098, -0.4399999999999996136, 2.530000000000000249 ) ) ;
#3434 = DIRECTION ( 'NONE',  ( -0.000000000000000000, -1.000000000000000000, -0.000000000000000000 ) ) ;
#3435 = CARTESIAN_POINT ( 'NONE',  ( 0.5633329460030380709, 0.7399999999999996581, 0.1667960982414415094 ) ) ;
#3436 = CARTESIAN_POINT ( 'NONE',  ( -0.3327959848966078882, 0.7599999999999997868, 0.1703268647852373696 ) ) ;
#3437 = B_SPLINE_CURVE_WITH_KNOTS ( 'NONE', 3,
 ( #4249, #5558, #3893, #3853, #2521, #3830, #1267, #1680, #4638, #3461, #332, #4264, #2066, #5099, #3006 ),
 .UNSPECIFIED., .F., .F.,
 ( 4, 1, 1, 1, 1, 1, 1, 1, 1, 1, 1, 1, 4 ),
 ( 0.000000000000000000, 0.07964825118022791917, 0.1589216764181125841, 0.2396194947370319239, 0.3226094298185609444, 0.4060346366179243827, 0.4876020954923880324, 0.5696846265959312205, 0.6530361450088341124, 0.7374357177222883308, 0.8224778158555100527, 0.9097476551184071614, 0.9999999999999998890 ),
 .UNSPECIFIED. ) ;
#3438 = ORIENTED_EDGE ( 'NONE', *, *, #5216, .F. ) ;
#3439 = CARTESIAN_POINT ( 'NONE',  ( 0.5279820556437894163, 0.7400000000000005462, 0.2262430239814654798 ) ) ;
#3440 = EDGE_LOOP ( 'NONE', ( #5313, #4091, #3564, #2994 ) ) ;
#3441 = CARTESIAN_POINT ( 'NONE',  ( 0.06777922535123966086, 0.7400000000000001021, -0.1464399793392226479 ) ) ;
#3442 = EDGE_CURVE ( 'NONE', #4129, #5521, #1029, .T. ) ;
#3443 = CARTESIAN_POINT ( 'NONE',  ( -0.07375391214200137380, 0.7599999999999997868, 0.2731978099680195671 ) ) ;
#3444 = CARTESIAN_POINT ( 'NONE',  ( -0.4634301467784104345, 0.7599999999999998979, -0.2260556148028440016 ) ) ;
#3445 = CARTESIAN_POINT ( 'NONE',  ( -0.5322460183980745052, 0.7399999999999999911, 0.1947429943535728958 ) ) ;
#3446 = FACE_OUTER_BOUND ( 'NONE', #2050, .T. ) ;
#3447 = ORIENTED_EDGE ( 'NONE', *, *, #2774, .F. ) ;
#3448 = AXIS2_PLACEMENT_3D ( 'NONE', #4150, #2427, #1980 ) ;
#3449 = CARTESIAN_POINT ( 'NONE',  ( 0.09133396609823121737, 0.7599999999999995648, -0.06839962275228257671 ) ) ;
#3450 = CARTESIAN_POINT ( 'NONE',  ( -0.3394001243868244311, 0.7599999999999997868, -0.1399152004083543122 ) ) ;
#3451 = CARTESIAN_POINT ( 'NONE',  ( -1.644999999999999574, -1.346972987469857941, 2.530000000000000249 ) ) ;
#3452 = SURFACE_SIDE_STYLE ('',( #1565 ) ) ;
#3453 = VECTOR ( 'NONE', #1608, 1000.000000000000000 ) ;
#3454 = ORIENTED_EDGE ( 'NONE', *, *, #5546, .T. ) ;
#3455 = CARTESIAN_POINT ( 'NONE',  ( -0.1476645593014215274, 0.7399999999999999911, -0.1488534281509453217 ) ) ;
#3456 = AXIS2_PLACEMENT_3D ( 'NONE', #3863, #4300, #4276 ) ;
#3457 = CARTESIAN_POINT ( 'NONE',  ( -0.3919904867385374803, 0.7599999999999998979, 0.2129244342223081676 ) ) ;
#3458 = FACE_OUTER_BOUND ( 'NONE', #4695, .T. ) ;
#3459 = ORIENTED_EDGE ( 'NONE', *, *, #1033, .T. ) ;
#3460 = CARTESIAN_POINT ( 'NONE',  ( 0.5192244741752997106, 0.7400000000000005462, 0.2349423797872709774 ) ) ;
#3461 = CARTESIAN_POINT ( 'NONE',  ( -0.3543248953231464826, 0.7599999999999998979, 0.2535713306169012360 ) ) ;
#3462 = CARTESIAN_POINT ( 'NONE',  ( 0.03920607970676803083, 0.7400000000000002132, -0.2623658934414239696 ) ) ;
#3463 = DIRECTION ( 'NONE',  ( -0.000000000000000000, -1.000000000000000000, -0.000000000000000000 ) ) ;
#3464 = AXIS2_PLACEMENT_3D ( 'NONE', #4504, #4064, #4523 ) ;
#3465 = CARTESIAN_POINT ( 'NONE',  ( 0.008383320655371008859, 0.7399999999999998801, 0.2701985584265108598 ) ) ;
#3466 = CARTESIAN_POINT ( 'NONE',  ( -0.3535197983440170333, 0.7399999999999996581, -0.03459953511025300188 ) ) ;
#3467 = DIRECTION ( 'NONE',  ( -1.000000000000000000, 0.000000000000000000, -0.000000000000000000 ) ) ;
#3468 = VECTOR ( 'NONE', #2918, 1000.000000000000000 ) ;
#3469 = DIRECTION ( 'NONE',  ( 0.000000000000000000, 0.000000000000000000, -1.000000000000000000 ) ) ;
#3470 = CARTESIAN_POINT ( 'NONE',  ( -0.4133905979777870443, 0.7400000000000003242, -0.2233392473724832572 ) ) ;
#3471 = VECTOR ( 'NONE', #538, 1000.000000000000000 ) ;
#3472 = EDGE_CURVE ( 'NONE', #4096, #2873, #3794, .T. ) ;
#3473 = VERTEX_POINT ( 'NONE', #3360 ) ;
#3474 = CARTESIAN_POINT ( 'NONE',  ( 0.1145776407664328006, 0.7399999999999997691, -0.1608835870952189384 ) ) ;
#3475 = CARTESIAN_POINT ( 'NONE',  ( -0.5563034188034187144, 0.7399999999999998801, -0.1452666024179452842 ) ) ;
#3476 = LINE ( 'NONE', #1258, #468 ) ;
#3477 = LINE ( 'NONE', #3653, #1238 ) ;
#3478 = CARTESIAN_POINT ( 'NONE',  ( 0.2460981056719380999, 0.7599999999999997868, 0.1609148941480768591 ) ) ;
#3479 = DIRECTION ( 'NONE',  ( 0.000000000000000000, 0.000000000000000000, -1.000000000000000000 ) ) ;
#3480 = CARTESIAN_POINT ( 'NONE',  ( -0.3123106572547399429, 0.7600000000000001199, 0.1201308291806494205 ) ) ;
#3481 = CARTESIAN_POINT ( 'NONE',  ( -0.3354973015628364696, 0.7399999999999998801, -0.2401179049209233862 ) ) ;
#3482 = EDGE_CURVE ( 'NONE', #5104, #146, #1495, .T. ) ;
#3483 = VERTEX_POINT ( 'NONE', #284 ) ;
#3484 = ORIENTED_EDGE ( 'NONE', *, *, #358, .T. ) ;
#3485 = AXIS2_PLACEMENT_3D ( 'NONE', #936, #1380, #3573 ) ;
#3486 = CARTESIAN_POINT ( 'NONE',  ( -0.03922108707264949923, 0.7400000000000001021, -0.2809503631017059022 ) ) ;
#3487 = CARTESIAN_POINT ( 'NONE',  ( -0.1870818130689282932, 0.7599999999999997868, 0.2007584320339496076 ) ) ;
#3488 = DIRECTION ( 'NONE',  ( 0.000000000000000000, 1.000000000000000000, -0.000000000000000000 ) ) ;
#3489 = CARTESIAN_POINT ( 'NONE',  ( -0.4180376384212731167, 0.7399999999999997691, 0.2191298048477073324 ) ) ;
#3490 = ORIENTED_EDGE ( 'NONE', *, *, #3195, .F. ) ;
#3491 = ORIENTED_EDGE ( 'NONE', *, *, #3185, .T. ) ;
#3492 = CARTESIAN_POINT ( 'NONE',  ( 0.1381866392849887271, 0.7399999999999998801, 0.06693906457532636245 ) ) ;
#3493 = CARTESIAN_POINT ( 'NONE',  ( -0.3465784119100817628, 0.7600000000000000089, -0.1752639192909259125 ) ) ;
#3494 = CARTESIAN_POINT ( 'NONE',  ( 0.001421150541716615289, 0.7399999999999999911, -0.2765625067216413990 ) ) ;
#3495 = VECTOR ( 'NONE', #2478, 1000.000000000000000 ) ;
#3496 = VERTEX_POINT ( 'NONE', #225 ) ;
#3497 = CARTESIAN_POINT ( 'NONE',  ( 0.2374465811965811302, 0.7399999999999999911, 0.05221687113974701755 ) ) ;
#3498 = DIRECTION ( 'NONE',  ( 0.000000000000000000, 0.000000000000000000, -1.000000000000000000 ) ) ;
#3499 = VECTOR ( 'NONE', #435, 1000.000000000000000 ) ;
#3500 = CARTESIAN_POINT ( 'NONE',  ( -1.485000000000000098, -0.4399999999999996136, 17.26000000000000156 ) ) ;
#3501 = ORIENTED_EDGE ( 'NONE', *, *, #1143, .F. ) ;
#3502 = DIRECTION ( 'NONE',  ( 0.000000000000000000, 0.000000000000000000, 1.000000000000000000 ) ) ;
#3503 = CYLINDRICAL_SURFACE ( 'NONE', #2495, 0.2500000000000000000 ) ;
#3504 = CARTESIAN_POINT ( 'NONE',  ( 1.794999999999999485, -0.5100000000000002309, 1.510000000000000009 ) ) ;
#3505 = CARTESIAN_POINT ( 'NONE',  ( -0.03483659996655345120, 0.7399999999999997691, -0.2265901316930968301 ) ) ;
#3506 = EDGE_LOOP ( 'NONE', ( #4929, #1314, #4864, #5566 ) ) ;
#3507 = CARTESIAN_POINT ( 'NONE',  ( -0.08937516906973091979, 0.7599999999999998979, 0.2699729163189711345 ) ) ;
#3508 = CARTESIAN_POINT ( 'NONE',  ( 0.8950000000000005729, -1.346972987469858163, 2.020000000000000018 ) ) ;
#3509 = CARTESIAN_POINT ( 'NONE',  ( 0.5432013521325206318, 0.7599999999999997868, 0.2079073040115761717 ) ) ;
#3510 = CARTESIAN_POINT ( 'NONE',  ( -0.3585610231405940151, 0.7599999999999997868, 0.1955717017539619074 ) ) ;
#3511 = CARTESIAN_POINT ( 'NONE',  ( -0.3211530724705632389, 0.7399999999999997691, 0.1513684937088689286 ) ) ;
#3512 = CARTESIAN_POINT ( 'NONE',  ( -0.3433308814077237758, 0.7400000000000003242, -0.1677561313120304598 ) ) ;
#3513 = ORIENTED_EDGE ( 'NONE', *, *, #2047, .F. ) ;
#3514 = DIRECTION ( 'NONE',  ( -0.000000000000000000, -1.000000000000000000, 0.000000000000000000 ) ) ;
#3515 = EDGE_LOOP ( 'NONE', ( #5103, #845, #3430, #3350 ) ) ;
#3516 = VERTEX_POINT ( 'NONE', #1571 ) ;
#3517 = CARTESIAN_POINT ( 'NONE',  ( -0.2149999999999999134, -0.4399999999999996136, 17.26000000000000156 ) ) ;
#3518 = CARTESIAN_POINT ( 'NONE',  ( 0.5360634407091497966, 0.7399999999999997691, 0.2172790804978487755 ) ) ;
#3519 = CARTESIAN_POINT ( 'NONE',  ( -0.2924736412848492062, 0.7399999999999997691, -0.1608835870952189384 ) ) ;
#3520 = DIRECTION ( 'NONE',  ( 0.000000000000000000, 0.000000000000000000, 1.000000000000000000 ) ) ;
#3521 = CARTESIAN_POINT ( 'NONE',  ( 2.044999999999999485, -0.7600000000000001199, 1.510000000000000009 ) ) ;
#3522 = CARTESIAN_POINT ( 'NONE',  ( 0.3135264116791129929, 0.7399999999999999911, 0.1823537458132172273 ) ) ;
#3523 = LINE ( 'NONE', #3033, #1279 ) ;
#3524 = CARTESIAN_POINT ( 'NONE',  ( 0.5288991858541872704, 0.7599999999999996758, 0.07766020174108709262 ) ) ;
#3525 = CARTESIAN_POINT ( 'NONE',  ( -0.5065488111739807620, 0.7399999999999998801, 0.2101693646850491815 ) ) ;
#3526 = CARTESIAN_POINT ( 'NONE',  ( 0.5279820556437894163, 0.7599999999999998979, 0.2262430239814654798 ) ) ;
#3527 = CARTESIAN_POINT ( 'NONE',  ( -0.4723409363428386909, 0.7399999999999998801, 0.2194194815969775225 ) ) ;
#3528 = DIRECTION ( 'NONE',  ( 0.000000000000000000, 0.000000000000000000, 1.000000000000000000 ) ) ;
#3529 = VECTOR ( 'NONE', #49, 1000.000000000000000 ) ;
#3530 = ORIENTED_EDGE ( 'NONE', *, *, #3548, .T. ) ;
#3531 = CARTESIAN_POINT ( 'NONE',  ( 0.2374413435405566819, 0.7399999999999997691, 0.07108942131050001445 ) ) ;
#3532 = CARTESIAN_POINT ( 'NONE',  ( -0.01865135774722670101, 0.7399999999999998801, -0.2803293322369314611 ) ) ;
#3533 = DIRECTION ( 'NONE',  ( -0.000000000000000000, 1.000000000000000000, -0.000000000000000000 ) ) ;
#3534 = CARTESIAN_POINT ( 'NONE',  ( 1.254999999999999671, 0.7599999999999998979, 1.510000000000000009 ) ) ;
#3535 = CARTESIAN_POINT ( 'NONE',  ( 0.1043408277679174351, 0.7599999999999997868, -0.1948231470048591152 ) ) ;
#3536 = LINE ( 'NONE', #1034, #2981 ) ;
#3537 = DIRECTION ( 'NONE',  ( 0.000000000000000000, 0.000000000000000000, 1.000000000000000000 ) ) ;
#3538 = CARTESIAN_POINT ( 'NONE',  ( -0.3942265723630521412, 0.7399999999999995470, -0.2171905135978169088 ) ) ;
#3539 = FILL_AREA_STYLE_COLOUR ( '', #906 ) ;
#3540 = CARTESIAN_POINT ( 'NONE',  ( -0.2917200854700853774, 0.7599999999999998979, -0.1434645524713640541 ) ) ;
#3541 = CARTESIAN_POINT ( 'NONE',  ( 0.5291666666666664520, 0.7599999999999998979, -0.2673819870333298820 ) ) ;
#3542 = FACE_OUTER_BOUND ( 'NONE', #3440, .T. ) ;
#3543 = CARTESIAN_POINT ( 'NONE',  ( -0.3771831271803968710, 0.7600000000000000089, 0.01446880453850871509 ) ) ;
#3544 = CARTESIAN_POINT ( 'NONE',  ( 0.06608260683975412941, 0.7599999999999996758, -0.1599696787731899883 ) ) ;
#3545 = CIRCLE ( 'NONE', #5285, 0.05000000000000012768 ) ;
#3546 = CARTESIAN_POINT ( 'NONE',  ( 0.09571163148241904062, 0.7400000000000001021, -0.2110996347335993839 ) ) ;
#3547 = VERTEX_POINT ( 'NONE', #3745 ) ;
#3548 = EDGE_CURVE ( 'NONE', #1792, #3483, #2080, .T. ) ;
#3549 = ADVANCED_FACE ( 'NONE', ( #4650 ), #2529, .F. ) ;
#3550 = CARTESIAN_POINT ( 'NONE',  ( 0.3971675382663203968, 0.7599999999999998979, 0.2750016176874736651 ) ) ;
#3551 = ORIENTED_EDGE ( 'NONE', *, *, #5534, .T. ) ;
#3552 = ORIENTED_EDGE ( 'NONE', *, *, #294, .T. ) ;
#3553 = PLANE ( 'NONE',  #3485 ) ;
#3554 = PLANE ( 'NONE',  #1550 ) ;
#3555 = SURFACE_STYLE_USAGE ( .BOTH. , #1866 ) ;
#3556 = EDGE_LOOP ( 'NONE', ( #4851, #4130, #2605, #5300 ) ) ;
#3557 = CARTESIAN_POINT ( 'NONE',  ( -0.2963473954358364915, 0.7399999999999997691, -0.1780712184837815737 ) ) ;
#3558 = B_SPLINE_CURVE_WITH_KNOTS ( 'NONE', 3,
 ( #4710, #4260, #3880, #1290, #2089, #1724, #4220, #1667, #4296, #821, #1647, #5189, #355, #3450, #5168 ),
 .UNSPECIFIED., .F., .F.,
 ( 4, 1, 1, 1, 1, 1, 1, 1, 1, 1, 1, 1, 4 ),
 ( 0.000000000000000000, 0.1101655532114436398, 0.2157872561749717699, 0.3180274349094167619, 0.4175739541655084652, 0.5116504876474462504, 0.5961620971027621341, 0.6729345334849963223, 0.7436695573498567358, 0.8106770010653612246, 0.8740589623137362540, 0.9366963019193726980, 1.000000000000000000 ),
 .UNSPECIFIED. ) ;
#3559 = EDGE_CURVE ( 'NONE', #2955, #2658, #3402, .T. ) ;
#3560 = CARTESIAN_POINT ( 'NONE',  ( -0.3127655993718048699, 0.7399999999999999911, 0.09437341090515467823 ) ) ;
#3561 = VECTOR ( 'NONE', #4378, 1000.000000000000000 ) ;
#3562 = CARTESIAN_POINT ( 'NONE',  ( 0.06765457621892266571, 0.7600000000000000089, -0.1519376743405413954 ) ) ;
#3563 = EDGE_LOOP ( 'NONE', ( #365, #5430, #4037, #4236 ) ) ;
#3564 = ORIENTED_EDGE ( 'NONE', *, *, #4488, .F. ) ;
#3565 =( GEOMETRIC_REPRESENTATION_CONTEXT ( 3 ) GLOBAL_UNCERTAINTY_ASSIGNED_CONTEXT ( ( #981 ) ) GLOBAL_UNIT_ASSIGNED_CONTEXT ( ( #5367, #173, #696 ) ) REPRESENTATION_CONTEXT ( 'NONE', 'WORKASPACE' ) );
#3566 = CARTESIAN_POINT ( 'NONE',  ( 0.2150000000000001354, -0.4399999999999996136, 2.530000000000001137 ) ) ;
#3567 = CARTESIAN_POINT ( 'NONE',  ( 0.5596630167165167480, 0.7599999999999998979, 0.1777098603885425288 ) ) ;
#3568 = CARTESIAN_POINT ( 'NONE',  ( 0.3250000000000003997, -0.02999999999999964501, 2.479999999999999982 ) ) ;
#3569 = ORIENTED_EDGE ( 'NONE', *, *, #1977, .F. ) ;
#3570 = ORIENTED_EDGE ( 'NONE', *, *, #5058, .T. ) ;
#3571 = CARTESIAN_POINT ( 'NONE',  ( 0.3059567593787601014, 0.7599999999999998979, 0.2450124419039484969 ) ) ;
#3572 = AXIS2_PLACEMENT_3D ( 'NONE', #922, #4373, #1811 ) ;
#3573 = DIRECTION ( 'NONE',  ( 0.000000000000000000, -0.000000000000000000, -1.000000000000000000 ) ) ;
#3574 = ORIENTED_EDGE ( 'NONE', *, *, #5540, .T. ) ;
#3575 = CARTESIAN_POINT ( 'NONE',  ( -0.9449999999999996181, -1.346972987469857941, 2.479999999999999982 ) ) ;
#3576 = CARTESIAN_POINT ( 'NONE',  ( -0.2924736412848492062, 0.7599999999999997868, -0.1608835870952189384 ) ) ;
#3577 = SURFACE_STYLE_USAGE ( .BOTH. , #4048 ) ;
#3578 = ORIENTED_EDGE ( 'NONE', *, *, #3667, .F. ) ;
#3579 = ORIENTED_EDGE ( 'NONE', *, *, #2568, .F. ) ;
#3580 = CARTESIAN_POINT ( 'NONE',  ( -0.4190936553189986702, 0.7399999999999997691, 0.002791159552915370694 ) ) ;
#3581 = CARTESIAN_POINT ( 'NONE',  ( 0.05092425642174887301, 0.7400000000000005462, -0.1893484797676606435 ) ) ;
#3582 = CARTESIAN_POINT ( 'NONE',  ( 0.9450000000000006173, -1.346972987469858163, 2.530000000000000249 ) ) ;
#3583 = CARTESIAN_POINT ( 'NONE',  ( -0.1446622957178273494, 0.7599999999999998979, 0.2452192181820576355 ) ) ;
#3584 = ORIENTED_EDGE ( 'NONE', *, *, #3140, .F. ) ;
#3585 = CARTESIAN_POINT ( 'NONE',  ( -0.2688646427662932936, 0.7399999999999998801, 0.06693906457532636245 ) ) ;
#3586 = CARTESIAN_POINT ( 'NONE',  ( 0.01506079531274455777, 0.7399999999999996581, 0.2129244342223080289 ) ) ;
#3587 = CARTESIAN_POINT ( 'NONE',  ( 0.4071549783587530280, 0.7599999999999998979, 0.2752344066677295253 ) ) ;
#3588 = CARTESIAN_POINT ( 'NONE',  ( -0.1303980617866120906, 0.7599999999999997868, 0.1904945992837296931 ) ) ;
#3589 = CARTESIAN_POINT ( 'NONE',  ( -0.03922108707264949923, 0.7599999999999998979, -0.2809503631017059022 ) ) ;
#3590 = LINE ( 'NONE', #1896, #367 ) ;
#3591 = ORIENTED_EDGE ( 'NONE', *, *, #2367, .F. ) ;
#3592 = CARTESIAN_POINT ( 'NONE',  ( -1.054999999999999938, -0.4399999999999996136, 1.510000000000000009 ) ) ;
#3593 = DIRECTION ( 'NONE',  ( -0.000000000000000000, -0.000000000000000000, -1.000000000000000000 ) ) ;
#3594 = UNCERTAINTY_MEASURE_WITH_UNIT (LENGTH_MEASURE( 1.000000000000000082E-05 ), #4643, 'distance_accuracy_value', 'NONE');
#3595 = DIRECTION ( 'NONE',  ( -2.125886612716675080E-16, 0.000000000000000000, -1.000000000000000000 ) ) ;
#3596 = LINE ( 'NONE', #4228, #2143 ) ;
#3597 = ORIENTED_EDGE ( 'NONE', *, *, #3149, .F. ) ;
#3598 = CARTESIAN_POINT ( 'NONE',  ( -0.4315431654240676207, 0.7400000000000001021, 0.0008980509632965237750 ) ) ;
#3599 = PLANE ( 'NONE',  #612 ) ;
#3600 = VECTOR ( 'NONE', #5334, 1000.000000000000000 ) ;
#3601 = CARTESIAN_POINT ( 'NONE',  ( -0.1566364228551615778, 0.7399999999999999911, 0.2358554495493987158 ) ) ;
#3602 = CARTESIAN_POINT ( 'NONE',  ( 0.5733909163068441339, 0.7400000000000002132, 0.1160982519445943467 ) ) ;
#3603 = CARTESIAN_POINT ( 'NONE',  ( -0.2649094737349608764, 0.7600000000000000089, 0.09178879451258591116 ) ) ;
#3604 = CARTESIAN_POINT ( 'NONE',  ( -0.4468023838141024773, 0.7599999999999998979, 0.2210795514282085372 ) ) ;
#3605 = ADVANCED_FACE ( 'NONE', ( #2990 ), #5107, .T. ) ;
#3606 = CARTESIAN_POINT ( 'NONE',  ( -0.6025061720231078555, 0.7399999999999997691, -0.1505934184475560544 ) ) ;
#3607 = VECTOR ( 'NONE', #1558, 1000.000000000000000 ) ;
#3608 = CARTESIAN_POINT ( 'NONE',  ( -0.04396146584177583472, 0.7399999999999999911, -0.2808620187169287852 ) ) ;
#3609 = CYLINDRICAL_SURFACE ( 'NONE', #3008, 0.7500000000000001110 ) ;
#3610 = DIRECTION ( 'NONE',  ( -0.000000000000000000, 1.000000000000000000, 0.000000000000000000 ) ) ;
#3611 = CARTESIAN_POINT ( 'NONE',  ( -0.4456363514957264460, 0.7399999999999998801, -0.2266768588282016827 ) ) ;
#3612 = LINE ( 'NONE', #1415, #3471 ) ;
#3613 = CARTESIAN_POINT ( 'NONE',  ( 0.2857659220621224239, 0.7600000000000000089, 0.1031700238001398567 ) ) ;
#3614 = AXIS2_PLACEMENT_3D ( 'NONE', #5547, #4280, #4727 ) ;
#3615 = DIRECTION ( 'NONE',  ( -1.000000000000000000, 0.000000000000000000, -0.000000000000000000 ) ) ;
#3616 = CARTESIAN_POINT ( 'NONE',  ( -0.4476504073183759091, 0.7399999999999997691, 0.2753530557017128122 ) ) ;
#3617 = ORIENTED_EDGE ( 'NONE', *, *, #3932, .F. ) ;
#3618 = CARTESIAN_POINT ( 'NONE',  ( 0.1153311965811966433, 0.7599999999999998979, -0.1434645524713640541 ) ) ;
#3619 = CARTESIAN_POINT ( 'NONE',  ( -0.5516311701603560103, 0.7399999999999996581, -0.1558226490891563842 ) ) ;
#3620 = ORIENTED_EDGE ( 'NONE', *, *, #4832, .F. ) ;
#3621 = CARTESIAN_POINT ( 'NONE',  ( 0.002455602964362117377, 0.7600000000000001199, 0.2166910399578947100 ) ) ;
#3622 = DIRECTION ( 'NONE',  ( -1.000000000000000000, -0.000000000000000000, -0.000000000000000000 ) ) ;
#3623 = CARTESIAN_POINT ( 'NONE',  ( 0.3971675382663203968, 0.7399999999999997691, 0.2750016176874736651 ) ) ;
#3624 = CARTESIAN_POINT ( 'NONE',  ( -0.5517135777691093423, 0.7599999999999997868, 0.2452192181820575245 ) ) ;
#3625 = CARTESIAN_POINT ( 'NONE',  ( -0.3507276536067442940, 0.7599999999999997868, -0.2522078115704897150 ) ) ;
#3626 = ORIENTED_EDGE ( 'NONE', *, *, #3384, .T. ) ;
#3627 = ORIENTED_EDGE ( 'NONE', *, *, #5129, .T. ) ;
#3628 = CARTESIAN_POINT ( 'NONE',  ( -0.3757511754630288303, 0.7399999999999999911, 0.2633863021866139631 ) ) ;
#3629 = CARTESIAN_POINT ( 'NONE',  ( -0.1281575520833332926, 0.7399999999999999911, 0.1924587581589778107 ) ) ;
#3630 = CARTESIAN_POINT ( 'NONE',  ( -0.5322460183980745052, 0.7600000000000000089, 0.1947429943535728958 ) ) ;
#3631 = CARTESIAN_POINT ( 'NONE',  ( 0.2868653370392411084, 0.7399999999999998801, 0.1186822330585185076 ) ) ;
#3632 =( NAMED_UNIT ( * ) PLANE_ANGLE_UNIT ( ) SI_UNIT ( $, .RADIAN. ) );
#3633 = EDGE_CURVE ( 'NONE', #5104, #295, #3136, .T. ) ;
#3634 = ORIENTED_EDGE ( 'NONE', *, *, #470, .T. ) ;
#3635 = PLANE ( 'NONE',  #3349 ) ;
#3636 = VECTOR ( 'NONE', #85, 1000.000000000000000 ) ;
#3637 = CARTESIAN_POINT ( 'NONE',  ( 0.03001078054478492976, 0.7599999999999998979, -0.2079590198120002953 ) ) ;
#3638 = ORIENTED_EDGE ( 'NONE', *, *, #3960, .T. ) ;
#3639 = CARTESIAN_POINT ( 'NONE',  ( -0.5568356707095516445, 0.7399999999999998801, -0.2366789280546845731 ) ) ;
#3640 = ORIENTED_EDGE ( 'NONE', *, *, #841, .T. ) ;
#3641 = CARTESIAN_POINT ( 'NONE',  ( -0.1446622957178273494, 0.7399999999999998801, 0.2452192181820576355 ) ) ;
#3642 = CARTESIAN_POINT ( 'NONE',  ( -0.2961722088675212694, 0.7399999999999998801, 0.01055771649231113454 ) ) ;
#3643 = ORIENTED_EDGE ( 'NONE', *, *, #4465, .F. ) ;
#3644 = CARTESIAN_POINT ( 'NONE',  ( -0.2917200854700853774, 0.7599999999999998979, -0.1434645524713640541 ) ) ;
#3645 = CARTESIAN_POINT ( 'NONE',  ( -0.1281575520833332926, 0.7600000000000000089, 0.1924587581589778107 ) ) ;
#3646 = CARTESIAN_POINT ( 'NONE',  ( -0.3474339010592144006, 0.7399999999999998801, -0.1110173502982743504 ) ) ;
#3647 = VERTEX_POINT ( 'NONE', #5086 ) ;
#3648 = FACE_OUTER_BOUND ( 'NONE', #246, .T. ) ;
#3649 = CARTESIAN_POINT ( 'NONE',  ( -2.045000000000000373, 0.7599999999999998979, 1.510000000000000009 ) ) ;
#3650 = CARTESIAN_POINT ( 'NONE',  ( 0.1406262536831515697, 0.7600000000000001199, 0.07920399826510139685 ) ) ;
#3651 = FACE_OUTER_BOUND ( 'NONE', #2520, .T. ) ;
#3652 = VERTEX_POINT ( 'NONE', #1648 ) ;
#3653 = CARTESIAN_POINT ( 'NONE',  ( -0.1696047008547007795, 0.7599999999999998979, 0.1193167309153880390 ) ) ;
#3654 = CARTESIAN_POINT ( 'NONE',  ( 0.3291575139457159072, 0.7599999999999996758, 0.2583883621056819457 ) ) ;
#3655 = LINE ( 'NONE', #1847, #3529 ) ;
#3656 = VERTEX_POINT ( 'NONE', #2070 ) ;
#3657 = EDGE_CURVE ( 'NONE', #4403, #4129, #5085, .T. ) ;
#3658 = CARTESIAN_POINT ( 'NONE',  ( 0.1153311965811966433, 0.7399999999999998801, -0.1434645524713640541 ) ) ;
#3659 = CARTESIAN_POINT ( 'NONE',  ( 1.645000000000000462, -0.4399999999999996136, 2.070000000000000284 ) ) ;
#3660 = PLANE ( 'NONE',  #1235 ) ;
#3661 = CARTESIAN_POINT ( 'NONE',  ( 0.06727171992806589562, 0.7599999999999998979, -0.1324320779949745841 ) ) ;
#3662 = VECTOR ( 'NONE', #4360, 1000.000000000000000 ) ;
#3663 = CARTESIAN_POINT ( 'NONE',  ( -0.5568356707095516445, 0.7599999999999998979, -0.2366789280546845731 ) ) ;
#3664 = CARTESIAN_POINT ( 'NONE',  ( -0.1492521367521366937, 0.7399999999999998801, -0.1452666024179452842 ) ) ;
#3665 = LINE ( 'NONE', #5413, #2305 ) ;
#3666 =( LENGTH_UNIT ( ) NAMED_UNIT ( * ) SI_UNIT ( .MILLI., .METRE. ) );
#3667 = EDGE_CURVE ( 'NONE', #890, #3652, #4122, .T. ) ;
#3668 = CARTESIAN_POINT ( 'NONE',  ( -0.1950862358265006979, 0.7400000000000002132, 0.1866791128229508823 ) ) ;
#3669 = CARTESIAN_POINT ( 'NONE',  ( -0.1281575520833332926, 0.7600000000000000089, 0.1924587581589778107 ) ) ;
#3670 = DIRECTION ( 'NONE',  ( -1.000000000000000000, -0.000000000000000000, -0.000000000000000000 ) ) ;
#3671 = CARTESIAN_POINT ( 'NONE',  ( 0.4071549783587530280, 0.7399999999999998801, 0.2752344066677295253 ) ) ;
#3672 = LINE ( 'NONE', #3589, #1237 ) ;
#3673 = DIRECTION ( 'NONE',  ( 1.000000000000000000, 0.000000000000000000, 0.000000000000000000 ) ) ;
#3674 = LINE ( 'NONE', #2174, #1361 ) ;
#3675 = ORIENTED_EDGE ( 'NONE', *, *, #2752, .F. ) ;
#3676 = DIRECTION ( 'NONE',  ( 0.000000000000000000, 0.000000000000000000, -1.000000000000000000 ) ) ;
#3677 = CARTESIAN_POINT ( 'NONE',  ( 1.485000000000000320, -0.02999999999999967276, 17.26000000000000156 ) ) ;
#3678 = ORIENTED_EDGE ( 'NONE', *, *, #5118, .F. ) ;
#3679 = ORIENTED_EDGE ( 'NONE', *, *, #1300, .T. ) ;
#3680 = CARTESIAN_POINT ( 'NONE',  ( 0.2852558820349037627, 0.7399999999999999911, 0.08557234514723910390 ) ) ;
#3681 = CARTESIAN_POINT ( 'NONE',  ( -0.5125956554783410724, 0.7599999999999997868, -0.2673539905252635962 ) ) ;
#3682 = DIRECTION ( 'NONE',  ( 0.000000000000000000, -0.000000000000000000, -1.000000000000000000 ) ) ;
#3683 = CARTESIAN_POINT ( 'NONE',  ( -0.3392094017094016145, 0.7599999999999998979, -0.1436765583474324537 ) ) ;
#3684 = CARTESIAN_POINT ( 'NONE',  ( 0.2444003316662060332, 0.7399999999999998801, 0.1548046113452772599 ) ) ;
#3685 = ORIENTED_EDGE ( 'NONE', *, *, #5567, .F. ) ;
#3686 = VERTEX_POINT ( 'NONE', #5149 ) ;
#3687 = AXIS2_PLACEMENT_3D ( 'NONE', #4772, #2195, #4366 ) ;
#3688 = EDGE_CURVE ( 'NONE', #515, #4212, #3545, .T. ) ;
#3689 = CARTESIAN_POINT ( 'NONE',  ( -0.5352088341346152855, 0.7599999999999998979, 0.1924587581589777829 ) ) ;
#3690 = CARTESIAN_POINT ( 'NONE',  ( -0.3068966291905324550, 0.7400000000000003242, -0.08166278305887164635 ) ) ;
#3691 = ORIENTED_EDGE ( 'NONE', *, *, #1436, .T. ) ;
#3692 = CARTESIAN_POINT ( 'NONE',  ( 0.06667468027174196232, 0.7599999999999996758, 0.1792490791078872325 ) ) ;
#3693 = CARTESIAN_POINT ( 'NONE',  ( -0.02511584105452042970, 0.7399999999999996581, 0.2208043462399208179 ) ) ;
#3694 = VECTOR ( 'NONE', #2038, 1000.000000000000000 ) ;
#3695 = ADVANCED_FACE ( 'NONE', ( #2232 ), #2992, .F. ) ;
#3696 = CARTESIAN_POINT ( 'NONE',  ( -0.5592422217504412485, 0.7399999999999998801, 0.1627611125250053303 ) ) ;
#3697 = CARTESIAN_POINT ( 'NONE',  ( 0.06442928965053162926, 0.7399999999999997691, -0.1214671306867397826 ) ) ;
#3698 = CARTESIAN_POINT ( 'NONE',  ( 0.2468808426816238577, 0.7599999999999998979, 0.1637319619517128011 ) ) ;
#3699 = VERTEX_POINT ( 'NONE', #2936 ) ;
#3700 = CARTESIAN_POINT ( 'NONE',  ( -0.1184618935337533180, 0.7399999999999998801, 0.2601311650978794798 ) ) ;
#3701 = VERTEX_POINT ( 'NONE', #357 ) ;
#3702 = DIRECTION ( 'NONE',  ( 1.000000000000000000, 0.000000000000000000, 0.000000000000000000 ) ) ;
#3703 = CARTESIAN_POINT ( 'NONE',  ( 0.2857090043472008123, 0.7399999999999998801, 0.2284472857858953210 ) ) ;
#3704 = EDGE_CURVE ( 'NONE', #1809, #3966, #4192, .T. ) ;
#3705 = CARTESIAN_POINT ( 'NONE',  ( -0.5352088341346152855, 0.7399999999999998801, 0.1924587581589777829 ) ) ;
#3706 = VERTEX_POINT ( 'NONE', #5169 ) ;
#3707 = CARTESIAN_POINT ( 'NONE',  ( 1.055000000000000160, -0.4399999999999996136, 17.26000000000000156 ) ) ;
#3708 = DIRECTION ( 'NONE',  ( -0.7071067811865487940, -0.7071067811865463515, -0.000000000000000000 ) ) ;
#3709 = CARTESIAN_POINT ( 'NONE',  ( -0.03479908410051277962, 0.7399999999999996581, 0.2209864324206061159 ) ) ;
#3710 = CARTESIAN_POINT ( 'NONE',  ( -0.1876938218452752216, 0.7599999999999997868, -0.1758851487156786186 ) ) ;
#3711 = CARTESIAN_POINT ( 'NONE',  ( -0.1476645593014215274, 0.7400000000000003242, -0.1488534281509453217 ) ) ;
#3712 = CARTESIAN_POINT ( 'NONE',  ( 0.02008454136608722046, 0.7400000000000001021, -0.07572728341768479587 ) ) ;
#3713 = VECTOR ( 'NONE', #5563, 1000.000000000000000 ) ;
#3714 = CARTESIAN_POINT ( 'NONE',  ( 0.2460981056719380999, 0.7599999999999997868, 0.1609148941480768591 ) ) ;
#3715 = EDGE_CURVE ( 'NONE', #1108, #1389, #4795, .T. ) ;
#3716 = LINE ( 'NONE', #366, #245 ) ;
#3717 = B_SPLINE_CURVE_WITH_KNOTS ( 'NONE', 3,
 ( #4540, #2806, #230, #1673, #1218, #1636, #2902, #2493, #2019, #4629, #4668, #2978, #2062, #4647, #2074, #3771, #3826, #5071, #2938 ),
 .UNSPECIFIED., .F., .F.,
 ( 4, 1, 1, 1, 1, 1, 1, 1, 1, 1, 1, 1, 1, 1, 1, 1, 4 ),
 ( 0.000000000000000000, 0.05527454908752653384, 0.1099660938819835565, 0.1632474428518067011, 0.2180761854823606294, 0.2733008743735932944, 0.3309093000114347594, 0.3909945233652108443, 0.4541759534308246749, 0.5188615408488260750, 0.5833105320111678926, 0.6485166818638258279, 0.7150308870971836539, 0.7825020728543329307, 0.8523226850768557128, 0.9249284897844292086, 1.000000000000000000 ),
 .UNSPECIFIED. ) ;
#3718 = EDGE_CURVE ( 'NONE', #411, #3955, #3476, .T. ) ;
#3719 = CARTESIAN_POINT ( 'NONE',  ( -0.4227450528882451541, 0.7400000000000001021, 0.2746353940910841729 ) ) ;
#3720 = ADVANCED_BREP_SHAPE_REPRESENTATION ( '620-1001-ND TRANSDUCER', ( #3071, #1541 ), #912 ) ;
#3721 = DIRECTION ( 'NONE',  ( 1.000000000000000000, 0.000000000000000000, 0.000000000000000000 ) ) ;
#3722 = FACE_OUTER_BOUND ( 'NONE', #3381, .T. ) ;
#3723 = CARTESIAN_POINT ( 'NONE',  ( -0.3880333353673395269, 0.7599999999999998979, 0.01022986579048607188 ) ) ;
#3724 = ADVANCED_FACE ( 'NONE', ( #2924 ), #4688, .F. ) ;
#3725 = CARTESIAN_POINT ( 'NONE',  ( -0.1164366249554993488, 0.7599999999999997868, -0.1971862565315576354 ) ) ;
#3726 = DIRECTION ( 'NONE',  ( 0.000000000000000000, 0.000000000000000000, -1.000000000000000000 ) ) ;
#3727 = EDGE_CURVE ( 'NONE', #2447, #3496, #4207, .T. ) ;
#3728 = CARTESIAN_POINT ( 'NONE',  ( 0.09489886259005848868, 0.7599999999999998979, 0.1128239493525657056 ) ) ;
#3729 = CARTESIAN_POINT ( 'NONE',  ( 0.09474726546223131984, 0.7400000000000002132, 0.1042099250111353792 ) ) ;
#3730 = CARTESIAN_POINT ( 'NONE',  ( -0.1492521367521366937, 0.7400000000000002132, -0.1452666024179452842 ) ) ;
#3731 = COLOUR_RGB ( '',0.2509803921568627416, 0.2509803921568627416, 0.2509803921568627416 ) ;
#3732 = FACE_OUTER_BOUND ( 'NONE', #5165, .T. ) ;
#3733 = CARTESIAN_POINT ( 'NONE',  ( 0.2864218776077366302, 0.7599999999999998979, 0.1154798787627297485 ) ) ;
#3734 = CARTESIAN_POINT ( 'NONE',  ( 1.645000000000000462, -1.346972987469858163, 2.070000000000000284 ) ) ;
#3735 = CARTESIAN_POINT ( 'NONE',  ( -0.1950862358265006979, 0.7600000000000002309, 0.1866791128229508823 ) ) ;
#3736 = LINE ( 'NONE', #369, #2644 ) ;
#3737 = ORIENTED_EDGE ( 'NONE', *, *, #363, .F. ) ;
#3738 = DIRECTION ( 'NONE',  ( -0.000000000000000000, -1.000000000000000000, -0.000000000000000000 ) ) ;
#3739 = CARTESIAN_POINT ( 'NONE',  ( -0.5941330951202103972, 0.7599999999999998979, 0.2007584320339496908 ) ) ;
#3740 = CARTESIAN_POINT ( 'NONE',  ( 0.1148110169548999804, 0.7399999999999997691, -0.1269207842041939760 ) ) ;
#3741 = VERTEX_POINT ( 'NONE', #377 ) ;
#3742 = CARTESIAN_POINT ( 'NONE',  ( 0.4820455185070942616, 0.7399999999999998801, 0.1970348932715180745 ) ) ;
#3743 = CARTESIAN_POINT ( 'NONE',  ( 1.595000000000000417, -0.4399999999999996136, 2.020000000000000018 ) ) ;
#3744 = PLANE ( 'NONE',  #4015 ) ;
#3745 = CARTESIAN_POINT ( 'NONE',  ( 0.09497863247863254366, 0.7599999999999998979, 0.1091404488641059822 ) ) ;
#3746 = VERTEX_POINT ( 'NONE', #520 ) ;
#3747 = EDGE_LOOP ( 'NONE', ( #1270, #3279, #1982, #4747 ) ) ;
#3748 = ADVANCED_FACE ( 'NONE', ( #3067 ), #4828, .T. ) ;
#3749 = EDGE_CURVE ( 'NONE', #3824, #275, #755, .T. ) ;
#3750 = CARTESIAN_POINT ( 'NONE',  ( -0.3678452023445140107, 0.7399999999999999911, -0.2623658934414239696 ) ) ;
#3751 = CARTESIAN_POINT ( 'NONE',  ( -0.1497843886582696515, 0.7600000000000001199, -0.2366789280546845731 ) ) ;
#3752 = ORIENTED_EDGE ( 'NONE', *, *, #4703, .F. ) ;
#3753 = DIRECTION ( 'NONE',  ( 0.000000000000000000, 0.000000000000000000, 1.000000000000000000 ) ) ;
#3754 = CARTESIAN_POINT ( 'NONE',  ( -0.2702347078231155386, 0.7599999999999998979, 0.1486200630909850495 ) ) ;
#3755 = CIRCLE ( 'NONE', #2289, 0.05000000000000012768 ) ;
#3756 = AXIS2_PLACEMENT_3D ( 'NONE', #3649, #4085, #3682 ) ;
#3757 = ORIENTED_EDGE ( 'NONE', *, *, #448, .T. ) ;
#3758 = CARTESIAN_POINT ( 'NONE',  ( -0.3077352349109677143, 0.7599999999999998979, -0.003740011632993730031 ) ) ;
#3759 = EDGE_CURVE ( 'NONE', #47, #350, #4634, .T. ) ;
#3760 = CARTESIAN_POINT ( 'NONE',  ( -0.3771831271803968710, 0.7600000000000000089, 0.01446880453850871509 ) ) ;
#3761 = CARTESIAN_POINT ( 'NONE',  ( 0.1001546528607497877, 0.7400000000000003242, -0.08166278305887164635 ) ) ;
#3762 = CARTESIAN_POINT ( 'NONE',  ( -0.3749999999999994449, -0.4399999999999996136, 2.530000000000000249 ) ) ;
#3763 = DIRECTION ( 'NONE',  ( -0.000000000000000000, -0.000000000000000000, -1.000000000000000000 ) ) ;
#3764 = CARTESIAN_POINT ( 'NONE',  ( 0.09279759810503267203, 0.7599999999999995648, 0.1308800587138785054 ) ) ;
#3765 = ORIENTED_EDGE ( 'NONE', *, *, #3924, .T. ) ;
#3766 = EDGE_LOOP ( 'NONE', ( #1602, #164, #444, #1740 ) ) ;
#3767 = CARTESIAN_POINT ( 'NONE',  ( -0.2645833333333332260, 0.7599999999999998979, 0.1045823225286358904 ) ) ;
#3768 = DIRECTION ( 'NONE',  ( -1.000000000000000000, 0.000000000000000000, 0.000000000000000000 ) ) ;
#3769 = DIRECTION ( 'NONE',  ( -0.000000000000000000, 1.000000000000000000, -0.000000000000000000 ) ) ;
#3770 = VERTEX_POINT ( 'NONE', #2704 ) ;
#3771 = CARTESIAN_POINT ( 'NONE',  ( -0.01665452166776315232, 0.7600000000000000089, -0.2252345472034715523 ) ) ;
#3772 = CARTESIAN_POINT ( 'NONE',  ( -0.2649094737349608764, 0.7600000000000000089, 0.09178879451258591116 ) ) ;
#3773 = DIRECTION ( 'NONE',  ( 1.000000000000000000, 0.000000000000000000, -0.000000000000000000 ) ) ;
#3774 = DIRECTION ( 'NONE',  ( -0.000000000000000000, -1.000000000000000000, -0.000000000000000000 ) ) ;
#3775 = VECTOR ( 'NONE', #1715, 1000.000000000000000 ) ;
#3776 =( NAMED_UNIT ( * ) PLANE_ANGLE_UNIT ( ) SI_UNIT ( $, .RADIAN. ) );
#3777 = CARTESIAN_POINT ( 'NONE',  ( 0.5278356677139888209, 0.7399999999999996581, 0.1008418186710220432 ) ) ;
#3778 = ADVANCED_FACE ( 'NONE', ( #4942 ), #5327, .T. ) ;
#3779 = CARTESIAN_POINT ( 'NONE',  ( -0.1100749926319136429, 0.7600000000000000089, -0.2030951411376782090 ) ) ;
#3780 = AXIS2_PLACEMENT_3D ( 'NONE', #1705, #2144, #787 ) ;
#3781 = CARTESIAN_POINT ( 'NONE',  ( 0.5237605168269229283, 0.7399999999999999911, 0.1318250776034222138 ) ) ;
#3782 = DIRECTION ( 'NONE',  ( -1.000000000000000000, 0.000000000000000000, -0.000000000000000000 ) ) ;
#3783 = LINE ( 'NONE', #778, #5454 ) ;
#3784 = ORIENTED_EDGE ( 'NONE', *, *, #1635, .F. ) ;
#3785 = CARTESIAN_POINT ( 'NONE',  ( 0.3236567080840497268, 0.7400000000000002132, 0.1916839599853251419 ) ) ;
#3786 = CARTESIAN_POINT ( 'NONE',  ( 0.09474726546223131984, 0.7599999999999998979, 0.1042099250111353792 ) ) ;
#3787 = DIRECTION ( 'NONE',  ( -0.000000000000000000, -1.000000000000000000, -0.000000000000000000 ) ) ;
#3788 = CARTESIAN_POINT ( 'NONE',  ( -0.3749999999999994449, -0.02999999999999967276, 2.479999999999999982 ) ) ;
#3789 = ORIENTED_EDGE ( 'NONE', *, *, #2331, .T. ) ;
#3790 = CARTESIAN_POINT ( 'NONE',  ( 0.05272638672813550337, 0.7399999999999997691, 0.2535713306169012360 ) ) ;
#3791 = CARTESIAN_POINT ( 'NONE',  ( -0.1287759260514753090, 0.7400000000000002132, -0.2541703004106559693 ) ) ;
#3792 = CARTESIAN_POINT ( 'NONE',  ( -0.08911678123313071520, 0.7599999999999997868, -0.2167149013363941223 ) ) ;
#3793 = CIRCLE ( 'NONE', #826, 0.2500000000000000000 ) ;
#3794 = B_SPLINE_CURVE_WITH_KNOTS ( 'NONE', 3,
 ( #1999, #3709, #3693, #1979, #5025, #1610, #4614, #4556, #2035, #1094, #4128, #2465, #714, #1527, #5481, #2854, #2898, #5048, #4574 ),
 .UNSPECIFIED., .F., .F.,
 ( 4, 1, 1, 1, 1, 1, 1, 1, 1, 1, 1, 1, 1, 1, 1, 1, 4 ),
 ( 0.000000000000000000, 0.07607173695556468385, 0.1487517145745115843, 0.2184027938458452112, 0.2857595810623857480, 0.3505980236748785783, 0.4149640445981283010, 0.4780693385717816879, 0.5417606760069072491, 0.6043498585387178101, 0.6640750210708964429, 0.7214636230801987349, 0.7775871282364448245, 0.8326444469271313542, 0.8878435110684598230, 0.9434603426519471148, 1.000000000000000000 ),
 .UNSPECIFIED. ) ;
#3795 = EDGE_CURVE ( 'NONE', #3699, #350, #3672, .T. ) ;
#3796 = CARTESIAN_POINT ( 'NONE',  ( 0.04211758745090658784, 0.7599999999999998979, 0.02068101806545180957 ) ) ;
#3797 = CARTESIAN_POINT ( 'NONE',  ( 0.2878387386588055485, 0.7599999999999998979, 0.1250248692740568435 ) ) ;
#3798 = LINE ( 'NONE', #41, #539 ) ;
#3799 = CARTESIAN_POINT ( 'NONE',  ( 0.05845694743213995098, 0.7599999999999998979, -0.03798697478864199867 ) ) ;
#3800 = CARTESIAN_POINT ( 'NONE',  ( 0.1424679487179487669, 0.7599999999999998979, 0.1045823225286358904 ) ) ;
#3801 = EDGE_CURVE ( 'NONE', #1808, #5357, #2787, .T. ) ;
#3802 = CARTESIAN_POINT ( 'NONE',  ( -0.4808051941932832696, 0.7599999999999997868, 0.2731978099680195671 ) ) ;
#3803 = VERTEX_POINT ( 'NONE', #1862 ) ;
#3804 = VERTEX_POINT ( 'NONE', #5258 ) ;
#3805 = DIRECTION ( 'NONE',  ( 0.000000000000000000, 1.000000000000000000, -0.000000000000000000 ) ) ;
#3806 = ADVANCED_FACE ( 'NONE', ( #1089 ), #3553, .F. ) ;
#3807 = CARTESIAN_POINT ( 'NONE',  ( -0.09321431642173624854, 0.7600000000000000089, -0.2723765732016598107 ) ) ;
#3808 = ORIENTED_EDGE ( 'NONE', *, *, #1846, .F. ) ;
#3809 = CARTESIAN_POINT ( 'NONE',  ( 0.4396827865236980215, 0.7400000000000003242, 0.2735577595433380527 ) ) ;
#3810 = ORIENTED_EDGE ( 'NONE', *, *, #3657, .F. ) ;
#3811 = ORIENTED_EDGE ( 'NONE', *, *, #4197, .T. ) ;
#3812 = CARTESIAN_POINT ( 'NONE',  ( 0.4095953525641025106, 0.7599999999999998979, 0.2210795514282085372 ) ) ;
#3813 = CARTESIAN_POINT ( 'NONE',  ( 1.485000000000000320, -0.4399999999999996136, 17.26000000000000156 ) ) ;
#3814 = VECTOR ( 'NONE', #3919, 1000.000000000000000 ) ;
#3815 = CARTESIAN_POINT ( 'NONE',  ( -0.3302008782760163519, 0.7399999999999995470, 0.05278139822689850713 ) ) ;
#3816 = ORIENTED_EDGE ( 'NONE', *, *, #550, .T. ) ;
#3817 = VERTEX_POINT ( 'NONE', #1683 ) ;
#3818 = CARTESIAN_POINT ( 'NONE',  ( -0.4634301467784104345, 0.7399999999999998801, -0.2260556148028440016 ) ) ;
#3819 = CARTESIAN_POINT ( 'NONE',  ( -0.2149999999999999134, -0.4399999999999996136, 17.26000000000000156 ) ) ;
#3820 = VECTOR ( 'NONE', #3514, 1000.000000000000000 ) ;
#3821 = UNCERTAINTY_MEASURE_WITH_UNIT (LENGTH_MEASURE( 1.000000000000000082E-05 ), #1554, 'distance_accuracy_value', 'NONE');
#3822 = PLANE ( 'NONE',  #727 ) ;
#3823 = EDGE_CURVE ( 'NONE', #2545, #1381, #2165, .T. ) ;
#3824 = VERTEX_POINT ( 'NONE', #4912 ) ;
#3825 = EDGE_CURVE ( 'NONE', #4478, #3205, #68, .T. ) ;
#3826 = CARTESIAN_POINT ( 'NONE',  ( -0.02746277857976221065, 0.7599999999999997868, -0.2264195259545619676 ) ) ;
#3827 = CARTESIAN_POINT ( 'NONE',  ( -0.2885751537736163108, 0.7599999999999997868, 0.02095896632405153462 ) ) ;
#3828 = CARTESIAN_POINT ( 'NONE',  ( -0.4468023838141024773, 0.7599999999999998979, 0.2210795514282085372 ) ) ;
#3829 = B_SPLINE_CURVE_WITH_KNOTS ( 'NONE', 3,
 ( #4784, #4027, #5245, #964, #2642, #1810, #5260, #2708, #989, #4393, #4833, #5315, #1865, #562, #2765, #3211, #2782, #2800, #203 ),
 .UNSPECIFIED., .F., .F.,
 ( 4, 1, 1, 1, 1, 1, 1, 1, 1, 1, 1, 1, 1, 1, 1, 1, 4 ),
 ( 0.000000000000000000, 0.06690918560565653483, 0.1334854404229653957, 0.2010351165700815235, 0.2712343400187638420, 0.3428799841615842725, 0.4138361296100205311, 0.4859766219744202642, 0.5602295572555486824, 0.5998841807523909164, 0.6440548396425964661, 0.6918919315842545492, 0.7446875244737720667, 0.8014917751698764636, 0.8628576982200922840, 0.9293283793947431093, 1.000000000000000000 ),
 .UNSPECIFIED. ) ;
#3830 = CARTESIAN_POINT ( 'NONE',  ( -0.2883881750088612139, 0.7599999999999996758, 0.1903940432972665575 ) ) ;
#3831 = EDGE_CURVE ( 'NONE', #4671, #1305, #949, .T. ) ;
#3832 = ORIENTED_EDGE ( 'NONE', *, *, #1081, .F. ) ;
#3833 = ORIENTED_EDGE ( 'NONE', *, *, #4819, .F. ) ;
#3834 = ADVANCED_FACE ( 'NONE', ( #1167 ), #4031, .T. ) ;
#3835 = EDGE_LOOP ( 'NONE', ( #4743, #1926, #2882, #3784 ) ) ;
#3836 = CARTESIAN_POINT ( 'NONE',  ( -0.4961680632844128191, 0.7599999999999997868, -0.2167149013363941223 ) ) ;
#3837 = CARTESIAN_POINT ( 'NONE',  ( -0.05738852607644963355, 0.7599999999999998979, 0.2749635032441701821 ) ) ;
#3838 = CARTESIAN_POINT ( 'NONE',  ( 1.645000000000000462, -0.02999999999999967276, 2.479999999999999982 ) ) ;
#3839 = ORIENTED_EDGE ( 'NONE', *, *, #587, .F. ) ;
#3840 = CARTESIAN_POINT ( 'NONE',  ( -0.4462723691239315338, 0.7599999999999998979, -0.2809503631017059022 ) ) ;
#3841 = CARTESIAN_POINT ( 'NONE',  ( -0.5354570805559045743, 0.7399999999999999911, -0.1829908014538720318 ) ) ;
#3842 = CARTESIAN_POINT ( 'NONE',  ( -0.1492521367521366937, 0.7599999999999998979, -0.1452666024179452842 ) ) ;
#3843 = DIRECTION ( 'NONE',  ( -2.125886612716675327E-16, -0.000000000000000000, -1.000000000000000000 ) ) ;
#3844 = ORIENTED_EDGE ( 'NONE', *, *, #5207, .T. ) ;
#3845 = LINE ( 'NONE', #463, #3775 ) ;
#3846 = DIRECTION ( 'NONE',  ( 1.000000000000000000, 0.000000000000000000, -0.000000000000000000 ) ) ;
#3847 = DIRECTION ( 'NONE',  ( -1.000000000000000000, -0.000000000000000000, -0.000000000000000000 ) ) ;
#3848 = CARTESIAN_POINT ( 'NONE',  ( -0.4456363514957264460, 0.7599999999999998979, -0.2266768588282016827 ) ) ;
#3849 = CARTESIAN_POINT ( 'NONE',  ( 0.3750000000000003331, -0.4399999999999996136, 2.070000000000000284 ) ) ;
#3850 = FACE_OUTER_BOUND ( 'NONE', #354, .T. ) ;
#3851 = ORIENTED_EDGE ( 'NONE', *, *, #5281, .F. ) ;
#3852 = CARTESIAN_POINT ( 'NONE',  ( 0.5279820556437894163, 0.7599999999999998979, 0.2262430239814654798 ) ) ;
#3853 = CARTESIAN_POINT ( 'NONE',  ( -0.2702347078231155386, 0.7599999999999998979, 0.1486200630909850495 ) ) ;
#3854 = LINE ( 'NONE', #296, #2013 ) ;
#3855 = CARTESIAN_POINT ( 'NONE',  ( -0.4190936553189986702, 0.7599999999999997868, 0.002791159552915370694 ) ) ;
#3856 = CARTESIAN_POINT ( 'NONE',  ( -0.4456363514957264460, 0.7399999999999998801, -0.2266768588282017105 ) ) ;
#3857 = PLANE ( 'NONE',  #1801 ) ;
#3858 = CARTESIAN_POINT ( 'NONE',  ( -0.3516246648344098502, 0.7399999999999997691, 0.02967232945358110746 ) ) ;
#3859 = LINE ( 'NONE', #2608, #5147 ) ;
#3860 =( NAMED_UNIT ( * ) PLANE_ANGLE_UNIT ( ) SI_UNIT ( $, .RADIAN. ) );
#3861 = DIRECTION ( 'NONE',  ( 0.000000000000000000, 0.000000000000000000, 1.000000000000000000 ) ) ;
#3862 = CARTESIAN_POINT ( 'NONE',  ( -0.06704992836622862551, 0.7600000000000000089, -0.2789053301250217776 ) ) ;
#3863 = CARTESIAN_POINT ( 'NONE',  ( -0.1075446289569960134, 0.7600000000000000089, -0.2049667411457315458 ) ) ;
#3864 = FACE_OUTER_BOUND ( 'NONE', #4979, .T. ) ;
#3865 = ADVANCED_FACE ( 'NONE', ( #1634 ), #3159, .T. ) ;
#3866 = ORIENTED_EDGE ( 'NONE', *, *, #4279, .F. ) ;
#3867 = PLANE ( 'NONE',  #4757 ) ;
#3868 = CARTESIAN_POINT ( 'NONE',  ( -0.07729831546351045857, 0.7399999999999997691, 0.2172845935852805999 ) ) ;
#3869 = DIRECTION ( 'NONE',  ( 0.000000000000000000, 0.000000000000000000, -1.000000000000000000 ) ) ;
#3870 = CARTESIAN_POINT ( 'NONE',  ( -0.3120726495726494631, 0.7599999999999998979, 0.1091404488641059822 ) ) ;
#3871 = B_SPLINE_CURVE_WITH_KNOTS ( 'NONE', 3,
 ( #5539, #3441, #2946, #2118, #2983, #368, #2555, #818, #3874, #1718, #4717, #2140, #5181, #1388, #56, #4760, #4736, #3505, #892 ),
 .UNSPECIFIED., .F., .F.,
 ( 4, 1, 1, 1, 1, 1, 1, 1, 1, 1, 1, 1, 1, 1, 1, 1, 4 ),
 ( 0.000000000000000000, 0.05527454908752653384, 0.1099660938819835565, 0.1632474428518067011, 0.2180761854823606294, 0.2733008743735932944, 0.3309093000114347594, 0.3909945233652108443, 0.4541759534308246749, 0.5188615408488260750, 0.5833105320111678926, 0.6485166818638258279, 0.7150308870971836539, 0.7825020728543329307, 0.8523226850768557128, 0.9249284897844292086, 1.000000000000000000 ),
 .UNSPECIFIED. ) ;
#3872 = EDGE_CURVE ( 'NONE', #3027, #5182, #1581, .T. ) ;
#3873 = LINE ( 'NONE', #1725, #2718 ) ;
#3874 = CARTESIAN_POINT ( 'NONE',  ( 0.04473026983186963873, 0.7399999999999997691, -0.1959470034983551157 ) ) ;
#3875 = CARTESIAN_POINT ( 'NONE',  ( -0.1042734177932999884, 0.7599999999999998979, 0.2656332499124309243 ) ) ;
#3876 = CARTESIAN_POINT ( 'NONE',  ( -0.4961680632844128191, 0.7599999999999997868, -0.2167149013363941223 ) ) ;
#3877 = LINE ( 'NONE', #1626, #1434 ) ;
#3878 = CARTESIAN_POINT ( 'NONE',  ( -0.3400790182021566355, 0.7399999999999999911, 0.04056885120919018900 ) ) ;
#3879 = CARTESIAN_POINT ( 'NONE',  ( 0.1421418083163210888, 0.7399999999999999911, 0.09178879451258591116 ) ) ;
#3880 = CARTESIAN_POINT ( 'NONE',  ( -0.4555230147034523558, 0.7599999999999998979, -0.05740086174778762096 ) ) ;
#3881 =( LENGTH_UNIT ( ) NAMED_UNIT ( * ) SI_UNIT ( .MILLI., .METRE. ) );
#3882 = ORIENTED_EDGE ( 'NONE', *, *, #2091, .F. ) ;
#3883 = VERTEX_POINT ( 'NONE', #2340 ) ;
#3884 = CARTESIAN_POINT ( 'NONE',  ( -0.07729831546351045857, 0.7599999999999997868, 0.2172845935852805999 ) ) ;
#3885 = CARTESIAN_POINT ( 'NONE',  ( 0.001421150541716615289, 0.7600000000000000089, -0.2765625067216413990 ) ) ;
#3886 = DIRECTION ( 'NONE',  ( -0.000000000000000000, -1.000000000000000000, -0.000000000000000000 ) ) ;
#3887 = DIRECTION ( 'NONE',  ( -0.000000000000000000, -1.000000000000000000, -0.000000000000000000 ) ) ;
#3888 = CARTESIAN_POINT ( 'NONE',  ( 0.2425822211889583635, 0.7599999999999998979, 0.1446920112895654087 ) ) ;
#3889 = ORIENTED_EDGE ( 'NONE', *, *, #5281, .T. ) ;
#3890 = ORIENTED_EDGE ( 'NONE', *, *, #2085, .T. ) ;
#3891 = DIRECTION ( 'NONE',  ( -1.000000000000000000, 0.000000000000000000, 0.000000000000000000 ) ) ;
#3892 = VECTOR ( 'NONE', #421, 1000.000000000000000 ) ;
#3893 = CARTESIAN_POINT ( 'NONE',  ( -0.2653959965885096528, 0.7599999999999997868, 0.1267768611297461767 ) ) ;
#3894 = ORIENTED_EDGE ( 'NONE', *, *, #882, .F. ) ;
#3895 = CARTESIAN_POINT ( 'NONE',  ( -0.5166883832369416618, 0.7599999999999998979, 0.2051254953784840962 ) ) ;
#3896 = EDGE_CURVE ( 'NONE', #4284, #4041, #1563, .T. ) ;
#3897 = FACE_OUTER_BOUND ( 'NONE', #1793, .T. ) ;
#3898 = CARTESIAN_POINT ( 'NONE',  ( -0.3068966291905324550, 0.7400000000000003242, -0.08166278305887164635 ) ) ;
#3899 = VERTEX_POINT ( 'NONE', #4615 ) ;
#3900 = CARTESIAN_POINT ( 'NONE',  ( -0.3770405015064970944, 0.7400000000000005462, -0.2079590198120003508 ) ) ;
#3901 = CARTESIAN_POINT ( 'NONE',  ( 0.5078169735368193161, 0.7600000000000001199, 0.1690267032649678258 ) ) ;
#3902 = CARTESIAN_POINT ( 'NONE',  ( 0.1150796773317892679, 0.7599999999999998979, -0.1492786175056393660 ) ) ;
#3903 = VERTEX_POINT ( 'NONE', #286 ) ;
#3904 = EDGE_CURVE ( 'NONE', #1164, #5226, #2637, .T. ) ;
#3905 = CARTESIAN_POINT ( 'NONE',  ( 0.2150000000000001354, -0.4399999999999996136, 17.26000000000000156 ) ) ;
#3906 = CARTESIAN_POINT ( 'NONE',  ( -0.1192782504112573083, 0.7400000000000002132, 0.1993044158257502307 ) ) ;
#3907 = CARTESIAN_POINT ( 'NONE',  ( 0.2380251835252738535, 0.7599999999999998979, 0.08889935123210337964 ) ) ;
#3908 = DIRECTION ( 'NONE',  ( -0.000000000000000000, 1.000000000000000000, -0.000000000000000000 ) ) ;
#3909 = EDGE_LOOP ( 'NONE', ( #5562, #1815, #5268, #147 ) ) ;
#3910 = CARTESIAN_POINT ( 'NONE',  ( -0.3516246648344098502, 0.7399999999999997691, 0.02967232945358110746 ) ) ;
#3911 = ORIENTED_EDGE ( 'NONE', *, *, #641, .T. ) ;
#3912 = CARTESIAN_POINT ( 'NONE',  ( 0.08496517631827202321, 0.7600000000000000089, 0.06595852362852007433 ) ) ;
#3913 = CARTESIAN_POINT ( 'NONE',  ( 0.05632362844453758788, 0.7599999999999997868, -0.2522078115704897150 ) ) ;
#3914 = CARTESIAN_POINT ( 'NONE',  ( 0.2870559561965811413, 0.7600000000000000089, 0.1200587514816273543 ) ) ;
#3915 = CARTESIAN_POINT ( 'NONE',  ( -0.8949999999999997957, -0.4399999999999996136, 2.070000000000000284 ) ) ;
#3916 = DIRECTION ( 'NONE',  ( -0.000000000000000000, 1.000000000000000000, 0.000000000000000000 ) ) ;
#3917 = CARTESIAN_POINT ( 'NONE',  ( -0.03858506944444438369, 0.7399999999999996581, -0.2266768588282016827 ) ) ;
#3918 = FACE_OUTER_BOUND ( 'NONE', #4555, .T. ) ;
#3919 = DIRECTION ( 'NONE',  ( -1.000000000000000000, -0.000000000000000000, -0.000000000000000000 ) ) ;
#3920 = CARTESIAN_POINT ( 'NONE',  ( 0.4770987537495136599, 0.7399999999999996581, 0.2629040199228257491 ) ) ;
#3921 = CARTESIAN_POINT ( 'NONE',  ( -0.3170481678417820248, 0.7599999999999998979, 0.1413210960091365043 ) ) ;
#3922 = CARTESIAN_POINT ( 'NONE',  ( -0.3113396505688628690, 0.7599999999999998979, -0.2110996347335993839 ) ) ;
#3923 = LINE ( 'NONE', #4316, #5215 ) ;
#3924 = EDGE_CURVE ( 'NONE', #1248, #2856, #4787, .T. ) ;
#3925 = CARTESIAN_POINT ( 'NONE',  ( 0.5291666666666664520, 0.7399999999999998801, 0.04967280062692649989 ) ) ;
#3926 = LINE ( 'NONE', #1481, #2632 ) ;
#3927 = DIRECTION ( 'NONE',  ( 0.000000000000000000, 0.000000000000000000, -1.000000000000000000 ) ) ;
#3928 = CARTESIAN_POINT ( 'NONE',  ( 0.4396827865236980215, 0.7599999999999996758, 0.2735577595433380527 ) ) ;
#3929 = CARTESIAN_POINT ( 'NONE',  ( -0.3142536839462491405, 0.7399999999999995470, 0.1308800587138785054 ) ) ;
#3930 = CARTESIAN_POINT ( 'NONE',  ( -0.3509251681431182490, 0.7599999999999996758, -0.1824409726064654402 ) ) ;
#3931 = VECTOR ( 'NONE', #2653, 1000.000000000000000 ) ;
#3932 = EDGE_CURVE ( 'NONE', #1962, #4545, #464, .T. ) ;
#3933 = CARTESIAN_POINT ( 'NONE',  ( 0.1107038866154453904, 0.7399999999999997691, -0.1780712184837815737 ) ) ;
#3934 = CARTESIAN_POINT ( 'NONE',  ( -0.3392094017094016145, 0.7599999999999998979, -0.1436765583474324537 ) ) ;
#3935 = CARTESIAN_POINT ( 'NONE',  ( -0.3409686752115278496, 0.7399999999999997691, -0.1599696787731900161 ) ) ;
#3936 = LINE ( 'NONE', #3582, #1640 ) ;
#3937 = ORIENTED_EDGE ( 'NONE', *, *, #2516, .T. ) ;
#3938 = CARTESIAN_POINT ( 'NONE',  ( -0.4555230147034523558, 0.7399999999999997691, -0.05740086174778762096 ) ) ;
#3939 = B_SPLINE_CURVE_WITH_KNOTS ( 'NONE', 3,
 ( #2811, #1103, #1087, #4102, #4139, #672, #3700, #1989, #4118, #1539, #4993, #2862, #2847, #5009, #2414, #2723, #414, #2076, #763 ),
 .UNSPECIFIED., .F., .F.,
 ( 4, 1, 1, 1, 1, 1, 1, 1, 1, 1, 1, 1, 1, 1, 1, 1, 4 ),
 ( 0.000000000000000000, 0.06554117033740342046, 0.1289631677825934242, 0.1903771361885610858, 0.2500923616690527429, 0.3085484324592011052, 0.3663979630552961497, 0.4245421892666801922, 0.4831699964229057009, 0.5422433998311201320, 0.6017393520173300869, 0.6625060022496067624, 0.7248555134488471330, 0.7891278292811813033, 0.8563463998785101339, 0.9262952349869054691, 1.000000000000000000 ),
 .UNSPECIFIED. ) ;
#3940 = EDGE_CURVE ( 'NONE', #1734, #812, #5095, .T. ) ;
#3941 = ORIENTED_EDGE ( 'NONE', *, *, #3954, .F. ) ;
#3942 = VERTEX_POINT ( 'NONE', #4575 ) ;
#3943 = CARTESIAN_POINT ( 'NONE',  ( 0.2986529496937311290, 0.7400000000000001021, 0.1608090045073999885 ) ) ;
#3944 = CARTESIAN_POINT ( 'NONE',  ( -0.03231429154463198727, 0.7400000000000002132, -0.2807418366241949403 ) ) ;
#3945 = CARTESIAN_POINT ( 'NONE',  ( 0.4122454260149571170, 0.7599999999999998979, 0.2753530557017128122 ) ) ;
#3946 = CARTESIAN_POINT ( 'NONE',  ( -0.3170481678417820248, 0.7399999999999997691, 0.1413210960091365043 ) ) ;
#3947 = ORIENTED_EDGE ( 'NONE', *, *, #1060, .F. ) ;
#3948 = CARTESIAN_POINT ( 'NONE',  ( -0.9449999999999996181, -0.4399999999999996136, 2.479999999999999982 ) ) ;
#3949 = DIRECTION ( 'NONE',  ( 0.000000000000000000, 0.000000000000000000, -1.000000000000000000 ) ) ;
#3950 = AXIS2_PLACEMENT_3D ( 'NONE', #1411, #1447, #2720 ) ;
#3951 = ORIENTED_EDGE ( 'NONE', *, *, #3688, .T. ) ;
#3952 = ORIENTED_EDGE ( 'NONE', *, *, #3704, .F. ) ;
#3953 = CARTESIAN_POINT ( 'NONE',  ( 0.03130010658825321812, 0.7599999999999998979, 0.2633863021866138521 ) ) ;
#3954 = EDGE_CURVE ( 'NONE', #4689, #4291, #2919, .T. ) ;
#3955 = VERTEX_POINT ( 'NONE', #3788 ) ;
#3956 = DIRECTION ( 'NONE',  ( -0.000000000000000000, -1.000000000000000000, -0.000000000000000000 ) ) ;
#3957 = LINE ( 'NONE', #1485, #4903 ) ;
#3958 = CARTESIAN_POINT ( 'NONE',  ( 0.3359300135643355500, 0.7399999999999997691, 0.1998439828300082599 ) ) ;
#3959 = CARTESIAN_POINT ( 'NONE',  ( -0.1184618935337533180, 0.7599999999999998979, 0.2601311650978794798 ) ) ;
#3960 = EDGE_CURVE ( 'NONE', #4689, #1591, #322, .T. ) ;
#3961 = CARTESIAN_POINT ( 'NONE',  ( 0.02008454136608722046, 0.7399999999999999911, -0.07572728341768479587 ) ) ;
#3962 = CARTESIAN_POINT ( 'NONE',  ( -1.485000000000000098, -0.02999999999999967276, 2.020000000000000018 ) ) ;
#3963 = CARTESIAN_POINT ( 'NONE',  ( 0.3173104276337066487, 0.7399999999999998801, 0.2520569191819430621 ) ) ;
#3964 = ORIENTED_EDGE ( 'NONE', *, *, #1241, .T. ) ;
#3965 = CARTESIAN_POINT ( 'NONE',  ( -0.1281575520833332926, 0.7600000000000000089, 0.1924587581589778107 ) ) ;
#3966 = VERTEX_POINT ( 'NONE', #2059 ) ;
#3967 = DIRECTION ( 'NONE',  ( 0.000000000000000000, 0.000000000000000000, 1.000000000000000000 ) ) ;
#3968 = EDGE_CURVE ( 'NONE', #5226, #2201, #3665, .T. ) ;
#3969 = DIRECTION ( 'NONE',  ( 0.000000000000000000, 1.000000000000000000, 0.000000000000000000 ) ) ;
#3970 = EDGE_LOOP ( 'NONE', ( #993, #1590, #4152, #2093 ) ) ;
#3971 = CIRCLE ( 'NONE', #4361, 0.05000000000000012768 ) ;
#3972 = B_SPLINE_CURVE_WITH_KNOTS ( 'NONE', 3,
 ( #2095, #3478, #2587, #3888, #4, #1731, #866, #3907, #1750, #4753, #4244 ),
 .UNSPECIFIED., .F., .F.,
 ( 4, 1, 1, 1, 1, 1, 1, 1, 4 ),
 ( 0.000000000000000000, 0.07812986515842768043, 0.1694654174977333061, 0.2743352908540844792, 0.3921101633539203490, 0.5236873298575190905, 0.6683654211389633559, 0.8271319021257838022, 1.000000000000000000 ),
 .UNSPECIFIED. ) ;
#3973 = AXIS2_PLACEMENT_3D ( 'NONE', #1145, #4156, #722 ) ;
#3974 = CARTESIAN_POINT ( 'NONE',  ( 0.2893601965928701558, 0.7399999999999999911, 0.1346772818936752825 ) ) ;
#3975 = LINE ( 'NONE', #318, #46 ) ;
#3976 = ORIENTED_EDGE ( 'NONE', *, *, #5467, .T. ) ;
#3977 = DIRECTION ( 'NONE',  ( 0.000000000000000000, 1.000000000000000000, 0.000000000000000000 ) ) ;
#3978 = CARTESIAN_POINT ( 'NONE',  ( 0.5758923760139109671, 0.7399999999999999911, 0.08569059993865810188 ) ) ;
#3979 = CARTESIAN_POINT ( 'NONE',  ( -0.5234879070067813833, 0.7599999999999998979, -0.1971862565315576910 ) ) ;
#3980 = DIRECTION ( 'NONE',  ( 0.000000000000000000, 0.000000000000000000, -1.000000000000000000 ) ) ;
#3981 = CARTESIAN_POINT ( 'NONE',  ( -0.3121524194612235736, 0.7399999999999997691, 0.1128239493525657056 ) ) ;
#3982 = AXIS2_PLACEMENT_3D ( 'NONE', #758, #2877, #5464 ) ;
#3983 = CARTESIAN_POINT ( 'NONE',  ( 0.09000311420949996810, 0.7599999999999998979, 0.1413210960091365043 ) ) ;
#3984 = VECTOR ( 'NONE', #1357, 1000.000000000000000 ) ;
#3985 = ADVANCED_FACE ( 'NONE', ( #1163 ), #3609, .F. ) ;
#3986 = CARTESIAN_POINT ( 'NONE',  ( -0.4456363514957264460, 0.7400000000000003242, -0.2266768588282016827 ) ) ;
#3987 = CARTESIAN_POINT ( 'NONE',  ( -0.1819789344527575348, 0.7399999999999999911, -0.1899645382592749510 ) ) ;
#3988 = CARTESIAN_POINT ( 'NONE',  ( -0.3986679613959111523, 0.7400000000000001021, 0.2701985584265109153 ) ) ;
#3989 = LINE ( 'NONE', #1294, #58 ) ;
#3990 = CARTESIAN_POINT ( 'NONE',  ( -0.4367913757695178756, 0.7399999999999998801, -0.06003278712894006414 ) ) ;
#3991 = VECTOR ( 'NONE', #5577, 1000.000000000000000 ) ;
#3992 = ORIENTED_EDGE ( 'NONE', *, *, #5118, .T. ) ;
#3993 = DIRECTION ( 'NONE',  ( 0.000000000000000000, -0.000000000000000000, -1.000000000000000000 ) ) ;
#3994 = CARTESIAN_POINT ( 'NONE',  ( 0.03001078054478492976, 0.7400000000000003242, -0.2079590198120002953 ) ) ;
#3995 = CARTESIAN_POINT ( 'NONE',  ( -2.045000000000000373, -0.5100000000000002309, 1.450000000000000622 ) ) ;
#3996 = CARTESIAN_POINT ( 'NONE',  ( -0.2664250283681305342, 0.7400000000000001021, 0.07920399826510139685 ) ) ;
#3997 = CARTESIAN_POINT ( 'NONE',  ( -0.1659609341636664737, 0.7599999999999998979, 0.1313162933923128772 ) ) ;
#3998 = CARTESIAN_POINT ( 'NONE',  ( 0.2560460883409886867, 0.7399999999999999911, 0.1877480659917831474 ) ) ;
#3999 = CARTESIAN_POINT ( 'NONE',  ( -0.6241452991452990373, 0.7599999999999998979, 0.1193167309153880390 ) ) ;
#4000 = CARTESIAN_POINT ( 'NONE',  ( -0.4227450528882451541, 0.7399999999999999911, 0.2746353940910841729 ) ) ;
#4001 = DIRECTION ( 'NONE',  ( -0.000000000000000000, 1.000000000000000000, 0.000000000000000000 ) ) ;
#4002 = AXIS2_PLACEMENT_3D ( 'NONE', #4617, #2472, #5488 ) ;
#4003 = CARTESIAN_POINT ( 'NONE',  ( 0.2850050013343298771, 0.7599999999999998979, 0.07479662812394283211 ) ) ;
#4004 = DIRECTION ( 'NONE',  ( -0.000000000000000000, 1.000000000000000000, -0.000000000000000000 ) ) ;
#4005 = ORIENTED_EDGE ( 'NONE', *, *, #2890, .T. ) ;
#4006 = ORIENTED_EDGE ( 'NONE', *, *, #1313, .F. ) ;
#4007 = B_SPLINE_CURVE_WITH_KNOTS ( 'NONE', 3,
 ( #1530, #2625, #4748, #1747, #5211, #4352, #878, #4768, #1326, #3096, #3953, #32, #2604, #4781, #3076 ),
 .UNSPECIFIED., .F., .F.,
 ( 4, 1, 1, 1, 1, 1, 1, 1, 1, 1, 1, 1, 4 ),
 ( 0.000000000000000000, 0.07964825118022790529, 0.1589216764181125563, 0.2396194947370318962, 0.3226094298185608888, 0.4060346366179243272, 0.4876020954923879769, 0.5696846265959311095, 0.6530361450088340014, 0.7374357177222882198, 0.8224778158555100527, 0.9097476551184072724, 1.000000000000000000 ),
 .UNSPECIFIED. ) ;
#4008 = EDGE_CURVE ( 'NONE', #1786, #1202, #1489, .T. ) ;
#4009 = ADVANCED_FACE ( 'NONE', ( #2501 ), #2160, .T. ) ;
#4010 = CARTESIAN_POINT ( 'NONE',  ( 0.5290831896415274516, 0.7399999999999998801, 0.06408980409464209993 ) ) ;
#4011 = CARTESIAN_POINT ( 'NONE',  ( 0.003502508300205700240, 0.7600000000000001199, -0.2206995692730533143 ) ) ;
#4012 = ORIENTED_EDGE ( 'NONE', *, *, #72, .T. ) ;
#4013 = ORIENTED_EDGE ( 'NONE', *, *, #3548, .F. ) ;
#4014 = CARTESIAN_POINT ( 'NONE',  ( 0.1153311965811966433, 0.7400000000000001021, -0.1434645524713640541 ) ) ;
#4015 = AXIS2_PLACEMENT_3D ( 'NONE', #5066, #2462, #247 ) ;
#4016 = CARTESIAN_POINT ( 'NONE',  ( 0.5692918062988809869, 0.7399999999999998801, 0.1430916373995993751 ) ) ;
#4017 = CARTESIAN_POINT ( 'NONE',  ( -0.2645833333333332260, 0.7599999999999998979, 0.1045823225286358904 ) ) ;
#4018 = VECTOR ( 'NONE', #1833, 1000.000000000000000 ) ;
#4019 = DIRECTION ( 'NONE',  ( 0.000000000000000000, 0.000000000000000000, -1.000000000000000000 ) ) ;
#4020 = VERTEX_POINT ( 'NONE', #2184 ) ;
#4021 = CARTESIAN_POINT ( 'NONE',  ( -0.3749999999999994449, -1.346972987469857941, 2.020000000000000018 ) ) ;
#4022 = CARTESIAN_POINT ( 'NONE',  ( 0.4071549783587530280, 0.7399999999999997691, 0.2752344066677295253 ) ) ;
#4024 = CARTESIAN_POINT ( 'NONE',  ( -0.1676312819927083531, 0.7399999999999998801, -0.2151974692192348548 ) ) ;
#4023 = CIRCLE ( 'NONE', #3098, 0.7500000000000001110 ) ;
#4025 = AXIS2_PLACEMENT_3D ( 'NONE', #1615, #4155, #4579 ) ;
#4026 = VERTEX_POINT ( 'NONE', #843 ) ;
#4027 = CARTESIAN_POINT ( 'NONE',  ( 0.09474726546223131984, 0.7399999999999998801, 0.1042099250111353792 ) ) ;
#4028 = CARTESIAN_POINT ( 'NONE',  ( -0.4468023838141024773, 0.7599999999999998979, 0.2210795514282085372 ) ) ;
#4029 = EDGE_CURVE ( 'NONE', #3699, #2120, #2517, .T. ) ;
#4030 = CARTESIAN_POINT ( 'NONE',  ( 0.03328643358561524102, 0.7599999999999996758, -0.08326446271351721495 ) ) ;
#4031 = PLANE ( 'NONE',  #5354 ) ;
#4032 = VERTEX_POINT ( 'NONE', #3097 ) ;
#4033 = CARTESIAN_POINT ( 'NONE',  ( 0.4122454260149571170, 0.7399999999999999911, 0.2753530557017128122 ) ) ;
#4034 = CARTESIAN_POINT ( 'NONE',  ( 0.06372040064355821709, 0.7400000000000007683, -0.1677561313120305431 ) ) ;
#4035 = AXIS2_PLACEMENT_3D ( 'NONE', #3370, #3774, #1205 ) ;
#4036 = CARTESIAN_POINT ( 'NONE',  ( -0.2885751537736163108, 0.7399999999999997691, 0.02095896632405153462 ) ) ;
#4037 = ORIENTED_EDGE ( 'NONE', *, *, #4008, .F. ) ;
#4038 = CARTESIAN_POINT ( 'NONE',  ( 0.09497863247863254366, 0.7399999999999999911, 0.1091404488641059822 ) ) ;
#4039 = CARTESIAN_POINT ( 'NONE',  ( 0.5291666666666664520, 0.7599999999999998979, 0.04967280062692649989 ) ) ;
#4040 = CARTESIAN_POINT ( 'NONE',  ( -0.1281575520833332926, 0.7600000000000000089, 0.1924587581589778107 ) ) ;
#4041 = VERTEX_POINT ( 'NONE', #33 ) ;
#4042 = CARTESIAN_POINT ( 'NONE',  ( 0.2508884907180672919, 0.7599999999999996758, 0.1760129158113051262 ) ) ;
#4043 = FACE_BOUND ( 'NONE', #2739, .T. ) ;
#4044 = EDGE_CURVE ( 'NONE', #1050, #2390, #1423, .T. ) ;
#4045 = CARTESIAN_POINT ( 'NONE',  ( -0.03975110176282044966, 0.7599999999999998979, 0.2210795514282085372 ) ) ;
#4046 = CARTESIAN_POINT ( 'NONE',  ( -1.485000000000000098, -0.4399999999999996136, 17.26000000000000156 ) ) ;
#4047 = CARTESIAN_POINT ( 'NONE',  ( 0.2864218776077366302, 0.7399999999999998801, 0.1154798787627297485 ) ) ;
#4048 = SURFACE_SIDE_STYLE ('',( #4141 ) ) ;
#4049 = VECTOR ( 'NONE', #3708, 999.9999999999998863 ) ;
#4050 = CARTESIAN_POINT ( 'NONE',  ( 1.485000000000000320, -0.4399999999999996136, 2.020000000000000906 ) ) ;
#4051 = CARTESIAN_POINT ( 'NONE',  ( 0.06047287014120024395, 0.7599999999999996758, -0.1752639192909258847 ) ) ;
#4052 = CARTESIAN_POINT ( 'NONE',  ( -0.5947451038965574366, 0.7600000000000002309, -0.1758851487156786741 ) ) ;
#4053 = LINE ( 'NONE', #2375, #2152 ) ;
#4054 = CARTESIAN_POINT ( 'NONE',  ( -0.2766848319838862147, 0.7399999999999999911, 0.04331821064083638678 ) ) ;
#4055 = CARTESIAN_POINT ( 'NONE',  ( 0.2953999212456168699, 0.7399999999999998801, 0.2370863358951088018 ) ) ;
#4056 = CARTESIAN_POINT ( 'NONE',  ( 0.07031341925815715044, 0.7399999999999996581, -0.02649600844089149490 ) ) ;
#4057 = VECTOR ( 'NONE', #3216, 1000.000000000000000 ) ;
#4058 = CARTESIAN_POINT ( 'NONE',  ( 0.09497863247863254366, 0.7399999999999999911, 0.1091404488641059822 ) ) ;
#4059 = UNCERTAINTY_MEASURE_WITH_UNIT (LENGTH_MEASURE( 1.000000000000000082E-05 ), #3666, 'distance_accuracy_value', 'NONE');
#4060 = CARTESIAN_POINT ( 'NONE',  ( -0.1251947363467924845, 0.7600000000000002309, 0.1947429943535728958 ) ) ;
#4061 = VECTOR ( 'NONE', #2217, 1000.000000000000000 ) ;
#4062 = CARTESIAN_POINT ( 'NONE',  ( -1.644999999999999574, -0.02999999999999967276, 2.479999999999999982 ) ) ;
#4063 = CARTESIAN_POINT ( 'NONE',  ( -0.06784188034188028127, 0.7599999999999998979, -0.05707215797350084080 ) ) ;
#4064 = DIRECTION ( 'NONE',  ( -9.976901651585209826E-13, -1.000000000000000000, -1.571254913807104995E-15 ) ) ;
#4065 = VECTOR ( 'NONE', #5275, 999.9999999999998863 ) ;
#4066 = EDGE_CURVE ( 'NONE', #3368, #3223, #2959, .T. ) ;
#4067 = DIRECTION ( 'NONE',  ( 0.000000000000000000, -0.000000000000000000, 1.000000000000000000 ) ) ;
#4068 = SURFACE_STYLE_USAGE ( .BOTH. , #2377 ) ;
#4069 = CARTESIAN_POINT ( 'NONE',  ( -0.2766848319838862147, 0.7600000000000000089, 0.04331821064083638678 ) ) ;
#4070 = VERTEX_POINT ( 'NONE', #863 ) ;
#4071 = ORIENTED_EDGE ( 'NONE', *, *, #1736, .T. ) ;
#4072 = CARTESIAN_POINT ( 'NONE',  ( 0.1184761282776656682, 0.7599999999999997868, 0.02095896632405153462 ) ) ;
#4073 = CARTESIAN_POINT ( 'NONE',  ( -0.5002655984730184358, 0.7400000000000001021, -0.2723765732016598662 ) ) ;
#4074 = CARTESIAN_POINT ( 'NONE',  ( -0.2149999999999999134, -0.4399999999999996136, 17.26000000000000156 ) ) ;
#4075 = CARTESIAN_POINT ( 'NONE',  ( -0.2963473954358364915, 0.7599999999999997868, -0.1780712184837815737 ) ) ;
#4076 = ORIENTED_EDGE ( 'NONE', *, *, #3378, .F. ) ;
#4077 = CARTESIAN_POINT ( 'NONE',  ( 0.2854140513966917370, 0.7399999999999997691, 0.09504463222005486711 ) ) ;
#4078 = LINE ( 'NONE', #3281, #4535 ) ;
#4079 = CARTESIAN_POINT ( 'NONE',  ( 0.09497863247863254366, 0.7599999999999998979, 0.1091404488641059822 ) ) ;
#4080 = ORIENTED_EDGE ( 'NONE', *, *, #1216, .T. ) ;
#4081 = EDGE_CURVE ( 'NONE', #2247, #5429, #260, .T. ) ;
#4082 = ORIENTED_EDGE ( 'NONE', *, *, #1259, .T. ) ;
#4083 = CARTESIAN_POINT ( 'NONE',  ( -0.6037927350427348960, 0.7599999999999998979, -0.1452666024179452842 ) ) ;
#4084 = CARTESIAN_POINT ( 'NONE',  ( 0.06784188034188037841, 0.7399999999999997691, -0.1436765583474324537 ) ) ;
#4085 = DIRECTION ( 'NONE',  ( 0.000000000000000000, -1.000000000000000000, 0.000000000000000000 ) ) ;
#4086 = ORIENTED_EDGE ( 'NONE', *, *, #2182, .F. ) ;
#4087 = CARTESIAN_POINT ( 'NONE',  ( -0.1779106300883982195, 0.7400000000000001021, 0.2136092300077266359 ) ) ;
#4088 = CARTESIAN_POINT ( 'NONE',  ( -0.3393967058323593133, 0.7599999999999997868, -0.1519376743405413954 ) ) ;
#4089 = CARTESIAN_POINT ( 'NONE',  ( 0.2410538243217370813, 0.7399999999999995470, 0.1330480892162473061 ) ) ;
#4090 = CARTESIAN_POINT ( 'NONE',  ( -0.5661066287641617345, 0.7399999999999999911, -0.2263355392281070633 ) ) ;
#4091 = ORIENTED_EDGE ( 'NONE', *, *, #285, .F. ) ;
#4092 = CARTESIAN_POINT ( 'NONE',  ( 0.2560460883409886867, 0.7600000000000001199, 0.1877480659917831474 ) ) ;
#4093 = CARTESIAN_POINT ( 'NONE',  ( 0.01506079531274455777, 0.7599999999999995648, 0.2129244342223080289 ) ) ;
#4094 = ORIENTED_EDGE ( 'NONE', *, *, #5340, .T. ) ;
#4095 = CARTESIAN_POINT ( 'NONE',  ( 0.000000000000000000, 0.7399999999999998801, 0.7500000000000001110 ) ) ;
#4096 = VERTEX_POINT ( 'NONE', #5259 ) ;
#4097 = EDGE_CURVE ( 'NONE', #2390, #5210, #2360, .T. ) ;
#4098 = CARTESIAN_POINT ( 'NONE',  ( -0.01182805724064454889, 0.7599999999999998979, -0.06367354875165437411 ) ) ;
#4099 = CARTESIAN_POINT ( 'NONE',  ( -0.1226838926000444474, 0.7600000000000000089, -0.1906196272398752167 ) ) ;
#4100 = ORIENTED_EDGE ( 'NONE', *, *, #2480, .F. ) ;
#4101 = CARTESIAN_POINT ( 'NONE',  ( -0.5890302165040395277, 0.7399999999999997691, -0.1899645382592749510 ) ) ;
#4102 = CARTESIAN_POINT ( 'NONE',  ( -0.07375391214200137380, 0.7399999999999997691, 0.2731978099680195671 ) ) ;
#4103 = CARTESIAN_POINT ( 'NONE',  ( -0.3853937413054153160, 0.7600000000000000089, -0.2129352482600751495 ) ) ;
#4104 = CARTESIAN_POINT ( 'NONE',  ( 0.2374413435405566819, 0.7399999999999997691, 0.07108942131050001445 ) ) ;
#4105 = COLOUR_RGB ( '',1.000000000000000000, 1.000000000000000000, 1.000000000000000000 ) ;
#4106 = ORIENTED_EDGE ( 'NONE', *, *, #4703, .T. ) ;
#4107 = CARTESIAN_POINT ( 'NONE',  ( -0.2149999999999999134, -0.02999999999999967276, 2.020000000000000018 ) ) ;
#4108 = CARTESIAN_POINT ( 'NONE',  ( -0.3264023546495642969, 0.7599999999999998979, -0.05605251782456326798 ) ) ;
#4109 = VECTOR ( 'NONE', #3014, 1000.000000000000000 ) ;
#4110 = EDGE_CURVE ( 'NONE', #5122, #2536, #3404, .T. ) ;
#4111 = CARTESIAN_POINT ( 'NONE',  ( 0.3359300135643355500, 0.7599999999999997868, 0.1998439828300082599 ) ) ;
#4112 = CARTESIAN_POINT ( 'NONE',  ( 0.2870559561965811413, 0.7600000000000000089, 0.1200587514816273543 ) ) ;
#4113 = CARTESIAN_POINT ( 'NONE',  ( 0.5766559829059828557, 0.7599999999999998979, 0.05221687113974701061 ) ) ;
#4114 = CARTESIAN_POINT ( 'NONE',  ( 0.5271531077257577413, 0.7600000000000001199, 0.1104653665602181728 ) ) ;
#4115 = CYLINDRICAL_SURFACE ( 'NONE', #2796, 0.05000000000000012768 ) ;
#4116 = CARTESIAN_POINT ( 'NONE',  ( -0.4741012104175107433, 0.7600000000000000089, -0.2789053301250218886 ) ) ;
#4117 = DIRECTION ( 'NONE',  ( 0.000000000000000000, 1.000000000000000000, 0.000000000000000000 ) ) ;
#4118 = CARTESIAN_POINT ( 'NONE',  ( -0.1446622957178273494, 0.7399999999999998801, 0.2452192181820576355 ) ) ;
#4119 = LINE ( 'NONE', #5054, #465 ) ;
#4120 = CARTESIAN_POINT ( 'NONE',  ( -0.3694187167076140588, 0.7599999999999998979, -0.2020974803834064415 ) ) ;
#4121 = CARTESIAN_POINT ( 'NONE',  ( 0.2396166744478153976, 0.7399999999999999911, 0.1198720481058429821 ) ) ;
#4122 = CIRCLE ( 'NONE', #4684, 0.05000000000000012768 ) ;
#4123 = CARTESIAN_POINT ( 'NONE',  ( -0.5374493438378942223, 0.7399999999999998801, 0.1904945992837297486 ) ) ;
#4124 = VECTOR ( 'NONE', #1973, 1000.000000000000000 ) ;
#4125 = ORIENTED_EDGE ( 'NONE', *, *, #342, .F. ) ;
#4126 = CARTESIAN_POINT ( 'NONE',  ( 0.5237605168269229283, 0.7400000000000003242, 0.1318250776034222138 ) ) ;
#4127 = EDGE_CURVE ( 'NONE', #4728, #4671, #1021, .T. ) ;
#4128 = CARTESIAN_POINT ( 'NONE',  ( 0.06667468027174196232, 0.7399999999999996581, 0.1792490791078872325 ) ) ;
#4129 = VERTEX_POINT ( 'NONE', #1629 ) ;
#4130 = ORIENTED_EDGE ( 'NONE', *, *, #3823, .T. ) ;
#4131 = CARTESIAN_POINT ( 'NONE',  ( -0.1341924592637668001, 0.7600000000000001199, -0.1748164176988359075 ) ) ;
#4132 = CARTESIAN_POINT ( 'NONE',  ( 0.06784188034188037841, 0.7399999999999997691, -0.1436765583474324537 ) ) ;
#4133 = ADVANCED_FACE ( 'NONE', ( #3060 ), #613, .T. ) ;
#4134 = EDGE_CURVE ( 'NONE', #476, #5188, #2428, .T. ) ;
#4135 = CARTESIAN_POINT ( 'NONE',  ( 0.2857659220621224239, 0.7600000000000000089, 0.1031700238001398567 ) ) ;
#4136 = DIRECTION ( 'NONE',  ( 0.000000000000000000, 0.000000000000000000, -1.000000000000000000 ) ) ;
#4137 = ORIENTED_EDGE ( 'NONE', *, *, #442, .T. ) ;
#4138 = CARTESIAN_POINT ( 'NONE',  ( 0.2387686534234078617, 0.7599999999999998979, 0.1051536754171249477 ) ) ;
#4139 = CARTESIAN_POINT ( 'NONE',  ( -0.08937516906973091979, 0.7399999999999998801, 0.2699729163189711345 ) ) ;
#4140 = B_SPLINE_CURVE_WITH_KNOTS ( 'NONE', 3,
 ( #1858, #3671, #236, #4513, #2363, #4941, #1071, #1503, #673, #1518, #4055, #3703, #1940, #4980, #3244, #1486, #4960, #1972, #167 ),
 .UNSPECIFIED., .F., .F.,
 ( 4, 1, 1, 1, 1, 1, 1, 1, 1, 1, 1, 1, 1, 1, 1, 1, 4 ),
 ( 0.000000000000000000, 0.07117450374563444315, 0.1396441217506234345, 0.2063172239119630824, 0.2713732401918831361, 0.3354180839163127259, 0.3980763446528611804, 0.4606079146322840656, 0.5229695111172334432, 0.5847157240924587551, 0.6448949403163618532, 0.7042905608207902235, 0.7629981899193222228, 0.8210874309038770358, 0.8801038914767006505, 0.9393884881896686911, 1.000000000000000000 ),
 .UNSPECIFIED. ) ;
#4141 = SURFACE_STYLE_FILL_AREA ( #93 ) ;
#4142 = CARTESIAN_POINT ( 'NONE',  ( -0.2653959965885096528, 0.7599999999999997868, 0.1267768611297461767 ) ) ;
#4143 = ORIENTED_EDGE ( 'NONE', *, *, #2743, .F. ) ;
#4144 = CARTESIAN_POINT ( 'NONE',  ( 0.2893601965928701558, 0.7600000000000000089, 0.1346772818936752825 ) ) ;
#4145 = CARTESIAN_POINT ( 'NONE',  ( -0.4077141001911586127, 0.7600000000000002309, 0.005015514890581721646 ) ) ;
#4147 = CARTESIAN_POINT ( 'NONE',  ( -0.1445798881090739896, 0.7600000000000000089, -0.1558226490891563842 ) ) ;
#4146 = CYLINDRICAL_SURFACE ( 'NONE', #2504, 0.05000000000000012768 ) ;
#4148 = CARTESIAN_POINT ( 'NONE',  ( -0.2149999999999999134, -0.02999999999999967276, 17.26000000000000156 ) ) ;
#4149 = CARTESIAN_POINT ( 'NONE',  ( -0.3485943346191421321, 0.7599999999999998979, -0.03798697478864199867 ) ) ;
#4150 = CARTESIAN_POINT ( 'NONE',  ( 1.595000000000000417, -0.02999999999999964501, 2.479999999999999982 ) ) ;
#4151 = VECTOR ( 'NONE', #1048, 1000.000000000000000 ) ;
#4152 = ORIENTED_EDGE ( 'NONE', *, *, #5473, .T. ) ;
#4153 = CARTESIAN_POINT ( 'NONE',  ( -1.644999999999999574, -0.4399999999999996136, 2.020000000000000018 ) ) ;
#4154 = CARTESIAN_POINT ( 'NONE',  ( 0.2870559561965811413, 0.7600000000000000089, 0.1200587514816273543 ) ) ;
#4155 = DIRECTION ( 'NONE',  ( 0.000000000000000000, 1.000000000000000000, -0.000000000000000000 ) ) ;
#4156 = DIRECTION ( 'NONE',  ( 0.000000000000000000, 1.000000000000000000, 0.000000000000000000 ) ) ;
#4157 = ORIENTED_EDGE ( 'NONE', *, *, #4819, .T. ) ;
#4158 = EDGE_LOOP ( 'NONE', ( #1199, #3133, #4483, #1243 ) ) ;
#4159 = CARTESIAN_POINT ( 'NONE',  ( 0.5714500836847038467, 0.7599999999999998979, 0.1299827022111741670 ) ) ;
#4160 = CARTESIAN_POINT ( 'NONE',  ( -1.485000000000000098, -0.4399999999999996136, 2.530000000000001137 ) ) ;
#4161 = CARTESIAN_POINT ( 'NONE',  ( -0.5539840519350988091, 0.7600000000000000089, 0.1715652971832807849 ) ) ;
#4162 = ADVANCED_FACE ( 'NONE', ( #875 ), #941, .T. ) ;
#4163 = VERTEX_POINT ( 'NONE', #221 ) ;
#4164 = CARTESIAN_POINT ( 'NONE',  ( 0.4139124061710826030, 0.7400000000000003242, 0.2209171954927711123 ) ) ;
#4165 = ORIENTED_EDGE ( 'NONE', *, *, #5164, .F. ) ;
#4166 = DIRECTION ( 'NONE',  ( 0.000000000000000000, 0.000000000000000000, -1.000000000000000000 ) ) ;
#4167 = DIRECTION ( 'NONE',  ( 0.000000000000000000, 0.000000000000000000, 1.000000000000000000 ) ) ;
#4168 = CARTESIAN_POINT ( 'NONE',  ( 0.09000311420949996810, 0.7599999999999998979, 0.1413210960091365043 ) ) ;
#4169 = B_SPLINE_SURFACE_WITH_KNOTS ( 'NONE', 3, 1, ( 
 ( #5200, #3486 ),
 ( #3053, #3944 ),
 ( #1353, #4364 ),
 ( #413, #5251 ),
 ( #4737, #870 ),
 ( #2614, #3462 ),
 ( #3913, #23 ),
 ( #4289, #1719 ),
 ( #976, #1011 ),
 ( #3166, #3546 ),
 ( #3106, #4380 ),
 ( #571, #78 ),
 ( #1817, #4862 ),
 ( #5287, #1871 ),
 ( #3618, #4014 ) ),
 .UNSPECIFIED., .F., .F., .F.,
 ( 4, 1, 1, 1, 1, 1, 1, 1, 1, 1, 1, 1, 4 ),
 ( 2, 2 ),
 ( 0.000000000000000000, 0.09025424934267656241, 0.1785397915286845161, 0.2660930338538199935, 0.3546309779571732435, 0.4418861533505626937, 0.5257469151636485760, 0.6081136336036366830, 0.6901972728278824576, 0.7708214843303351493, 0.8483261812554109271, 0.9240117400247433999, 1.000000000000000000 ),
 ( 0.000000000000000000, 1.000000000000000000 ),
 .UNSPECIFIED. ) ;
#4170 = CARTESIAN_POINT ( 'NONE',  ( -0.2918960093545820422, 0.7599999999999997868, -0.1378694775575425580 ) ) ;
#4171 = CARTESIAN_POINT ( 'NONE',  ( 0.5237605168269229283, 0.7599999999999998979, 0.1318250776034222138 ) ) ;
#4172 = CARTESIAN_POINT ( 'NONE',  ( 0.004867414466635621231, 0.7399999999999999911, -0.06925023853538182783 ) ) ;
#4173 = CARTESIAN_POINT ( 'NONE',  ( -0.1055443734270591766, 0.7400000000000001021, -0.2673539905252635962 ) ) ;
#4174 = LINE ( 'NONE', #2599, #379 ) ;
#4175 = CARTESIAN_POINT ( 'NONE',  ( -1.644999999999999574, -0.02999999999999967276, 2.530000000000000249 ) ) ;
#4176 = B_SPLINE_CURVE_WITH_KNOTS ( 'NONE', 3,
 ( #4083, #2789, #123, #3179, #1010, #1901, #160, #1920, #3663, #179, #1067, #3311, #3681, #2825, #1098, #4116, #2432, #5029, #1557 ),
 .UNSPECIFIED., .F., .F.,
 ( 4, 1, 1, 1, 1, 1, 1, 1, 1, 1, 1, 1, 1, 1, 1, 1, 4 ),
 ( 0.000000000000000000, 0.07262534608343555742, 0.1419766113262345419, 0.2089849284189387035, 0.2739568703644449377, 0.3368893473968406771, 0.3987449534945904928, 0.4601158852788617692, 0.5208249225900293267, 0.5809944586324858884, 0.6401519276014651094, 0.6986224507562546204, 0.7572710809271644417, 0.8164266940046603915, 0.8762540482034707479, 0.9371652930625373745, 1.000000000000000000 ),
 .UNSPECIFIED. ) ;
#4177 = EDGE_CURVE ( 'NONE', #4735, #3701, #4674, .T. ) ;
#4178 = CARTESIAN_POINT ( 'NONE',  ( -0.3757511754630288303, 0.7400000000000001021, 0.2633863021866139631 ) ) ;
#4179 = SURFACE_STYLE_USAGE ( .BOTH. , #5445 ) ;
#4180 = LINE ( 'NONE', #4063, #861 ) ;
#4181 = CARTESIAN_POINT ( 'NONE',  ( 0.4477713774297432670, 0.7600000000000000089, 0.2149748813682301196 ) ) ;
#4182 = EDGE_CURVE ( 'NONE', #1202, #177, #5344, .T. ) ;
#4183 = CARTESIAN_POINT ( 'NONE',  ( -0.4468023838141024773, 0.7599999999999998979, 0.2210795514282085372 ) ) ;
#4184 = LINE ( 'NONE', #4243, #805 ) ;
#4185 = CARTESIAN_POINT ( 'NONE',  ( -0.3749999999999994449, -0.02999999999999967276, 2.020000000000000018 ) ) ;
#4186 = DIRECTION ( 'NONE',  ( 0.000000000000000000, 0.000000000000000000, 1.000000000000000000 ) ) ;
#4187 = VECTOR ( 'NONE', #4798, 1000.000000000000000 ) ;
#4188 = LINE ( 'NONE', #2909, #1848 ) ;
#4189 = ORIENTED_EDGE ( 'NONE', *, *, #2917, .F. ) ;
#4190 = CARTESIAN_POINT ( 'NONE',  ( -0.1395299022757394702, 0.7600000000000001199, -0.2458581913520234696 ) ) ;
#4191 = DIRECTION ( 'NONE',  ( -0.000000000000000000, 1.000000000000000000, -0.000000000000000000 ) ) ;
#4192 = LINE ( 'NONE', #1706, #2505 ) ;
#4193 = B_SPLINE_SURFACE_WITH_KNOTS ( 'NONE', 3, 1, ( 
 ( #4745, #3039 ),
 ( #2638, #4765 ),
 ( #1781, #4801 ),
 ( #5170, #5224 ),
 ( #5190, #3512 ),
 ( #3493, #5242 ),
 ( #3930, #2565 ),
 ( #899, #2580 ),
 ( #1322, #3017 ),
 ( #4314, #1344 ),
 ( #401, #3900 ),
 ( #5584, #4349 ),
 ( #2619, #3094 ),
 ( #30, #4778 ),
 ( #422, #3470 ),
 ( #860, #3074 ),
 ( #3056, #440 ),
 ( #876, #1761 ),
 ( #2199, #3986 ) ),
 .UNSPECIFIED., .F., .F., .F.,
 ( 4, 1, 1, 1, 1, 1, 1, 1, 1, 1, 1, 1, 1, 1, 1, 1, 4 ),
 ( 2, 2 ),
 ( 0.000000000000000000, 0.05527454908752651302, 0.1099660938819835287, 0.1632474428518066456, 0.2180761854823605739, 0.2733008743735931834, 0.3309093000114346483, 0.3909945233652107333, 0.4541759534308245638, 0.5188615408488259639, 0.5833105320111676706, 0.6485166818638256059, 0.7150308870971834319, 0.7825020728543327087, 0.8523226850768554907, 0.9249284897844288755, 1.000000000000000000 ),
 ( 0.000000000000000000, 1.000000000000000000 ),
 .UNSPECIFIED. ) ;
#4194 = CARTESIAN_POINT ( 'NONE',  ( 0.5633329460030380709, 0.7400000000000003242, 0.1667960982414415094 ) ) ;
#4195 = AXIS2_PLACEMENT_3D ( 'NONE', #2755, #3163, #4894 ) ;
#4196 = CARTESIAN_POINT ( 'NONE',  ( 0.4599574326062076390, 0.7400000000000005462, 0.2103122036073126755 ) ) ;
#4197 = EDGE_CURVE ( 'NONE', #3652, #3092, #1767, .T. ) ;
#4198 = ORIENTED_EDGE ( 'NONE', *, *, #2469, .F. ) ;
#4199 = CARTESIAN_POINT ( 'NONE',  ( -0.1497843886582696515, 0.7600000000000001199, -0.2366789280546845731 ) ) ;
#4200 = CARTESIAN_POINT ( 'NONE',  ( 0.000000000000000000, 0.7399999999999998801, 0.000000000000000000 ) ) ;
#4201 = ORIENTED_EDGE ( 'NONE', *, *, #641, .F. ) ;
#4202 = ORIENTED_EDGE ( 'NONE', *, *, #3043, .T. ) ;
#4203 = CARTESIAN_POINT ( 'NONE',  ( -0.1590553467128797971, 0.7599999999999998979, -0.2263355392281071188 ) ) ;
#4204 = ORIENTED_EDGE ( 'NONE', *, *, #3482, .F. ) ;
#4205 = ORIENTED_EDGE ( 'NONE', *, *, #2792, .T. ) ;
#4206 = CARTESIAN_POINT ( 'NONE',  ( -1.485000000000000098, -0.4399999999999996136, 1.510000000000000009 ) ) ;
#4207 = B_SPLINE_CURVE_WITH_KNOTS ( 'NONE', 3,
 ( #5544, #3376, #771, #3802, #2303, #2242, #3173, #2267, #1291, #1805, #3112, #961, #5311, #2287, #4805, #3135, #4369, #2663, #3999 ),
 .UNSPECIFIED., .F., .F.,
 ( 4, 1, 1, 1, 1, 1, 1, 1, 1, 1, 1, 1, 1, 1, 1, 1, 4 ),
 ( 0.000000000000000000, 0.06554117033740350373, 0.1289631677825935907, 0.1903771361885612523, 0.2500923616690528539, 0.3085484324592011607, 0.3663979630552963718, 0.4245421892666801922, 0.4831699964229059230, 0.5422433998311203540, 0.6017393520173303090, 0.6625060022496069845, 0.7248555134488472440, 0.7891278292811814143, 0.8563463998785103559, 0.9262952349869055801, 1.000000000000000000 ),
 .UNSPECIFIED. ) ;
#4208 = CARTESIAN_POINT ( 'NONE',  ( 0.07685040377526553002, 0.7599999999999995648, 0.05278139822689850713 ) ) ;
#4209 = CARTESIAN_POINT ( 'NONE',  ( 0.5765425822224061747, 0.7400000000000006573, 0.06921819208621590724 ) ) ;
#4210 = VECTOR ( 'NONE', #2952, 1000.000000000000000 ) ;
#4211 = CARTESIAN_POINT ( 'NONE',  ( -0.3215355803518414879, 0.7400000000000002132, -0.01593448319721313747 ) ) ;
#4212 = VERTEX_POINT ( 'NONE', #3129 ) ;
#4213 = EDGE_CURVE ( 'NONE', #823, #3414, #4385, .T. ) ;
#4214 = ORIENTED_EDGE ( 'NONE', *, *, #403, .F. ) ;
#4215 = CARTESIAN_POINT ( 'NONE',  ( 0.5285010903242564062, 0.7399999999999999911, 0.08992571924155740026 ) ) ;
#4216 = ADVANCED_FACE ( 'NONE', ( #1085 ), #2656, .F. ) ;
#4217 = FACE_OUTER_BOUND ( 'NONE', #2977, .T. ) ;
#4218 = DIRECTION ( 'NONE',  ( 0.000000000000000000, 0.000000000000000000, 1.000000000000000000 ) ) ;
#4219 = PLANE ( 'NONE',  #2132 ) ;
#4220 = CARTESIAN_POINT ( 'NONE',  ( -0.3869667406851947655, 0.7599999999999997868, -0.07572728341768476812 ) ) ;
#4221 = CARTESIAN_POINT ( 'NONE',  ( 2.044999999999999485, -0.03000000000000235464, 1.510000000000000009 ) ) ;
#4222 = CARTESIAN_POINT ( 'NONE',  ( -0.06528965429155668410, 0.7599999999999997868, 0.2194194815969774948 ) ) ;
#4223 = ORIENTED_EDGE ( 'NONE', *, *, #4097, .F. ) ;
#4224 = CARTESIAN_POINT ( 'NONE',  ( -0.1751165341197516989, 0.7599999999999998979, -0.2029814446394118954 ) ) ;
#4225 = ORIENTED_EDGE ( 'NONE', *, *, #601, .T. ) ;
#4226 = AXIS2_PLACEMENT_3D ( 'NONE', #2524, #5162, #452 ) ;
#4227 = ORIENTED_EDGE ( 'NONE', *, *, #3727, .T. ) ;
#4228 = CARTESIAN_POINT ( 'NONE',  ( 0.8950000000000005729, -0.4399999999999996136, 2.530000000000000249 ) ) ;
#4229 = LINE ( 'NONE', #4079, #447 ) ;
#4230 = CARTESIAN_POINT ( 'NONE',  ( -0.3678452023445140107, 0.7399999999999999911, -0.2623658934414239696 ) ) ;
#4231 = DIRECTION ( 'NONE',  ( 0.000000000000000000, 1.000000000000000000, 0.000000000000000000 ) ) ;
#4232 = CARTESIAN_POINT ( 'NONE',  ( -0.5082237902568489396, 0.7399999999999998801, -0.2098609805413381990 ) ) ;
#4233 = CARTESIAN_POINT ( 'NONE',  ( 0.5766559829059828557, 0.7599999999999998979, 0.05221687113974701061 ) ) ;
#4234 = CARTESIAN_POINT ( 'NONE',  ( -0.3000825103245934877, 0.7399999999999997691, -0.09587183971325452525 ) ) ;
#4235 = VECTOR ( 'NONE', #96, 1000.000000000000000 ) ;
#4236 = ORIENTED_EDGE ( 'NONE', *, *, #1968, .F. ) ;
#4237 = CARTESIAN_POINT ( 'NONE',  ( -0.4803959735009992738, 0.7399999999999998801, -0.2224568258645562846 ) ) ;
#4238 = DIRECTION ( 'NONE',  ( -1.000000000000000000, -0.000000000000000000, -0.000000000000000000 ) ) ;
#4239 = CARTESIAN_POINT ( 'NONE',  ( -0.5374493438378942223, 0.7599999999999998979, 0.1904945992837297486 ) ) ;
#4240 = EDGE_CURVE ( 'NONE', #1870, #3955, #3265, .T. ) ;
#4241 = LINE ( 'NONE', #305, #4049 ) ;
#4242 = ORIENTED_EDGE ( 'NONE', *, *, #4388, .T. ) ;
#4243 = CARTESIAN_POINT ( 'NONE',  ( 1.055000000000000160, -0.4399999999999996136, 17.26000000000000156 ) ) ;
#4244 = CARTESIAN_POINT ( 'NONE',  ( 0.2374465811965811302, 0.7600000000000000089, 0.05221687113974701755 ) ) ;
#4245 = CARTESIAN_POINT ( 'NONE',  ( -0.4418503661517947378, 0.7599999999999997868, 0.2209864324206061437 ) ) ;
#4246 = FACE_OUTER_BOUND ( 'NONE', #4599, .T. ) ;
#4247 = EDGE_CURVE ( 'NONE', #1532, #812, #3366, .T. ) ;
#4248 = CARTESIAN_POINT ( 'NONE',  ( 0.4994018780127983392, 0.7599999999999997868, 0.2506845956993238866 ) ) ;
#4249 = CARTESIAN_POINT ( 'NONE',  ( -0.2645833333333332260, 0.7599999999999998979, 0.1045823225286358904 ) ) ;
#4250 =( GEOMETRIC_REPRESENTATION_CONTEXT ( 3 ) GLOBAL_UNCERTAINTY_ASSIGNED_CONTEXT ( ( #2214 ) ) GLOBAL_UNIT_ASSIGNED_CONTEXT ( ( #5330, #3632, #2769 ) ) REPRESENTATION_CONTEXT ( 'NONE', 'WORKASPACE' ) );
#4251 = CARTESIAN_POINT ( 'NONE',  ( -0.5234879070067813833, 0.7599999999999998979, -0.1971862565315576910 ) ) ;
#4252 = CARTESIAN_POINT ( 'NONE',  ( 0.1151552726966999368, 0.7399999999999998801, -0.1378694775575425580 ) ) ;
#4253 = CARTESIAN_POINT ( 'NONE',  ( -1.644999999999999574, -1.346972987469857941, 2.070000000000000284 ) ) ;
#4254 = DIRECTION ( 'NONE',  ( -1.000000000000000000, 0.000000000000000000, -0.000000000000000000 ) ) ;
#4255 = DIRECTION ( 'NONE',  ( 0.000000000000000000, 0.7071067811865487940, -0.7071067811865463515 ) ) ;
#4256 = DIRECTION ( 'NONE',  ( 0.000000000000000000, 0.000000000000000000, 1.000000000000000000 ) ) ;
#4257 = CARTESIAN_POINT ( 'NONE',  ( 0.4820455185070942616, 0.7599999999999998979, 0.1970348932715180745 ) ) ;
#4258 = CARTESIAN_POINT ( 'NONE',  ( 0.1424679487179487669, 0.7399999999999999911, 0.1045823225286358904 ) ) ;
#4259 = PLANE ( 'NONE',  #5515 ) ;
#4260 = CARTESIAN_POINT ( 'NONE',  ( -0.4683464385283143683, 0.7599999999999998979, -0.05718325329802085438 ) ) ;
#4261 = CARTESIAN_POINT ( 'NONE',  ( 0.4994018780127983392, 0.7400000000000004352, 0.2506845956993238866 ) ) ;
#4262 = VERTEX_POINT ( 'NONE', #3914 ) ;
#4263 = ORIENTED_EDGE ( 'NONE', *, *, #4454, .F. ) ;
#4264 = CARTESIAN_POINT ( 'NONE',  ( -0.3986679613959111523, 0.7600000000000001199, 0.2701985584265109153 ) ) ;
#4265 = CARTESIAN_POINT ( 'NONE',  ( 0.5271531077257577413, 0.7400000000000001021, 0.1104653665602181728 ) ) ;
#4266 = STYLED_ITEM ( 'NONE', ( #2849 ), #709 ) ;
#4267 = CARTESIAN_POINT ( 'NONE',  ( -0.5352088341346153966, 0.7600000000000000089, 0.1924587581589778107 ) ) ;
#4268 = CARTESIAN_POINT ( 'NONE',  ( -0.4393655735959141051, 0.7600000000000000089, -0.2807418366241949403 ) ) ;
#4269 = ORIENTED_EDGE ( 'NONE', *, *, #2333, .F. ) ;
#4270 = EDGE_LOOP ( 'NONE', ( #153, #3306, #3584, #2379 ) ) ;
#4271 = CARTESIAN_POINT ( 'NONE',  ( -0.5082237902568489396, 0.7399999999999999911, -0.2098609805413381990 ) ) ;
#4272 = B_SPLINE_SURFACE_WITH_KNOTS ( 'NONE', 3, 1, ( 
 ( #5565, #4297 ),
 ( #5377, #1622 ),
 ( #5072, #4803 ),
 ( #2121, #3489 ),
 ( #4822, #955 ),
 ( #61, #2213 ),
 ( #1822, #3070 ),
 ( #4763, #1341 ),
 ( #3510, #4774 ),
 ( #895, #2237 ),
 ( #2177, #2616 ),
 ( #1758, #1392 ),
 ( #4345, #471 ),
 ( #914, #1777 ),
 ( #2197, #3946 ),
 ( #3130, #5238 ),
 ( #2598, #2635 ),
 ( #5254, #3981 ),
 ( #44, #4402 ) ),
 .UNSPECIFIED., .F., .F., .F.,
 ( 4, 1, 1, 1, 1, 1, 1, 1, 1, 1, 1, 1, 1, 1, 1, 1, 4 ),
 ( 2, 2 ),
 ( 0.000000000000000000, 0.07607173695556482262, 0.1487517145745115843, 0.2184027938458450724, 0.2857595810623857480, 0.3505980236748785783, 0.4149640445981283010, 0.4780693385717816879, 0.5417606760069072491, 0.6043498585387178101, 0.6640750210708964429, 0.7214636230801987349, 0.7775871282364448245, 0.8326444469271313542, 0.8878435110684598230, 0.9434603426519471148, 1.000000000000000000 ),
 ( 0.000000000000000000, 1.000000000000000000 ),
 .UNSPECIFIED. ) ;
#4273 = PLANE ( 'NONE',  #3780 ) ;
#4274 = DIRECTION ( 'NONE',  ( 0.000000000000000000, 0.000000000000000000, -1.000000000000000000 ) ) ;
#4275 = CARTESIAN_POINT ( 'NONE',  ( -0.05329711346794251126, 0.7600000000000000089, -0.2806880342979197196 ) ) ;
#4276 = DIRECTION ( 'NONE',  ( 0.000000000000000000, 3.606251145394840707E-14, -1.000000000000000000 ) ) ;
#4277 = EDGE_LOOP ( 'NONE', ( #2831, #2235, #2534, #2749 ) ) ;
#4278 = ORIENTED_EDGE ( 'NONE', *, *, #5065, .F. ) ;
#4279 = EDGE_CURVE ( 'NONE', #1282, #1073, #1599, .T. ) ;
#4280 = DIRECTION ( 'NONE',  ( 0.000000000000000000, -1.000000000000000000, 0.000000000000000000 ) ) ;
#4281 = CARTESIAN_POINT ( 'NONE',  ( -0.03975110176282044966, 0.7399999999999999911, 0.2210795514282085372 ) ) ;
#4282 = CYLINDRICAL_SURFACE ( 'NONE', #4226, 0.05000000000000012768 ) ;
#4283 = CARTESIAN_POINT ( 'NONE',  ( -0.3800569457461775436, 0.7599999999999998979, 0.2082706626329827171 ) ) ;
#4284 = VERTEX_POINT ( 'NONE', #2176 ) ;
#4285 = ORIENTED_EDGE ( 'NONE', *, *, #2047, .T. ) ;
#4286 = ADVANCED_FACE ( 'NONE', ( #4759 ), #3069, .T. ) ;
#4287 = COLOUR_RGB ( '',0.2509803921568627416, 0.2509803921568627416, 0.2509803921568627416 ) ;
#4288 = ORIENTED_EDGE ( 'NONE', *, *, #4177, .F. ) ;
#4289 = CARTESIAN_POINT ( 'NONE',  ( 0.07155398048844559267, 0.7599999999999998979, -0.2401179049209233862 ) ) ;
#4290 = VERTEX_POINT ( 'NONE', #60 ) ;
#4291 = VERTEX_POINT ( 'NONE', #2236 ) ;
#4292 = CARTESIAN_POINT ( 'NONE',  ( 0.1153311965811966433, 0.7599999999999998979, -0.1434645524713640541 ) ) ;
#4293 = CARTESIAN_POINT ( 'NONE',  ( 0.05272638672813550337, 0.7399999999999997691, 0.2535713306169012360 ) ) ;
#4294 = CARTESIAN_POINT ( 'NONE',  ( -0.3649336946003755022, 0.7399999999999998801, 0.02068101806545180957 ) ) ;
#4295 = CARTESIAN_POINT ( 'NONE',  ( -0.3123106572547399429, 0.7400000000000001021, 0.1201308291806494205 ) ) ;
#4296 = CARTESIAN_POINT ( 'NONE',  ( -0.3627631488182972985, 0.7599999999999998979, -0.09164264504010297130 ) ) ;
#4297 = CARTESIAN_POINT ( 'NONE',  ( -0.4468023838141024773, 0.7399999999999997691, 0.2210795514282085372 ) ) ;
#4298 = ORIENTED_EDGE ( 'NONE', *, *, #926, .T. ) ;
#4299 = ORIENTED_EDGE ( 'NONE', *, *, #2190, .T. ) ;
#4300 = DIRECTION ( 'NONE',  ( -1.259069210600627561E-15, -1.000000000000000000, -3.606251145394840707E-14 ) ) ;
#4301 = CARTESIAN_POINT ( 'NONE',  ( 0.1107038866154453904, 0.7599999999999997868, -0.1780712184837815737 ) ) ;
#4302 = CARTESIAN_POINT ( 'NONE',  ( -0.4748931623931622603, 0.7599999999999998979, -0.05707215797350084080 ) ) ;
#4303 = CARTESIAN_POINT ( 'NONE',  ( 0.5432013521325206318, 0.7399999999999997691, 0.2079073040115761717 ) ) ;
#4304 = FACE_OUTER_BOUND ( 'NONE', #3747, .T. ) ;
#4305 = MECHANICAL_DESIGN_GEOMETRIC_PRESENTATION_REPRESENTATION (  '', ( #1859 ), #1829 ) ;
#4306 = CARTESIAN_POINT ( 'NONE',  ( 0.4526802325772174007, 0.7400000000000006573, 0.2709761586097823582 ) ) ;
#4307 = VECTOR ( 'NONE', #4652, 1000.000000000000000 ) ;
#4308 = ORIENTED_EDGE ( 'NONE', *, *, #1635, .T. ) ;
#4309 = CARTESIAN_POINT ( 'NONE',  ( -0.4723409363428386909, 0.7399999999999997691, 0.2194194815969775225 ) ) ;
#4310 = DIRECTION ( 'NONE',  ( -1.000000000000000000, 0.000000000000000000, 0.000000000000000000 ) ) ;
#4311 = CARTESIAN_POINT ( 'NONE',  ( 0.1406262536831515697, 0.7400000000000001021, 0.07920399826510139685 ) ) ;
#4312 = VECTOR ( 'NONE', #5386, 1000.000000000000000 ) ;
#4313 = ADVANCED_FACE ( 'NONE', ( #5249 ), #990, .T. ) ;
#4314 = CARTESIAN_POINT ( 'NONE',  ( -0.3694187167076140588, 0.7599999999999998979, -0.2020974803834064415 ) ) ;
#4315 = CARTESIAN_POINT ( 'NONE',  ( 0.8950000000000005729, -0.4399999999999996136, 2.070000000000000284 ) ) ;
#4316 = CARTESIAN_POINT ( 'NONE',  ( -0.2149999999999999134, -0.4399999999999996136, 17.26000000000000156 ) ) ;
#4317 = CARTESIAN_POINT ( 'NONE',  ( 1.485000000000000320, -0.4399999999999996136, 17.26000000000000156 ) ) ;
#4318 = CARTESIAN_POINT ( 'NONE',  ( 1.485000000000000320, -0.4399999999999996136, 1.510000000000000009 ) ) ;
#4319 = CARTESIAN_POINT ( 'NONE',  ( -0.3121524194612235736, 0.7599999999999998979, 0.1128239493525657056 ) ) ;
#4320 = EDGE_CURVE ( 'NONE', #4545, #3075, #5439, .T. ) ;
#4321 = FACE_OUTER_BOUND ( 'NONE', #510, .T. ) ;
#4322 = ORIENTED_EDGE ( 'NONE', *, *, #2963, .F. ) ;
#4323 = CARTESIAN_POINT ( 'NONE',  ( -0.3649336946003755022, 0.7599999999999998979, 0.02068101806545180957 ) ) ;
#4324 = CARTESIAN_POINT ( 'NONE',  ( -0.0006628181398763843693, 0.7599999999999997868, 0.005015514890581725116 ) ) ;
#4325 = VECTOR ( 'NONE', #5432, 1000.000000000000000 ) ;
#4326 = CARTESIAN_POINT ( 'NONE',  ( -0.2082122768698587423, 0.7599999999999997868, 0.1551870807173011402 ) ) ;
#4327 = SURFACE_STYLE_FILL_AREA ( #1054 ) ;
#4328 = CARTESIAN_POINT ( 'NONE',  ( 0.4994018780127983392, 0.7599999999999997868, 0.2506845956993238866 ) ) ;
#4329 = CARTESIAN_POINT ( 'NONE',  ( -0.4468023838141024773, 0.7399999999999999911, 0.2210795514282085372 ) ) ;
#4330 =( NAMED_UNIT ( * ) PLANE_ANGLE_UNIT ( ) SI_UNIT ( $, .RADIAN. ) );
#4331 = ORIENTED_EDGE ( 'NONE', *, *, #4606, .F. ) ;
#4332 = ORIENTED_EDGE ( 'NONE', *, *, #882, .T. ) ;
#4333 = DIRECTION ( 'NONE',  ( 1.000000000000000000, 0.000000000000000000, 0.000000000000000000 ) ) ;
#4334 = PLANE ( 'NONE',  #3235 ) ;
#4335 = ORIENTED_EDGE ( 'NONE', *, *, #3657, .T. ) ;
#4336 = ORIENTED_EDGE ( 'NONE', *, *, #4240, .F. ) ;
#4337 = DIRECTION ( 'NONE',  ( 0.000000000000000000, 0.000000000000000000, 1.000000000000000000 ) ) ;
#4338 = CARTESIAN_POINT ( 'NONE',  ( -0.4190936553189986702, 0.7599999999999997868, 0.002791159552915370694 ) ) ;
#4339 = VECTOR ( 'NONE', #2061, 1000.000000000000000 ) ;
#4340 = MECHANICAL_DESIGN_GEOMETRIC_PRESENTATION_REPRESENTATION (  '', ( #1753 ), #390 ) ;
#4341 = CARTESIAN_POINT ( 'NONE',  ( 0.2870559561965811413, 0.7399999999999999911, 0.1200587514816273543 ) ) ;
#4342 = PRESENTATION_LAYER_ASSIGNMENT (  '', '', ( #3284 ) ) ;
#4343 = CARTESIAN_POINT ( 'NONE',  ( -0.5352088341346153966, 0.7399999999999998801, 0.1924587581589778107 ) ) ;
#4344 = VECTOR ( 'NONE', #2729, 1000.000000000000000 ) ;
#4345 = CARTESIAN_POINT ( 'NONE',  ( -0.3263515420300836523, 0.7599999999999998979, 0.1610504477046010297 ) ) ;
#4346 = PLANE ( 'NONE',  #1 ) ;
#4347 = ORIENTED_EDGE ( 'NONE', *, *, #395, .T. ) ;
#4348 = VERTEX_POINT ( 'NONE', #1410 ) ;
#4349 = CARTESIAN_POINT ( 'NONE',  ( -0.3853937413054153160, 0.7400000000000004352, -0.2129352482600751495 ) ) ;
#4350 = CARTESIAN_POINT ( 'NONE',  ( 0.1150796773317892679, 0.7399999999999998801, -0.1492786175056393660 ) ) ;
#4351 = DIRECTION ( 'NONE',  ( 1.000000000000000000, -0.000000000000000000, 0.000000000000000000 ) ) ;
#4352 = CARTESIAN_POINT ( 'NONE',  ( 0.1186631070424207651, 0.7599999999999997868, 0.1903940432972665575 ) ) ;
#4353 = ORIENTED_EDGE ( 'NONE', *, *, #2871, .T. ) ;
#4354 = EDGE_CURVE ( 'NONE', #5182, #4403, #2131, .T. ) ;
#4355 = CARTESIAN_POINT ( 'NONE',  ( -0.6241452991452990373, 0.7399999999999998801, 0.1193167309153880390 ) ) ;
#4356 = CARTESIAN_POINT ( 'NONE',  ( 0.1247105482615666200, 0.7399999999999997691, 0.03207697357080436379 ) ) ;
#4357 = DIRECTION ( 'NONE',  ( -0.000000000000000000, 1.000000000000000000, -0.000000000000000000 ) ) ;
#4358 = B_SPLINE_CURVE_WITH_KNOTS ( 'NONE', 3,
 ( #1917, #174, #4892, #121, #4098, #5368, #1933, #4030, #645, #3232, #2356, #621, #3661, #566, #1066 ),
 .UNSPECIFIED., .F., .F.,
 ( 4, 1, 1, 1, 1, 1, 1, 1, 1, 1, 1, 1, 4 ),
 ( 0.000000000000000000, 0.1101655532114437924, 0.2157872561749717699, 0.3180274349094167619, 0.4175739541655082987, 0.5116504876474462504, 0.5961620971027621341, 0.6729345334849963223, 0.7436695573498567358, 0.8106770010653612246, 0.8740589623137362540, 0.9366963019193726980, 1.000000000000000000 ),
 .UNSPECIFIED. ) ;
#4359 = CARTESIAN_POINT ( 'NONE',  ( -0.3220861057330099975, 0.7600000000000000089, 0.06595852362852007433 ) ) ;
#4360 = DIRECTION ( 'NONE',  ( 0.000000000000000000, 1.000000000000000000, 0.000000000000000000 ) ) ;
#4361 = AXIS2_PLACEMENT_3D ( 'NONE', #1849, #4357, #991 ) ;
#4362 = CARTESIAN_POINT ( 'NONE',  ( 0.06784188034188037841, 0.7599999999999998979, -0.1436765583474324537 ) ) ;
#4363 = EDGE_CURVE ( 'NONE', #960, #1601, #3957, .T. ) ;
#4364 = CARTESIAN_POINT ( 'NONE',  ( -0.01865135774722670101, 0.7400000000000001021, -0.2803293322369314611 ) ) ;
#4365 = CARTESIAN_POINT ( 'NONE',  ( -0.1318972999118119827, 0.7399999999999998801, 0.2532794095637032061 ) ) ;
#4366 = DIRECTION ( 'NONE',  ( 0.7071067811865464625, -0.7071067811865486830, 0.000000000000000000 ) ) ;
#4367 = CARTESIAN_POINT ( 'NONE',  ( -0.4045956790869197905, 0.7399999999999998801, 0.2166910399578946267 ) ) ;
#4368 = ADVANCED_FACE ( 'NONE', ( #4217 ), #3503, .T. ) ;
#4369 = CARTESIAN_POINT ( 'NONE',  ( -0.6204774484649608901, 0.7600000000000000089, 0.1377269964403936287 ) ) ;
#4370 = CARTESIAN_POINT ( 'NONE',  ( -0.2961722088675212694, 0.7399999999999997691, 0.01055771649231113454 ) ) ;
#4371 = LINE ( 'NONE', #1280, #2077 ) ;
#4372 = CARTESIAN_POINT ( 'NONE',  ( 0.2150000000000001354, -0.4399999999999996136, 2.530000000000001137 ) ) ;
#4373 = DIRECTION ( 'NONE',  ( -0.000000000000000000, -1.000000000000000000, -0.000000000000000000 ) ) ;
#4374 = CARTESIAN_POINT ( 'NONE',  ( 0.05353148370726502209, 0.7399999999999999911, -0.03459953511025299494 ) ) ;
#4375 = FACE_OUTER_BOUND ( 'NONE', #1254, .T. ) ;
#4376 = ORIENTED_EDGE ( 'NONE', *, *, #1772, .F. ) ;
#4377 = CARTESIAN_POINT ( 'NONE',  ( 0.5291666666666664520, 0.7599999999999998979, 0.04967280062692649989 ) ) ;
#4378 = DIRECTION ( 'NONE',  ( -0.000000000000000000, -1.000000000000000000, -0.000000000000000000 ) ) ;
#4379 = SURFACE_SIDE_STYLE ('',( #2783 ) ) ;
#4380 = CARTESIAN_POINT ( 'NONE',  ( 0.1043408277679174351, 0.7399999999999999911, -0.1948231470048591152 ) ) ;
#4381 = LINE ( 'NONE', #4050, #5398 ) ;
#4382 = PLANE ( 'NONE',  #3687 ) ;
#4383 = CARTESIAN_POINT ( 'NONE',  ( 0.5360634407091497966, 0.7599999999999997868, 0.2172790804978487755 ) ) ;
#4384 = CARTESIAN_POINT ( 'NONE',  ( -0.03479908410051277962, 0.7599999999999996758, 0.2209864324206061159 ) ) ;
#4385 = CIRCLE ( 'NONE', #4916, 0.7500000000000001110 ) ;
#4386 = CARTESIAN_POINT ( 'NONE',  ( 0.2620529182245664446, 0.7399999999999998801, 0.1988604510581646612 ) ) ;
#4387 = COLOUR_RGB ( '',1.000000000000000000, 1.000000000000000000, 1.000000000000000000 ) ;
#4388 = EDGE_CURVE ( 'NONE', #425, #1716, #5139, .T. ) ;
#4389 = DIRECTION ( 'NONE',  ( -1.000000000000000000, 0.000000000000000000, 0.000000000000000000 ) ) ;
#4390 = CARTESIAN_POINT ( 'NONE',  ( -0.3000390773949171974, 0.7399999999999999911, 0.005776318033700902216 ) ) ;
#4391 = CARTESIAN_POINT ( 'NONE',  ( -1.644999999999999574, -1.346972987469857941, 2.479999999999999982 ) ) ;
#4392 = VECTOR ( 'NONE', #1551, 1000.000000000000000 ) ;
#4393 = CARTESIAN_POINT ( 'NONE',  ( 0.02986815487088513577, 0.7400000000000001021, 0.01446880453850871509 ) ) ;
#4394 = FACE_BOUND ( 'NONE', #889, .T. ) ;
#4395 = VERTEX_POINT ( 'NONE', #4017 ) ;
#4396 = CARTESIAN_POINT ( 'NONE',  ( 0.1406262536831515697, 0.7400000000000001021, 0.07920399826510139685 ) ) ;
#4397 = CARTESIAN_POINT ( 'NONE',  ( 0.2849358974358973673, 0.7599999999999998979, 0.04967280062692649989 ) ) ;
#4398 = B_SPLINE_CURVE_WITH_KNOTS ( 'NONE', 3,
 ( #193, #1964, #206, #5412, #1140, #2840, #5173, #4257, #5150, #3020, #3901, #2426, #2876, #1161, #4171 ),
 .UNSPECIFIED., .F., .F.,
 ( 4, 1, 1, 1, 1, 1, 1, 1, 1, 1, 1, 1, 4 ),
 ( 0.000000000000000000, 0.08289064755686828545, 0.1653025405594706065, 0.2477618761145893023, 0.3315277110598006116, 0.4152798127751559654, 0.4963662304840512074, 0.5771513480211470926, 0.6577825401388812665, 0.7393216419943464679, 0.8237930816663168176, 0.9094759533791149098, 1.000000000000000000 ),
 .UNSPECIFIED. ) ;
#4399 = ADVANCED_FACE ( 'NONE', ( #2948 ), #2547, .F. ) ;
#4400 = CARTESIAN_POINT ( 'NONE',  ( 0.5766559829059828557, 0.7399999999999998801, 0.05221687113974701061 ) ) ;
#4401 = CARTESIAN_POINT ( 'NONE',  ( 0.5633329460030380709, 0.7599999999999996758, 0.1667960982414415094 ) ) ;
#4402 = CARTESIAN_POINT ( 'NONE',  ( -0.3120726495726494631, 0.7399999999999997691, 0.1091404488641059822 ) ) ;
#4403 = VERTEX_POINT ( 'NONE', #4725 ) ;
#4404 = ORIENTED_EDGE ( 'NONE', *, *, #1625, .T. ) ;
#4405 = CARTESIAN_POINT ( 'NONE',  ( -0.02974009371823580633, 0.7600000000000001199, -0.06003278712894006414 ) ) ;
#4406 = CARTESIAN_POINT ( 'NONE',  ( 0.09279759810503267203, 0.7599999999999995648, 0.1308800587138785054 ) ) ;
#4407 = DIRECTION ( 'NONE',  ( 0.000000000000000000, 0.000000000000000000, -1.000000000000000000 ) ) ;
#4408 = FACE_OUTER_BOUND ( 'NONE', #2106, .T. ) ;
#4409 = CARTESIAN_POINT ( 'NONE',  ( -0.08034404998735029946, 0.7399999999999998801, -0.2761601940416540946 ) ) ;
#4410 = EDGE_LOOP ( 'NONE', ( #2689, #4331, #5080, #5568 ) ) ;
#4411 = ORIENTED_EDGE ( 'NONE', *, *, #5448, .T. ) ;
#4412 = DIRECTION ( 'NONE',  ( 0.000000000000000000, 1.000000000000000000, 0.000000000000000000 ) ) ;
#4413 = CARTESIAN_POINT ( 'NONE',  ( -0.3561270256295333003, 0.7400000000000003242, -0.1893484797676606712 ) ) ;
#4414 = VECTOR ( 'NONE', #3382, 1000.000000000000000 ) ;
#4415 = CARTESIAN_POINT ( 'NONE',  ( -0.4188793392919265557, 0.7599999999999998979, -0.06367354875165437411 ) ) ;
#4416 =( NAMED_UNIT ( * ) SI_UNIT ( $, .STERADIAN. ) SOLID_ANGLE_UNIT ( ) );
#4417 = VERTEX_POINT ( 'NONE', #3475 ) ;
#4418 = CARTESIAN_POINT ( 'NONE',  ( -0.4450490768802932706, 0.7399999999999998801, -0.0006806521312489286239 ) ) ;
#4419 = LINE ( 'NONE', #5053, #4547 ) ;
#4420 = CARTESIAN_POINT ( 'NONE',  ( 0.02165754074586668729, 0.7400000000000002132, -0.2129352482600751495 ) ) ;
#4421 = ORIENTED_EDGE ( 'NONE', *, *, #2508, .T. ) ;
#4422 = CARTESIAN_POINT ( 'NONE',  ( -0.1566364228551615778, 0.7600000000000000089, 0.2358554495493987158 ) ) ;
#4423 = FILL_AREA_STYLE_COLOUR ( '', #4105 ) ;
#4424 = CARTESIAN_POINT ( 'NONE',  ( -0.5354570805559045743, 0.7600000000000000089, -0.1829908014538720318 ) ) ;
#4425 = EDGE_CURVE ( 'NONE', #4291, #3817, #1804, .T. ) ;
#4426 = ADVANCED_FACE ( 'NONE', ( #2191 ), #3822, .T. ) ;
#4427 = ORIENTED_EDGE ( 'NONE', *, *, #731, .F. ) ;
#4428 = DIRECTION ( 'NONE',  ( 0.000000000000000000, 0.000000000000000000, -1.000000000000000000 ) ) ;
#4429 = CARTESIAN_POINT ( 'NONE',  ( 2.044999999999999485, -0.4500000000000008438, 1.510000000000000009 ) ) ;
#4430 = ORIENTED_EDGE ( 'NONE', *, *, #1904, .T. ) ;
#4431 = ORIENTED_EDGE ( 'NONE', *, *, #3442, .T. ) ;
#4432 = CARTESIAN_POINT ( 'NONE',  ( -0.1683674651250395837, 0.7599999999999998979, 0.1233911650643369634 ) ) ;
#4433 = CARTESIAN_POINT ( 'NONE',  ( -0.1929397645006924733, 0.7399999999999997691, -0.1610069080875716763 ) ) ;
#4434 = EDGE_CURVE ( 'NONE', #2589, #829, #4023, .T. ) ;
#4435 = EDGE_CURVE ( 'NONE', #1350, #620, #1318, .T. ) ;
#4436 = CARTESIAN_POINT ( 'NONE',  ( 0.000000000000000000, 0.7399999999999998801, 0.000000000000000000 ) ) ;
#4437 = EDGE_LOOP ( 'NONE', ( #3061, #2254, #3013, #490 ) ) ;
#4438 = APPLICATION_CONTEXT ( 'automotive_design' ) ;
#4439 = LINE ( 'NONE', #5123, #3113 ) ;
#4440 = ORIENTED_EDGE ( 'NONE', *, *, #4740, .T. ) ;
#4441 = DIRECTION ( 'NONE',  ( -0.000000000000000000, -0.000000000000000000, -1.000000000000000000 ) ) ;
#4442 = CARTESIAN_POINT ( 'NONE',  ( 0.004867414466635621231, 0.7600000000000000089, -0.06925023853538182783 ) ) ;
#4443 = CARTESIAN_POINT ( 'NONE',  ( -0.03975110176282044966, 0.7599999999999998979, 0.2210795514282085372 ) ) ;
#4444 = VECTOR ( 'NONE', #1592, 1000.000000000000000 ) ;
#4445 = ORIENTED_EDGE ( 'NONE', *, *, #4788, .T. ) ;
#4446 = CARTESIAN_POINT ( 'NONE',  ( -1.941446609406726642, -0.7600000000000002309, 1.199999999999999734 ) ) ;
#4447 = CARTESIAN_POINT ( 'NONE',  ( 0.3291575139457159072, 0.7599999999999996758, 0.2583883621056819457 ) ) ;
#4448 = CARTESIAN_POINT ( 'NONE',  ( -0.1659609341636664737, 0.7399999999999998801, 0.1313162933923128772 ) ) ;
#4449 = CARTESIAN_POINT ( 'NONE',  ( 2.044999999999999485, -0.5100000000000002309, 1.510000000000000009 ) ) ;
#4450 = CARTESIAN_POINT ( 'NONE',  ( -0.1173709299701156811, 0.7399999999999998801, -0.2612573626517047387 ) ) ;
#4451 = CARTESIAN_POINT ( 'NONE',  ( -0.3013705245579297309, 0.7399999999999997691, 0.2095015532818353399 ) ) ;
#4452 = CARTESIAN_POINT ( 'NONE',  ( -0.04413705127305534576, 0.7599999999999997868, 0.2210134983352159965 ) ) ;
#4453 = LINE ( 'NONE', #4160, #1229 ) ;
#4454 = EDGE_CURVE ( 'NONE', #4026, #4625, #1402, .T. ) ;
#4455 = DIRECTION ( 'NONE',  ( 0.000000000000000000, 1.000000000000000000, 0.000000000000000000 ) ) ;
#4456 = CARTESIAN_POINT ( 'NONE',  ( 0.2849288301923996181, 0.7600000000000000089, 0.05416024519785491570 ) ) ;
#4457 = CARTESIAN_POINT ( 'NONE',  ( 0.05612611390816362594, 0.7400000000000003242, -0.1824409726064654957 ) ) ;
#4458 = FACE_OUTER_BOUND ( 'NONE', #666, .T. ) ;
#4459 = ORIENTED_EDGE ( 'NONE', *, *, #155, .F. ) ;
#4460 = CARTESIAN_POINT ( 'NONE',  ( -0.2646924319422954142, 0.7399999999999998801, 0.1003027052125861213 ) ) ;
#4461 = CARTESIAN_POINT ( 'NONE',  ( -0.01182805724064454889, 0.7599999999999998979, -0.06367354875165437411 ) ) ;
#4462 = DIRECTION ( 'NONE',  ( -0.000000000000000000, 1.000000000000000000, -0.000000000000000000 ) ) ;
#4463 = CARTESIAN_POINT ( 'NONE',  ( 0.04211758745090658784, 0.7599999999999998979, 0.02068101806545180957 ) ) ;
#4464 = CARTESIAN_POINT ( 'NONE',  ( 0.3546938789131320879, 0.7599999999999998979, 0.2679559769766380883 ) ) ;
#4465 = EDGE_CURVE ( 'NONE', #4705, #1181, #2060, .T. ) ;
#4466 = EDGE_CURVE ( 'NONE', #5357, #1407, #1454, .T. ) ;
#4467 = CARTESIAN_POINT ( 'NONE',  ( -0.5636877049064435985, 0.7599999999999998979, 0.2358554495493987158 ) ) ;
#4468 = VECTOR ( 'NONE', #334, 1000.000000000000000 ) ;
#4469 = CARTESIAN_POINT ( 'NONE',  ( -0.3535197983440170333, 0.7399999999999999911, -0.03459953511025300188 ) ) ;
#4470 = CARTESIAN_POINT ( 'NONE',  ( -0.02511584105452042970, 0.7599999999999996758, 0.2208043462399208179 ) ) ;
#4471 = DIRECTION ( 'NONE',  ( 0.000000000000000000, 0.000000000000000000, -1.000000000000000000 ) ) ;
#4472 = VERTEX_POINT ( 'NONE', #3917 ) ;
#4473 = CARTESIAN_POINT ( 'NONE',  ( 0.2857659220621224239, 0.7399999999999999911, 0.1031700238001398567 ) ) ;
#4474 = B_SPLINE_SURFACE_WITH_KNOTS ( 'NONE', 3, 1, ( 
 ( #1931, #616 ),
 ( #597, #543 ),
 ( #1047, #4872 ),
 ( #4003, #133 ),
 ( #563, #1024 ),
 ( #1473, #4077 ),
 ( #3613, #1882 ),
 ( #1914, #4890 ),
 ( #4931, #5365 ),
 ( #3230, #1491 ),
 ( #4112, #4522 ) ),
 .UNSPECIFIED., .F., .F., .F.,
 ( 4, 1, 1, 1, 1, 1, 1, 1, 4 ),
 ( 2, 2 ),
 ( 0.000000000000000000, 0.1910785917157205305, 0.3626045563099716262, 0.5160987502785598924, 0.6500380260398399557, 0.7659767209867913706, 0.8623740257993892655, 0.9408420582211758365, 1.000000000000000000 ),
 ( 0.000000000000000000, 1.000000000000000000 ),
 .UNSPECIFIED. ) ;
#4475 = EDGE_CURVE ( 'NONE', #2697, #4728, #3226, .T. ) ;
#4476 = CARTESIAN_POINT ( 'NONE',  ( -0.03975110176282044966, 0.7599999999999998979, 0.2210795514282085372 ) ) ;
#4477 = CARTESIAN_POINT ( 'NONE',  ( 0.01282470968822979444, 0.7400000000000002132, -0.2171905135978169088 ) ) ;
#4478 = VERTEX_POINT ( 'NONE', #962 ) ;
#4479 = EDGE_LOOP ( 'NONE', ( #4263, #3304, #606, #271 ) ) ;
#4480 = CARTESIAN_POINT ( 'NONE',  ( -0.5002655984730184358, 0.7600000000000001199, -0.2723765732016598662 ) ) ;
#4481 = DIRECTION ( 'NONE',  ( -0.000000000000000000, -0.000000000000000000, -1.000000000000000000 ) ) ;
#4482 = PLANE ( 'NONE',  #1614 ) ;
#4483 = ORIENTED_EDGE ( 'NONE', *, *, #1426, .T. ) ;
#4484 = CARTESIAN_POINT ( 'NONE',  ( 0.5291666666666664520, 0.7399999999999998801, -0.2673819870333298820 ) ) ;
#4485 = CARTESIAN_POINT ( 'NONE',  ( 0.4122454260149571170, 0.7599999999999998979, 0.2753530557017128122 ) ) ;
#4486 = CARTESIAN_POINT ( 'NONE',  ( -0.1251947363467924845, 0.7400000000000002132, 0.1947429943535728958 ) ) ;
#4487 = FILL_AREA_STYLE ('',( #5348 ) ) ;
#4488 = EDGE_CURVE ( 'NONE', #4888, #2691, #3755, .T. ) ;
#4489 = CARTESIAN_POINT ( 'NONE',  ( -0.1100749926319136429, 0.7400000000000003242, -0.2030951411376782090 ) ) ;
#4490 = B_SPLINE_SURFACE_WITH_KNOTS ( 'NONE', 3, 1, ( 
 ( #4267, #4343 ),
 ( #2634, #1794 ),
 ( #2158, #1371 ),
 ( #3895, #43 ),
 ( #931, #3525 ),
 ( #1819, #2655 ),
 ( #4762, #59 ),
 ( #1301, #4309 ),
 ( #451, #3108 ),
 ( #872, #25 ),
 ( #2175, #913 ) ),
 .UNSPECIFIED., .F., .F., .F.,
 ( 4, 1, 1, 1, 1, 1, 1, 1, 4 ),
 ( 2, 2 ),
 ( 0.000000000000000000, 0.1182713048357254132, 0.2361775330837629361, 0.3556629329485088697, 0.4759041646706826945, 0.6001273417110831732, 0.7286081161551197782, 0.8613134756739423414, 1.000000000000000000 ),
 ( 0.000000000000000000, 1.000000000000000000 ),
 .UNSPECIFIED. ) ;
#4491 = VERTEX_POINT ( 'NONE', #4666 ) ;
#4492 = CARTESIAN_POINT ( 'NONE',  ( 0.5291666666666664520, 0.7599999999999998979, 0.04967280062692649989 ) ) ;
#4493 = CARTESIAN_POINT ( 'NONE',  ( 0.06784188034188037841, 0.7399999999999997691, -0.1436765583474324537 ) ) ;
#4494 = CARTESIAN_POINT ( 'NONE',  ( -0.4510127478930577860, 0.7399999999999997691, -0.2808620187169287852 ) ) ;
#4495 = AXIS2_PLACEMENT_3D ( 'NONE', #2578, #3012, #5185 ) ;
#4496 = ORIENTED_EDGE ( 'NONE', *, *, #2253, .F. ) ;
#4497 = DIRECTION ( 'NONE',  ( 0.000000000000000000, 0.000000000000000000, 1.000000000000000000 ) ) ;
#4498 = CARTESIAN_POINT ( 'NONE',  ( -0.4873953320386322230, 0.7399999999999996581, -0.2761601940416539835 ) ) ;
#4499 = CARTESIAN_POINT ( 'NONE',  ( -0.3027104542833646272, 0.7599999999999997868, -0.1948231470048591152 ) ) ;
#4500 = CIRCLE ( 'NONE', #3160, 0.05000000000000012768 ) ;
#4501 = EDGE_CURVE ( 'NONE', #1641, #4041, #150, .T. ) ;
#4502 = CARTESIAN_POINT ( 'NONE',  ( 1.055000000000000160, -0.02999999999999967276, 1.510000000000000009 ) ) ;
#4503 = CARTESIAN_POINT ( 'NONE',  ( -0.3426219924007504747, 0.7599999999999998979, -0.1214671306867397826 ) ) ;
#4504 = CARTESIAN_POINT ( 'NONE',  ( 0.2852311189667516289, 0.7600000000000000089, 0.08489778373604640882 ) ) ;
#4505 = CARTESIAN_POINT ( 'NONE',  ( -0.1476645593014215274, 0.7600000000000000089, -0.1488534281509453217 ) ) ;
#4506 = LINE ( 'NONE', #2778, #1345 ) ;
#4507 = CARTESIAN_POINT ( 'NONE',  ( 0.5261693830498057611, 0.7399999999999997691, 0.1187641156361644162 ) ) ;
#4508 = CARTESIAN_POINT ( 'NONE',  ( -0.6025061720231078555, 0.7599999999999997868, -0.1505934184475560544 ) ) ;
#4509 = LINE ( 'NONE', #4153, #1012 ) ;
#4510 = EDGE_CURVE ( 'NONE', #3966, #5176, #3299, .T. ) ;
#4511 = ORIENTED_EDGE ( 'NONE', *, *, #4952, .T. ) ;
#4512 = CARTESIAN_POINT ( 'NONE',  ( -0.2158502735080268797, 0.7399999999999999911, 0.1255595285804745886 ) ) ;
#4513 = CARTESIAN_POINT ( 'NONE',  ( 0.3824509495228373135, 0.7399999999999998801, 0.2736677018943205475 ) ) ;
#4514 = MECHANICAL_DESIGN_GEOMETRIC_PRESENTATION_REPRESENTATION (  '', ( #2456 ), #5552 ) ;
#4515 = CARTESIAN_POINT ( 'NONE',  ( -0.1349760116385408659, 0.7599999999999997868, 0.1864813067641982458 ) ) ;
#4516 = CARTESIAN_POINT ( 'NONE',  ( -0.4603483955192244625, 0.7399999999999999911, -0.2806880342979197196 ) ) ;
#4517 = FACE_OUTER_BOUND ( 'NONE', #2859, .T. ) ;
#4518 = CARTESIAN_POINT ( 'NONE',  ( -0.5352088341346152855, 0.7599999999999998979, 0.1924587581589777829 ) ) ;
#4519 = CARTESIAN_POINT ( 'NONE',  ( -0.2918960093545820422, 0.7599999999999997868, -0.1378694775575425580 ) ) ;
#4520 = CARTESIAN_POINT ( 'NONE',  ( -0.1192782504112573083, 0.7400000000000002132, 0.1993044158257502307 ) ) ;
#4521 = LINE ( 'NONE', #2001, #1560 ) ;
#4522 = CARTESIAN_POINT ( 'NONE',  ( 0.2870559561965811413, 0.7399999999999998801, 0.1200587514816273543 ) ) ;
#4523 = DIRECTION ( 'NONE',  ( 1.000000000000000000, -9.976901651585209826E-13, 0.000000000000000000 ) ) ;
#4524 = EDGE_CURVE ( 'NONE', #3804, #1526, #2186, .T. ) ;
#4525 = CARTESIAN_POINT ( 'NONE',  ( 0.2849288301923996181, 0.7399999999999999911, 0.05416024519785491570 ) ) ;
#4526 = CARTESIAN_POINT ( 'NONE',  ( -0.5689158163929740608, 0.7400000000000002132, 0.1427221491312525015 ) ) ;
#4527 = CARTESIAN_POINT ( 'NONE',  ( -0.5661066287641617345, 0.7600000000000000089, -0.2263355392281070633 ) ) ;
#4528 = ORIENTED_EDGE ( 'NONE', *, *, #1803, .F. ) ;
#4529 = ORIENTED_EDGE ( 'NONE', *, *, #294, .F. ) ;
#4530 = CARTESIAN_POINT ( 'NONE',  ( 0.05916057041061434374, 0.7399999999999998801, -0.03188140679386135268 ) ) ;
#4531 = CARTESIAN_POINT ( 'NONE',  ( -0.5941330951202103972, 0.7400000000000002132, 0.2007584320339496908 ) ) ;
#4532 = CARTESIAN_POINT ( 'NONE',  ( 0.3546938789131320879, 0.7599999999999998979, 0.2679559769766380883 ) ) ;
#4533 = ORIENTED_EDGE ( 'NONE', *, *, #2115, .F. ) ;
#4534 = CARTESIAN_POINT ( 'NONE',  ( 0.3135264116791129929, 0.7400000000000003242, 0.1823537458132172273 ) ) ;
#4535 = VECTOR ( 'NONE', #4738, 1000.000000000000000 ) ;
#4536 = DIRECTION ( 'NONE',  ( 0.000000000000000000, 1.000000000000000000, 0.000000000000000000 ) ) ;
#4537 = ORIENTED_EDGE ( 'NONE', *, *, #3339, .T. ) ;
#4538 = ORIENTED_EDGE ( 'NONE', *, *, #63, .F. ) ;
#4539 =( GEOMETRIC_REPRESENTATION_CONTEXT ( 3 ) GLOBAL_UNCERTAINTY_ASSIGNED_CONTEXT ( ( #1225 ) ) GLOBAL_UNIT_ASSIGNED_CONTEXT ( ( #3881, #4330, #474 ) ) REPRESENTATION_CONTEXT ( 'NONE', 'WORKASPACE' ) );
#4540 = CARTESIAN_POINT ( 'NONE',  ( 0.06784188034188037841, 0.7599999999999998979, -0.1436765583474324537 ) ) ;
#4541 = LINE ( 'NONE', #2563, #4210 ) ;
#4542 = CARTESIAN_POINT ( 'NONE',  ( 0.2852558820349037627, 0.7600000000000000089, 0.08557234514723910390 ) ) ;
#4543 = CARTESIAN_POINT ( 'NONE',  ( -0.07334469144971722532, 0.7400000000000002132, -0.2224568258645562013 ) ) ;
#4544 = CARTESIAN_POINT ( 'NONE',  ( 0.2468808426816238577, 0.7399999999999998801, 0.1637319619517128011 ) ) ;
#4545 = VERTEX_POINT ( 'NONE', #3838 ) ;
#4546 = CARTESIAN_POINT ( 'NONE',  ( -0.3770405015064970944, 0.7600000000000001199, -0.2079590198120003508 ) ) ;
#4547 = VECTOR ( 'NONE', #5436, 1000.000000000000000 ) ;
#4548 = CARTESIAN_POINT ( 'NONE',  ( -0.5465811843270214077, 0.7399999999999999911, -0.2458581913520233586 ) ) ;
#4549 = CARTESIAN_POINT ( 'NONE',  ( -0.3220861057330099975, 0.7600000000000000089, 0.06595852362852007433 ) ) ;
#4550 = ADVANCED_FACE ( 'NONE', ( #2878 ), #4282, .T. ) ;
#4551 = CARTESIAN_POINT ( 'NONE',  ( 0.4915650657059169593, 0.7599999999999997868, 0.1886875346354960903 ) ) ;
#4552 = PRESENTATION_LAYER_ASSIGNMENT (  '', '', ( #1753 ) ) ;
#4553 = ORIENTED_EDGE ( 'NONE', *, *, #2355, .T. ) ;
#4554 = CARTESIAN_POINT ( 'NONE',  ( 0.2893601965928701558, 0.7400000000000003242, 0.1346772818936752825 ) ) ;
#4555 = EDGE_LOOP ( 'NONE', ( #2332, #2371, #86, #223 ) ) ;
#4556 = CARTESIAN_POINT ( 'NONE',  ( 0.03808894285525143975, 0.7399999999999998801, 0.2024273918110169879 ) ) ;
#4557 = ORIENTED_EDGE ( 'NONE', *, *, #4029, .T. ) ;
#4558 = DIRECTION ( 'NONE',  ( -2.651718054673696029E-14, -1.000000000000000000, -2.441088490476676771E-13 ) ) ;
#4559 = CARTESIAN_POINT ( 'NONE',  ( 1.055000000000000160, -0.4399999999999996136, 17.26000000000000156 ) ) ;
#4560 = ORIENTED_EDGE ( 'NONE', *, *, #1227, .T. ) ;
#4561 = CARTESIAN_POINT ( 'NONE',  ( 0.05303617618464140371, 0.7399999999999996581, -0.1009911466906706634 ) ) ;
#4562 = CARTESIAN_POINT ( 'NONE',  ( 0.2380251835252738535, 0.7399999999999998801, 0.08889935123210337964 ) ) ;
#4563 = B_SPLINE_CURVE_WITH_KNOTS ( 'NONE', 3,
 ( #1351, #2461, #1569, #2054, #3322, #732, #2422 ),
 .UNSPECIFIED., .F., .F.,
 ( 4, 1, 1, 1, 4 ),
 ( 0.000000000000000000, 0.2538796003266559631, 0.5030089172783633877, 0.7502910806899732998, 1.000000000000000000 ),
 .UNSPECIFIED. ) ;
#4564 = CARTESIAN_POINT ( 'NONE',  ( 1.055000000000000160, -0.02999999999999967276, 17.26000000000000156 ) ) ;
#4565 = CARTESIAN_POINT ( 'NONE',  ( -0.2653959965885096528, 0.7399999999999998801, 0.1267768611297461767 ) ) ;
#4566 = VECTOR ( 'NONE', #3726, 1000.000000000000000 ) ;
#4567 = CARTESIAN_POINT ( 'NONE',  ( -0.5849619121396804067, 0.7400000000000004352, 0.2136092300077266359 ) ) ;
#4568 = CARTESIAN_POINT ( 'NONE',  ( 0.4095953525641025106, 0.7400000000000003242, 0.2210795514282085372 ) ) ;
#4569 = CARTESIAN_POINT ( 'NONE',  ( -1.054999999999999938, -0.4399999999999996136, 17.26000000000000156 ) ) ;
#4570 = LINE ( 'NONE', #4502, #3453 ) ;
#4571 = ORIENTED_EDGE ( 'NONE', *, *, #3831, .F. ) ;
#4572 = EDGE_CURVE ( 'NONE', #280, #3121, #925, .T. ) ;
#4573 = CARTESIAN_POINT ( 'NONE',  ( 0.3495765575173186979, 0.7599999999999998979, 0.2073053555696156014 ) ) ;
#4574 = CARTESIAN_POINT ( 'NONE',  ( 0.09497863247863254366, 0.7399999999999999911, 0.1091404488641059822 ) ) ;
#4575 = CARTESIAN_POINT ( 'NONE',  ( 0.3750000000000004441, -0.02999999999999967276, 2.479999999999999982 ) ) ;
#4576 = CYLINDRICAL_SURFACE ( 'NONE', #57, 0.05000000000000012768 ) ;
#4577 = ADVANCED_FACE ( 'NONE', ( #3164 ), #1121, .T. ) ;
#4578 = STYLED_ITEM ( 'NONE', ( #4844 ), #3285 ) ;
#4579 = DIRECTION ( 'NONE',  ( 0.000000000000000000, 0.000000000000000000, 1.000000000000000000 ) ) ;
#4580 = CARTESIAN_POINT ( 'NONE',  ( -0.2082122768698587423, 0.7399999999999997691, 0.1551870807173011402 ) ) ;
#4581 = LINE ( 'NONE', #180, #5282 ) ;
#4582 = CARTESIAN_POINT ( 'NONE',  ( 0.5692918062988809869, 0.7400000000000005462, 0.1430916373995993751 ) ) ;
#4583 = B_SPLINE_SURFACE_WITH_KNOTS ( 'NONE', 3, 1, ( 
 ( #3644, #1075 ),
 ( #4519, #5362 ),
 ( #189, #1455 ),
 ( #1958, #2818 ),
 ( #201, #579 ),
 ( #3246, #3690 ),
 ( #170, #1093 ),
 ( #4108, #5408 ),
 ( #220, #1471 ),
 ( #151, #3227 ),
 ( #1523, #4469 ) ),
 .UNSPECIFIED., .F., .F., .F.,
 ( 4, 1, 1, 1, 1, 1, 1, 1, 4 ),
 ( 2, 2 ),
 ( 0.000000000000000000, 0.1280675485958904791, 0.2506083188676686557, 0.3706301659145031513, 0.4900722467299490348, 0.6103747641546201086, 0.7343130699115257842, 0.8632165042449895243, 1.000000000000000000 ),
 ( 0.000000000000000000, 1.000000000000000000 ),
 .UNSPECIFIED. ) ;
#4584 = CARTESIAN_POINT ( 'NONE',  ( 0.02986815487088513577, 0.7600000000000001199, 0.01446880453850871509 ) ) ;
#4585 = CARTESIAN_POINT ( 'NONE',  ( 0.3135264116791129929, 0.7600000000000000089, 0.1823537458132172273 ) ) ;
#4586 = PLANE ( 'NONE',  #2622 ) ;
#4587 = CARTESIAN_POINT ( 'NONE',  ( 0.1069687717266885191, 0.7399999999999997691, -0.09587183971325452525 ) ) ;
#4588 = EDGE_CURVE ( 'NONE', #1775, #1108, #4419, .T. ) ;
#4589 = DIRECTION ( 'NONE',  ( -0.000000000000000000, 1.000000000000000000, -0.000000000000000000 ) ) ;
#4590 = CARTESIAN_POINT ( 'NONE',  ( -0.06784188034188028127, 0.7599999999999998979, -0.05707215797350084080 ) ) ;
#4591 = CARTESIAN_POINT ( 'NONE',  ( 0.3050699335344709828, 0.7600000000000000089, 0.1722255925683724709 ) ) ;
#4592 = CARTESIAN_POINT ( 'NONE',  ( -0.5539840519350988091, 0.7600000000000000089, 0.1715652971832807849 ) ) ;
#4593 = CARTESIAN_POINT ( 'NONE',  ( 1.595000000000000417, -1.346972987469858163, 2.070000000000000284 ) ) ;
#4594 = EDGE_CURVE ( 'NONE', #3706, #4262, #2227, .T. ) ;
#4595 = CARTESIAN_POINT ( 'NONE',  ( -0.06129515647703238229, 0.7599999999999998979, -0.05718325329802085438 ) ) ;
#4596 = CARTESIAN_POINT ( 'NONE',  ( -0.01569377083696316469, 0.7399999999999999911, 0.2746353940910841729 ) ) ;
#4597 = CARTESIAN_POINT ( 'NONE',  ( -0.2936259582975266347, 0.7600000000000000089, 0.01404382893790528247 ) ) ;
#4598 = ORIENTED_EDGE ( 'NONE', *, *, #1508, .F. ) ;
#4599 = EDGE_LOOP ( 'NONE', ( #1722, #2879, #2308, #1713 ) ) ;
#4600 = CARTESIAN_POINT ( 'NONE',  ( 0.2150000000000001354, -0.4399999999999996136, 17.26000000000000156 ) ) ;
#4601 = SHAPE_DEFINITION_REPRESENTATION ( #3272, #3720 ) ;
#4602 = CARTESIAN_POINT ( 'NONE',  ( -0.3757511754630288303, 0.7600000000000000089, 0.2633863021866139631 ) ) ;
#4603 = ORIENTED_EDGE ( 'NONE', *, *, #5271, .T. ) ;
#4604 = ORIENTED_EDGE ( 'NONE', *, *, #403, .T. ) ;
#4605 = CARTESIAN_POINT ( 'NONE',  ( 0.4095953525641025106, 0.7599999999999998979, 0.2210795514282085372 ) ) ;
#4606 = EDGE_CURVE ( 'NONE', #3817, #3205, #2532, .T. ) ;
#4607 = CARTESIAN_POINT ( 'NONE',  ( -0.5592422217504412485, 0.7399999999999998801, 0.1627611125250053303 ) ) ;
#4608 = ADVANCED_FACE ( 'NONE', ( #1992 ), #954, .T. ) ;
#4610 = CARTESIAN_POINT ( 'NONE',  ( 0.5143742770885108007, 0.7400000000000003242, 0.1576453657266249919 ) ) ;
#4609 = FACE_OUTER_BOUND ( 'NONE', #5425, .T. ) ;
#4611 = CARTESIAN_POINT ( 'NONE',  ( 0.5078169735368193161, 0.7400000000000001021, 0.1690267032649678258 ) ) ;
#4612 = CARTESIAN_POINT ( 'NONE',  ( -0.3249999999999994560, -0.4399999999999996136, 2.479999999999999982 ) ) ;
#4613 = ORIENTED_EDGE ( 'NONE', *, *, #4066, .T. ) ;
#4614 = CARTESIAN_POINT ( 'NONE',  ( 0.02699433630510442508, 0.7399999999999998801, 0.2082706626329827171 ) ) ;
#4615 = CARTESIAN_POINT ( 'NONE',  ( 0.2849358974358973673, 0.7399999999999998801, 0.04967280062692649989 ) ) ;
#4616 = SURFACE_STYLE_FILL_AREA ( #2170 ) ;
#4617 = CARTESIAN_POINT ( 'NONE',  ( -1.594999999999999529, -0.02999999999999964501, 2.479999999999999982 ) ) ;
#4618 = CARTESIAN_POINT ( 'NONE',  ( -0.03799779482901120137, 0.7400000000000004352, -0.0006806521312489286239 ) ) ;
#4619 = ORIENTED_EDGE ( 'NONE', *, *, #3924, .F. ) ;
#4620 = CARTESIAN_POINT ( 'NONE',  ( -0.3345483269849963137, 0.7599999999999997868, 0.2412931175657498928 ) ) ;
#4621 = B_SPLINE_SURFACE_WITH_KNOTS ( 'NONE', 3, 1, ( 
 ( #4292, #2087 ),
 ( #2124, #4252 ),
 ( #316, #1720 ),
 ( #5161, #802 ),
 ( #2558, #2576 ),
 ( #5581, #1285 ),
 ( #782, #5121 ),
 ( #2965, #768 ),
 ( #1643, #372 ),
 ( #3799, #3010 ),
 ( #4640, #4657 ) ),
 .UNSPECIFIED., .F., .F., .F.,
 ( 4, 1, 1, 1, 1, 1, 1, 1, 4 ),
 ( 2, 2 ),
 ( 0.000000000000000000, 0.1280675485958904791, 0.2506083188676686557, 0.3706301659145031513, 0.4900722467299490348, 0.6103747641546201086, 0.7343130699115257842, 0.8632165042449895243, 1.000000000000000000 ),
 ( 0.000000000000000000, 1.000000000000000000 ),
 .UNSPECIFIED. ) ;
#4622 = CARTESIAN_POINT ( 'NONE',  ( -0.3000390773949171974, 0.7400000000000001021, 0.005776318033700902216 ) ) ;
#4623 = ORIENTED_EDGE ( 'NONE', *, *, #4081, .T. ) ;
#4624 = CARTESIAN_POINT ( 'NONE',  ( 0.5143742770885108007, 0.7599999999999998979, 0.1576453657266249919 ) ) ;
#4625 = VERTEX_POINT ( 'NONE', #1420 ) ;
#4626 = CARTESIAN_POINT ( 'NONE',  ( 0.1293155247422854148, 0.7400000000000001021, 0.1699720140303565552 ) ) ;
#4627 = CARTESIAN_POINT ( 'NONE',  ( 0.06802412020470907650, 0.7599999999999998979, -0.04456670463136384180 ) ) ;
#4628 = CARTESIAN_POINT ( 'NONE',  ( 0.06727171992806589562, 0.7399999999999998801, -0.1324320779949745841 ) ) ;
#4629 = CARTESIAN_POINT ( 'NONE',  ( 0.03763256534366801048, 0.7600000000000000089, -0.2020974803834064415 ) ) ;
#4630 = CARTESIAN_POINT ( 'NONE',  ( -0.2823407337897153035, 0.7599999999999997868, 0.03207697357080436379 ) ) ;
#4631 = FACE_OUTER_BOUND ( 'NONE', #498, .T. ) ;
#4632 = ORIENTED_EDGE ( 'NONE', *, *, #4363, .T. ) ;
#4633 = CARTESIAN_POINT ( 'NONE',  ( -0.01204237326771667380, 0.7400000000000004352, 0.002791159552915368526 ) ) ;
#4634 = B_SPLINE_CURVE_WITH_KNOTS ( 'NONE', 3,
 ( #1416, #1435, #4433, #2685, #3987, #66, #4024, #557, #987, #1006, #3152, #4450, #1878, #1398, #4409, #1845, #1825, #3608, #2219 ),
 .UNSPECIFIED., .F., .F.,
 ( 4, 1, 1, 1, 1, 1, 1, 1, 1, 1, 1, 1, 1, 1, 1, 1, 4 ),
 ( 0.000000000000000000, 0.07262534608343561293, 0.1419766113262345697, 0.2089849284189387590, 0.2739568703644448822, 0.3368893473968407326, 0.3987449534945903817, 0.4601158852788616582, 0.5208249225900292156, 0.5809944586324857774, 0.6401519276014649984, 0.6986224507562548425, 0.7572710809271645527, 0.8164266940046602805, 0.8762540482034705258, 0.9371652930625374855, 1.000000000000000000 ),
 .UNSPECIFIED. ) ;
#4635 = CARTESIAN_POINT ( 'NONE',  ( 0.02986815487088513577, 0.7600000000000001199, 0.01446880453850871509 ) ) ;
#4636 = CARTESIAN_POINT ( 'NONE',  ( -0.3013705245579297309, 0.7399999999999998801, 0.2095015532818353399 ) ) ;
#4637 = B_SPLINE_SURFACE_WITH_KNOTS ( 'NONE', 3, 1, ( 
 ( #5343, #4568 ),
 ( #3302, #4164 ),
 ( #4998, #2460 ),
 ( #5062, #5459 ),
 ( #4181, #2404 ),
 ( #5495, #4196 ),
 ( #5427, #2420 ),
 ( #264, #2931 ),
 ( #4551, #2442 ),
 ( #3286, #1605 ),
 ( #676, #1994 ),
 ( #4624, #4610 ),
 ( #730, #3355 ),
 ( #2893, #2031 ),
 ( #2011, #4126 ) ),
 .UNSPECIFIED., .F., .F., .F.,
 ( 4, 1, 1, 1, 1, 1, 1, 1, 1, 1, 1, 1, 4 ),
 ( 2, 2 ),
 ( 0.000000000000000000, 0.08289064755686828545, 0.1653025405594706065, 0.2477618761145893023, 0.3315277110598006116, 0.4152798127751559654, 0.4963662304840512074, 0.5771513480211470926, 0.6577825401388812665, 0.7393216419943464679, 0.8237930816663168176, 0.9094759533791149098, 1.000000000000000000 ),
 ( 0.000000000000000000, 1.000000000000000000 ),
 .UNSPECIFIED. ) ;
#4638 = CARTESIAN_POINT ( 'NONE',  ( -0.3345483269849963137, 0.7599999999999997868, 0.2412931175657498928 ) ) ;
#4639 = LINE ( 'NONE', #3848, #2910 ) ;
#4640 = CARTESIAN_POINT ( 'NONE',  ( 0.05353148370726502903, 0.7600000000000000089, -0.03459953511025300188 ) ) ;
#4641 = CARTESIAN_POINT ( 'NONE',  ( 0.5223978731832618072, 0.7399999999999998801, 0.1363420577744440809 ) ) ;
#4642 = DIRECTION ( 'NONE',  ( 0.000000000000000000, 0.000000000000000000, 1.000000000000000000 ) ) ;
#4643 =( LENGTH_UNIT ( ) NAMED_UNIT ( * ) SI_UNIT ( .MILLI., .METRE. ) );
#4644 = CARTESIAN_POINT ( 'NONE',  ( -0.9449999999999997291, -0.02999999999999967276, 2.020000000000000018 ) ) ;
#4645 = LINE ( 'NONE', #5415, #3607 ) ;
#4646 = ORIENTED_EDGE ( 'NONE', *, *, #1241, .F. ) ;
#4647 = CARTESIAN_POINT ( 'NONE',  ( 0.003502508300205700240, 0.7600000000000001199, -0.2206995692730533143 ) ) ;
#4648 = CARTESIAN_POINT ( 'NONE',  ( -0.5563034188034187144, 0.7399999999999998801, -0.1452666024179452842 ) ) ;
#4649 = PLANE ( 'NONE',  #5202 ) ;
#4650 = FACE_OUTER_BOUND ( 'NONE', #4664, .T. ) ;
#4651 = ORIENTED_EDGE ( 'NONE', *, *, #3825, .F. ) ;
#4652 = DIRECTION ( 'NONE',  ( 0.000000000000000000, 1.000000000000000000, 0.000000000000000000 ) ) ;
#4653 = AXIS2_PLACEMENT_3D ( 'NONE', #5443, #3315, #198 ) ;
#4654 = CARTESIAN_POINT ( 'NONE',  ( -0.3507276536067442940, 0.7399999999999997691, -0.2522078115704897150 ) ) ;
#4655 = ADVANCED_FACE ( 'NONE', ( #5184 ), #1001, .T. ) ;
#4656 = CARTESIAN_POINT ( 'NONE',  ( -0.5171262746831958301, 0.7600000000000000089, -0.2030951411376782367 ) ) ;
#4657 = CARTESIAN_POINT ( 'NONE',  ( 0.05353148370726502903, 0.7400000000000001021, -0.03459953511025300188 ) ) ;
#4658 = ORIENTED_EDGE ( 'NONE', *, *, #1813, .T. ) ;
#4659 = EDGE_CURVE ( 'NONE', #3899, #3473, #2672, .T. ) ;
#4660 = CARTESIAN_POINT ( 'NONE',  ( -0.3880333353673395269, 0.7399999999999998801, 0.01022986579048607188 ) ) ;
#4661 = CARTESIAN_POINT ( 'NONE',  ( 0.4045668995517869293, 0.7400000000000001021, 0.2209206453941021109 ) ) ;
#4662 = DIRECTION ( 'NONE',  ( 0.000000000000000000, 0.000000000000000000, 1.000000000000000000 ) ) ;
#4663 = CARTESIAN_POINT ( 'NONE',  ( -0.1173709299701156811, 0.7599999999999998979, -0.2612573626517047387 ) ) ;
#4664 = EDGE_LOOP ( 'NONE', ( #5434, #1737, #4080, #3169, #3811, #4125, #583, #5370, #2606, #2969, #3146, #3789, #1507, #1672, #5484, #430 ) ) ;
#4665 = ORIENTED_EDGE ( 'NONE', *, *, #5379, .F. ) ;
#4666 = CARTESIAN_POINT ( 'NONE',  ( 0.2849358974358973673, 0.7399999999999998801, -0.2673819870333298820 ) ) ;
#4667 = EDGE_CURVE ( 'NONE', #3431, #4491, #837, .T. ) ;
#4668 = CARTESIAN_POINT ( 'NONE',  ( 0.03001078054478492976, 0.7599999999999998979, -0.2079590198120002953 ) ) ;
#4669 = CARTESIAN_POINT ( 'NONE',  ( -0.4462723691239315338, 0.7399999999999997691, -0.2809503631017059022 ) ) ;
#4670 = CARTESIAN_POINT ( 'NONE',  ( -0.08911678123313071520, 0.7399999999999997691, -0.2167149013363941223 ) ) ;
#4671 = VERTEX_POINT ( 'NONE', #3101 ) ;
#4672 = ORIENTED_EDGE ( 'NONE', *, *, #2518, .F. ) ;
#4673 = CARTESIAN_POINT ( 'NONE',  ( 0.01901794668394248336, 0.7399999999999999911, 0.01022986579048607188 ) ) ;
#4674 = B_SPLINE_CURVE_WITH_KNOTS ( 'NONE', 3,
 ( #4233, #1663, #2525, #2541, #4681, #1356, #1757, #2679, #5253, #4401, #3567, #1372, #953, #3509, #4383, #3526, #11, #3054, #4328, #2196, #932, #2615, #894, #3928, #81, #4820, #3945 ),
 .UNSPECIFIED., .F., .F.,
 ( 4, 1, 1, 1, 1, 1, 1, 1, 1, 1, 1, 1, 1, 1, 1, 1, 1, 1, 1, 1, 1, 1, 1, 1, 4 ),
 ( 0.000000000000000000, 0.05485803544515396868, 0.1070587915426410575, 0.1569783545765237875, 0.2039922771829771053, 0.2484915357868488772, 0.2904833137405233301, 0.3304890042981894482, 0.3678859257629635837, 0.4038581313538714412, 0.4400093433074115379, 0.4762950107796838917, 0.5127922945733487392, 0.5504848246303720716, 0.5883811157748437548, 0.6276453271698541059, 0.6679794644543812776, 0.7084327575000837207, 0.7486023022886340028, 0.7890877771957823805, 0.8294612046317063614, 0.8703710453051785034, 0.9122142271494422250, 0.9555465749316861546, 0.9999999999999998890 ),
 .UNSPECIFIED. ) ;
#4675 = SURFACE_STYLE_FILL_AREA ( #2128 ) ;
#4676 = CARTESIAN_POINT ( 'NONE',  ( -0.4056301315095653948, 0.7399999999999999911, -0.2765625067216413990 ) ) ;
#4677 = EDGE_LOOP ( 'NONE', ( #2887, #1577, #3839, #2403 ) ) ;
#4678 = EDGE_CURVE ( 'NONE', #1792, #3741, #5037, .T. ) ;
#4679 = CARTESIAN_POINT ( 'NONE',  ( 0.5237605168269229283, 0.7399999999999998801, 0.1318250776034222138 ) ) ;
#4680 = CARTESIAN_POINT ( 'NONE',  ( -0.4456363514957264460, 0.7599999999999998979, -0.2266768588282016827 ) ) ;
#4681 = CARTESIAN_POINT ( 'NONE',  ( 0.5748556629410238594, 0.7599999999999998979, 0.1013165863981546622 ) ) ;
#4682 = VECTOR ( 'NONE', #3805, 1000.000000000000000 ) ;
#4683 = CARTESIAN_POINT ( 'NONE',  ( -0.5263295324625394400, 0.7400000000000001021, 0.1993044158257502863 ) ) ;
#4684 = AXIS2_PLACEMENT_3D ( 'NONE', #1631, #1214, #3861 ) ;
#4685 = CARTESIAN_POINT ( 'NONE',  ( -0.5171262746831958301, 0.7399999999999999911, -0.2030951411376782367 ) ) ;
#4686 = ORIENTED_EDGE ( 'NONE', *, *, #3082, .T. ) ;
#4687 = SURFACE_SIDE_STYLE ('',( #209 ) ) ;
#4688 = PLANE ( 'NONE',  #2596 ) ;
#4689 = VERTEX_POINT ( 'NONE', #4914 ) ;
#4690 = ADVANCED_FACE ( 'NONE', ( #3897 ), #599, .F. ) ;
#4691 = ORIENTED_EDGE ( 'NONE', *, *, #2508, .F. ) ;
#4692 = CARTESIAN_POINT ( 'NONE',  ( -0.2149999999999999134, -0.4399999999999996136, 2.020000000000000906 ) ) ;
#4693 = CARTESIAN_POINT ( 'NONE',  ( -0.09949752912269875516, 0.7399999999999997691, 0.2101693646850491815 ) ) ;
#4694 = PLANE ( 'NONE',  #600 ) ;
#4695 = EDGE_LOOP ( 'NONE', ( #5543, #4940, #5273, #750 ) ) ;
#4696 = CARTESIAN_POINT ( 'NONE',  ( 0.4770987537495136599, 0.7400000000000003242, 0.2629040199228257491 ) ) ;
#4697 = VERTEX_POINT ( 'NONE', #2802 ) ;
#4698 = CARTESIAN_POINT ( 'NONE',  ( -0.3354973015628364696, 0.7399999999999998801, -0.2401179049209233862 ) ) ;
#4699 = CARTESIAN_POINT ( 'NONE',  ( -0.5354570805559045743, 0.7399999999999998801, -0.1829908014538720318 ) ) ;
#4700 = CARTESIAN_POINT ( 'NONE',  ( -0.4843495975147926735, 0.7400000000000002132, 0.2172845935852806276 ) ) ;
#4701 = CARTESIAN_POINT ( 'NONE',  ( -1.644999999999999574, -0.4399999999999996136, 2.530000000000000249 ) ) ;
#4702 = DIRECTION ( 'NONE',  ( -0.000000000000000000, 1.000000000000000000, -0.000000000000000000 ) ) ;
#4703 = EDGE_CURVE ( 'NONE', #2612, #1532, #4358, .T. ) ;
#4704 = LINE ( 'NONE', #215, #528 ) ;
#4705 = VERTEX_POINT ( 'NONE', #2373 ) ;
#4706 = CARTESIAN_POINT ( 'NONE',  ( -0.06129515647703238229, 0.7399999999999997691, -0.05718325329802085438 ) ) ;
#4707 = CARTESIAN_POINT ( 'NONE',  ( -0.1571975455881816364, 0.7399999999999997691, 0.1531781881307159032 ) ) ;
#4708 = CARTESIAN_POINT ( 'NONE',  ( 0.5291666666666664520, 0.7399999999999998801, 0.04967280062692649989 ) ) ;
#4709 = CARTESIAN_POINT ( 'NONE',  ( 0.4122454260149571170, 0.7399999999999999911, 0.2753530557017128122 ) ) ;
#4710 = CARTESIAN_POINT ( 'NONE',  ( -0.4748931623931622603, 0.7599999999999998979, -0.05707215797350084080 ) ) ;
#4711 = FILL_AREA_STYLE_COLOUR ( '', #428 ) ;
#4712 = COLOUR_RGB ( '',0.2509803921568627416, 0.2509803921568627416, 0.2509803921568627416 ) ;
#4713 = EDGE_CURVE ( 'NONE', #653, #4284, #5492, .T. ) ;
#4714 = B_SPLINE_CURVE_WITH_KNOTS ( 'NONE', 3,
 ( #4847, #3606, #2742, #5256, #499, #3282, #592, #4090, #1545, #4548, #656, #1907, #2319, #4073, #4498, #5338, #4516, #2797, #1090 ),
 .UNSPECIFIED., .F., .F.,
 ( 4, 1, 1, 1, 1, 1, 1, 1, 1, 1, 1, 1, 1, 1, 1, 1, 4 ),
 ( 0.000000000000000000, 0.07262534608343555742, 0.1419766113262345419, 0.2089849284189387035, 0.2739568703644449377, 0.3368893473968406771, 0.3987449534945904928, 0.4601158852788617692, 0.5208249225900293267, 0.5809944586324858884, 0.6401519276014651094, 0.6986224507562546204, 0.7572710809271644417, 0.8164266940046603915, 0.8762540482034707479, 0.9371652930625373745, 1.000000000000000000 ),
 .UNSPECIFIED. ) ;
#4715 = EDGE_CURVE ( 'NONE', #3223, #929, #1364, .T. ) ;
#4716 = CARTESIAN_POINT ( 'NONE',  ( 0.5192244741752997106, 0.7599999999999998979, 0.2349423797872709774 ) ) ;
#4717 = CARTESIAN_POINT ( 'NONE',  ( 0.03001078054478492976, 0.7399999999999998801, -0.2079590198120002953 ) ) ;
#4718 = ADVANCED_FACE ( 'NONE', ( #4827 ), #715, .F. ) ;
#4719 = DIRECTION ( 'NONE',  ( 0.000000000000000000, 0.000000000000000000, -1.000000000000000000 ) ) ;
#4720 = VECTOR ( 'NONE', #523, 1000.000000000000000 ) ;
#4721 =( NAMED_UNIT ( * ) SI_UNIT ( $, .STERADIAN. ) SOLID_ANGLE_UNIT ( ) );
#4722 = PLANE ( 'NONE',  #2649 ) ;
#4723 = VECTOR ( 'NONE', #609, 1000.000000000000000 ) ;
#4724 = CARTESIAN_POINT ( 'NONE',  ( -0.03231429154463198727, 0.7399999999999999911, -0.2807418366241949403 ) ) ;
#4725 = CARTESIAN_POINT ( 'NONE',  ( 0.5291666666666664520, 0.7599999999999998979, -0.2673819870333298820 ) ) ;
#4726 = CARTESIAN_POINT ( 'NONE',  ( -0.2653959965885096528, 0.7399999999999997691, 0.1267768611297461767 ) ) ;
#4727 = DIRECTION ( 'NONE',  ( 0.000000000000000000, -0.000000000000000000, -1.000000000000000000 ) ) ;
#4728 = VERTEX_POINT ( 'NONE', #1510 ) ;
#4729 = DIRECTION ( 'NONE',  ( -0.000000000000000000, -1.000000000000000000, -0.000000000000000000 ) ) ;
#4730 = CARTESIAN_POINT ( 'NONE',  ( 0.4885252415573402840, 0.7400000000000001021, 0.2573064015655685544 ) ) ;
#4731 = EDGE_CURVE ( 'NONE', #4032, #1775, #1595, .T. ) ;
#4732 = CARTESIAN_POINT ( 'NONE',  ( -0.3489862201773195061, 0.7600000000000000089, 0.1877794718165550769 ) ) ;
#4733 = CARTESIAN_POINT ( 'NONE',  ( -1.644999999999999574, -0.4399999999999996136, 2.020000000000000018 ) ) ;
#4734 = ORIENTED_EDGE ( 'NONE', *, *, #2518, .T. ) ;
#4735 = VERTEX_POINT ( 'NONE', #4113 ) ;
#4736 = CARTESIAN_POINT ( 'NONE',  ( -0.02746277857976221065, 0.7399999999999997691, -0.2264195259545619676 ) ) ;
#4737 = CARTESIAN_POINT ( 'NONE',  ( 0.02077758628691770207, 0.7599999999999997868, -0.2706018021871384183 ) ) ;
#4738 = DIRECTION ( 'NONE',  ( -0.000000000000000000, -0.000000000000000000, -1.000000000000000000 ) ) ;
#4739 = CARTESIAN_POINT ( 'NONE',  ( -0.1678182539250330230, 0.7599999999999996758, 0.2253807708004602617 ) ) ;
#4740 = EDGE_CURVE ( 'NONE', #1073, #3699, #1768, .T. ) ;
#4741 = DIRECTION ( 'NONE',  ( 0.000000000000000000, 1.000000000000000000, 0.000000000000000000 ) ) ;
#4742 = EDGE_LOOP ( 'NONE', ( #3040, #3832, #3889, #2600 ) ) ;
#4743 = ORIENTED_EDGE ( 'NONE', *, *, #4475, .T. ) ;
#4744 = CARTESIAN_POINT ( 'NONE',  ( -0.3585610231405940151, 0.7399999999999997691, 0.1955717017539619074 ) ) ;
#4745 = CARTESIAN_POINT ( 'NONE',  ( -0.3392094017094016145, 0.7599999999999998979, -0.1436765583474324537 ) ) ;
#4746 = ORIENTED_EDGE ( 'NONE', *, *, #952, .F. ) ;
#4747 = ORIENTED_EDGE ( 'NONE', *, *, #1762, .T. ) ;
#4748 = CARTESIAN_POINT ( 'NONE',  ( 0.1416552854627723401, 0.7600000000000000089, 0.1267768611297462045 ) ) ;
#4749 = CARTESIAN_POINT ( 'NONE',  ( 0.08469069581237750888, 0.7599999999999998979, -0.2263294391008122963 ) ) ;
#4750 = EDGE_CURVE ( 'NONE', #5210, #2492, #2266, .T. ) ;
#4751 = CARTESIAN_POINT ( 'NONE',  ( 0.1108790731837607096, 0.7599999999999998979, 0.01055771649231113454 ) ) ;
#4752 = CARTESIAN_POINT ( 'NONE',  ( -1.485000000000000098, -0.4399999999999996136, 17.26000000000000156 ) ) ;
#4753 = CARTESIAN_POINT ( 'NONE',  ( 0.2374447865110898281, 0.7599999999999997868, 0.05868356002069784194 ) ) ;
#4754 = DIRECTION ( 'NONE',  ( 0.000000000000000000, 0.000000000000000000, 1.000000000000000000 ) ) ;
#4755 = EDGE_LOOP ( 'NONE', ( #1186, #5116, #3269, #2315, #3570, #1189, #1700, #2932, #3147, #1770, #3691, #4404, #4734, #5046, #1496, #1650 ) ) ;
#4756 = VERTEX_POINT ( 'NONE', #340 ) ;
#4757 = AXIS2_PLACEMENT_3D ( 'NONE', #3905, #2108, #5175 ) ;
#4758 = CARTESIAN_POINT ( 'NONE',  ( -0.3649336946003755022, 0.7399999999999998801, 0.02068101806545180957 ) ) ;
#4759 = FACE_OUTER_BOUND ( 'NONE', #1456, .T. ) ;
#4760 = CARTESIAN_POINT ( 'NONE',  ( -0.01665452166776315232, 0.7399999999999999911, -0.2252345472034715523 ) ) ;
#4761 = ORIENTED_EDGE ( 'NONE', *, *, #2706, .T. ) ;
#4762 = CARTESIAN_POINT ( 'NONE',  ( -0.4843495975147926735, 0.7600000000000002309, 0.2172845935852806276 ) ) ;
#4763 = CARTESIAN_POINT ( 'NONE',  ( -0.3689623391960305532, 0.7599999999999998979, 0.2024273918110169879 ) ) ;
#4764 = CARTESIAN_POINT ( 'NONE',  ( 2.044999999999999485, -0.6564466094067266111, 1.303553390593273020 ) ) ;
#4765 = CARTESIAN_POINT ( 'NONE',  ( -0.3392720567000423459, 0.7400000000000003242, -0.1464399793392226479 ) ) ;
#4766 = VERTEX_POINT ( 'NONE', #321 ) ;
#4767 = ORIENTED_EDGE ( 'NONE', *, *, #293, .F. ) ;
#4768 = CARTESIAN_POINT ( 'NONE',  ( 0.09023554300449938836, 0.7599999999999997868, 0.2265976142911314550 ) ) ;
#4769 = DIRECTION ( 'NONE',  ( -0.000000000000000000, -1.000000000000000000, -0.000000000000000000 ) ) ;
#4770 = FACE_OUTER_BOUND ( 'NONE', #362, .T. ) ;
#4771 = ORIENTED_EDGE ( 'NONE', *, *, #5216, .T. ) ;
#4772 = CARTESIAN_POINT ( 'NONE',  ( 1.254999999999999671, 0.7599999999999998979, 1.510000000000000009 ) ) ;
#4773 = DIRECTION ( 'NONE',  ( -1.000000000000000000, 0.000000000000000000, 0.000000000000000000 ) ) ;
#4774 = CARTESIAN_POINT ( 'NONE',  ( -0.3585610231405940151, 0.7399999999999996581, 0.1955717017539619074 ) ) ;
#4775 = CARTESIAN_POINT ( 'NONE',  ( -0.3800569457461775436, 0.7399999999999998801, 0.2082706626329827171 ) ) ;
#4776 = VECTOR ( 'NONE', #2202, 1000.000000000000000 ) ;
#4777 = AXIS2_PLACEMENT_3D ( 'NONE', #5166, #838, #1664 ) ;
#4778 = CARTESIAN_POINT ( 'NONE',  ( -0.4035487737510764505, 0.7400000000000005462, -0.2206995692730533143 ) ) ;
#4779 = EDGE_CURVE ( 'NONE', #4212, #4888, #287, .T. ) ;
#4780 = CARTESIAN_POINT ( 'NONE',  ( -1.485000000000000098, -0.02999999999999967276, 1.510000000000000009 ) ) ;
#4781 = CARTESIAN_POINT ( 'NONE',  ( -0.03220487415739440445, 0.7599999999999998979, 0.2751111706970922333 ) ) ;
#4782 = CARTESIAN_POINT ( 'NONE',  ( 0.07155398048844559267, 0.7599999999999998979, -0.2401179049209233862 ) ) ;
#4783 = LINE ( 'NONE', #4492, #3600 ) ;
#4784 = CARTESIAN_POINT ( 'NONE',  ( 0.09497863247863254366, 0.7399999999999999911, 0.1091404488641059822 ) ) ;
#4785 = CARTESIAN_POINT ( 'NONE',  ( 0.1184761282776656682, 0.7599999999999997868, 0.02095896632405153462 ) ) ;
#4786 = CARTESIAN_POINT ( 'NONE',  ( -0.4367913757695178756, 0.7600000000000000089, -0.06003278712894006414 ) ) ;
#4787 = LINE ( 'NONE', #5005, #5466 ) ;
#4788 = EDGE_CURVE ( 'NONE', #213, #3656, #2745, .T. ) ;
#4789 = FACE_OUTER_BOUND ( 'NONE', #3219, .T. ) ;
#4790 = VERTEX_POINT ( 'NONE', #4644 ) ;
#4791 = CARTESIAN_POINT ( 'NONE',  ( -0.3400790182021566355, 0.7600000000000000089, 0.04056885120919018900 ) ) ;
#4792 = SURFACE_STYLE_USAGE ( .BOTH. , #2674 ) ;
#4793 = PLANE ( 'NONE',  #690 ) ;
#4794 = CARTESIAN_POINT ( 'NONE',  ( 0.06784188034188037841, 0.7400000000000003242, -0.1436765583474324537 ) ) ;
#4795 = LINE ( 'NONE', #2564, #2096 ) ;
#4796 = FACE_OUTER_BOUND ( 'NONE', #3970, .T. ) ;
#4797 = ORIENTED_EDGE ( 'NONE', *, *, #2792, .F. ) ;
#4798 = DIRECTION ( 'NONE',  ( -0.000000000000000000, -1.000000000000000000, -0.000000000000000000 ) ) ;
#4799 = CARTESIAN_POINT ( 'NONE',  ( -0.3327959848966078882, 0.7399999999999997691, 0.1703268647852373696 ) ) ;
#4800 = EDGE_CURVE ( 'NONE', #38, #1561, #2594, .T. ) ;
#4801 = CARTESIAN_POINT ( 'NONE',  ( -0.3393967058323593133, 0.7400000000000002132, -0.1519376743405413954 ) ) ;
#4802 = CARTESIAN_POINT ( 'NONE',  ( -0.03922108707264949923, 0.7399999999999997691, -0.2809503631017059022 ) ) ;
#4803 = CARTESIAN_POINT ( 'NONE',  ( -0.4321671231058022977, 0.7399999999999996581, 0.2208043462399208456 ) ) ;
#4804 = ORIENTED_EDGE ( 'NONE', *, *, #3364, .F. ) ;
#4805 = CARTESIAN_POINT ( 'NONE',  ( -0.6093397714280366362, 0.7599999999999997868, 0.1715532227345266114 ) ) ;
#4806 = CARTESIAN_POINT ( 'NONE',  ( -0.2702347078231155386, 0.7399999999999998801, 0.1486200630909850495 ) ) ;
#4807 = DIRECTION ( 'NONE',  ( 0.000000000000000000, 0.000000000000000000, 1.000000000000000000 ) ) ;
#4808 = CARTESIAN_POINT ( 'NONE',  ( -0.1011725082055670438, 0.7600000000000000089, -0.2098609805413381713 ) ) ;
#4809 = EDGE_LOOP ( 'NONE', ( #4201, #5177, #2957, #2188 ) ) ;
#4810 = CARTESIAN_POINT ( 'NONE',  ( -0.3220861057330099975, 0.7399999999999999911, 0.06595852362852007433 ) ) ;
#4811 = VECTOR ( 'NONE', #1208, 999.9999999999998863 ) ;
#4812 = AXIS2_PLACEMENT_3D ( 'NONE', #2149, #382, #426 ) ;
#4813 =( GEOMETRIC_REPRESENTATION_CONTEXT ( 3 ) GLOBAL_UNCERTAINTY_ASSIGNED_CONTEXT ( ( #3594 ) ) GLOBAL_UNIT_ASSIGNED_CONTEXT ( ( #4643, #3394, #4721 ) ) REPRESENTATION_CONTEXT ( 'NONE', 'WORKASPACE' ) );
#4814 = PLANE ( 'NONE',  #2880 ) ;
#4815 = ORIENTED_EDGE ( 'NONE', *, *, #1579, .T. ) ;
#4816 = ORIENTED_EDGE ( 'NONE', *, *, #3940, .F. ) ;
#4817 = CARTESIAN_POINT ( 'NONE',  ( -0.1042734177932999884, 0.7599999999999998979, 0.2656332499124309243 ) ) ;
#4818 = DIRECTION ( 'NONE',  ( -0.000000000000000000, -1.000000000000000000, -0.000000000000000000 ) ) ;
#4819 = EDGE_CURVE ( 'NONE', #350, #1853, #1812, .T. ) ;
#4820 = CARTESIAN_POINT ( 'NONE',  ( 0.4169129187997653307, 0.7599999999999998979, 0.2752426606208586146 ) ) ;
#4821 = LINE ( 'NONE', #4206, #3090 ) ;
#4822 = CARTESIAN_POINT ( 'NONE',  ( -0.4045956790869197905, 0.7599999999999998979, 0.2166910399578946267 ) ) ;
#4823 = CARTESIAN_POINT ( 'NONE',  ( 0.06667468027174196232, 0.7599999999999996758, 0.1792490791078872325 ) ) ;
#4824 = ORIENTED_EDGE ( 'NONE', *, *, #3749, .F. ) ;
#4825 = ADVANCED_FACE ( 'NONE', ( #2869 ), #979, .T. ) ;
#4826 = CARTESIAN_POINT ( 'NONE',  ( 0.3416902132748656507, 0.7399999999999999911, 0.2635436738404903778 ) ) ;
#4828 = PLANE ( 'NONE',  #1408 ) ;
#4827 = FACE_OUTER_BOUND ( 'NONE', #3556, .T. ) ;
#4829 = CARTESIAN_POINT ( 'NONE',  ( -0.4392561562086764182, 0.7399999999999999911, 0.2751111706970923443 ) ) ;
#4830 = ORIENTED_EDGE ( 'NONE', *, *, #1665, .F. ) ;
#4831 = EDGE_CURVE ( 'NONE', #896, #634, #3120, .T. ) ;
#4832 = EDGE_CURVE ( 'NONE', #4625, #3368, #5248, .T. ) ;
#4833 = CARTESIAN_POINT ( 'NONE',  ( 0.01901794668394248336, 0.7399999999999996581, 0.01022986579048607188 ) ) ;
#4834 = CARTESIAN_POINT ( 'NONE',  ( 0.1421418083163210888, 0.7399999999999999911, 0.09178879451258591116 ) ) ;
#4835 = DIRECTION ( 'NONE',  ( -1.000000000000000000, 0.000000000000000000, 0.000000000000000000 ) ) ;
#4836 = CARTESIAN_POINT ( 'NONE',  ( 0.05353148370726502209, 0.7599999999999998979, -0.03459953511025299494 ) ) ;
#4837 = ORIENTED_EDGE ( 'NONE', *, *, #4177, .T. ) ;
#4838 = ORIENTED_EDGE ( 'NONE', *, *, #4715, .F. ) ;
#4839 = ORIENTED_EDGE ( 'NONE', *, *, #4750, .F. ) ;
#4840 = FILL_AREA_STYLE ('',( #1790 ) ) ;
#4841 = CARTESIAN_POINT ( 'NONE',  ( -1.485000000000000098, -0.02999999999999967276, 17.26000000000000156 ) ) ;
#4842 = CARTESIAN_POINT ( 'NONE',  ( -0.4021838675846464151, 0.7399999999999999911, -0.06925023853538181395 ) ) ;
#4843 = EDGE_LOOP ( 'NONE', ( #4904, #4100, #2503, #3484 ) ) ;
#4844 = PRESENTATION_STYLE_ASSIGNMENT (( #3555 ) ) ;
#4845 = CARTESIAN_POINT ( 'NONE',  ( 0.09279759810503267203, 0.7399999999999996581, 0.1308800587138785054 ) ) ;
#4846 = AXIS2_PLACEMENT_3D ( 'NONE', #453, #1340, #1776 ) ;
#4847 = CARTESIAN_POINT ( 'NONE',  ( -0.6037927350427348960, 0.7399999999999998801, -0.1452666024179452842 ) ) ;
#4848 = CARTESIAN_POINT ( 'NONE',  ( -0.2961722088675212694, 0.7399999999999997691, 0.01055771649231113454 ) ) ;
#4849 = CARTESIAN_POINT ( 'NONE',  ( -1.054999999999999938, -0.4399999999999996136, 1.510000000000000009 ) ) ;
#4850 = LINE ( 'NONE', #265, #4566 ) ;
#4851 = ORIENTED_EDGE ( 'NONE', *, *, #873, .T. ) ;
#4852 = CARTESIAN_POINT ( 'NONE',  ( -0.06784188034188028127, 0.7399999999999998801, -0.05707215797350084080 ) ) ;
#4853 = CARTESIAN_POINT ( 'NONE',  ( -0.3623210122194123750, 0.7399999999999996581, -0.1959470034983551157 ) ) ;
#4854 = FILL_AREA_STYLE_COLOUR ( '', #171 ) ;
#4855 = CARTESIAN_POINT ( 'NONE',  ( -0.5766559829059827447, 0.7599999999999998979, 0.1193167309153880390 ) ) ;
#4856 = VECTOR ( 'NONE', #679, 1000.000000000000000 ) ;
#4857 = ORIENTED_EDGE ( 'NONE', *, *, #5546, .F. ) ;
#4858 = CARTESIAN_POINT ( 'NONE',  ( -0.4696971956753290822, 0.7600000000000000089, -0.002507960822553838894 ) ) ;
#4859 = EDGE_CURVE ( 'NONE', #1656, #2728, #2668, .T. ) ;
#4860 = CARTESIAN_POINT ( 'NONE',  ( -0.006339315926504967245, 0.7400000000000001021, -0.2233392473724832294 ) ) ;
#4861 = CARTESIAN_POINT ( 'NONE',  ( 0.04428813323298463195, 0.7600000000000000089, -0.09164264504010297130 ) ) ;
#4862 = CARTESIAN_POINT ( 'NONE',  ( 0.1145776407664328006, 0.7399999999999999911, -0.1608835870952189384 ) ) ;
#4863 = FACE_OUTER_BOUND ( 'NONE', #2448, .T. ) ;
#4864 = ORIENTED_EDGE ( 'NONE', *, *, #2273, .T. ) ;
#4865 = CARTESIAN_POINT ( 'NONE',  ( 0.5291666666666664520, 0.7599999999999998979, 0.04967280062692649989 ) ) ;
#4866 = CARTESIAN_POINT ( 'NONE',  ( -0.02511584105452042970, 0.7599999999999996758, 0.2208043462399208179 ) ) ;
#4867 = CARTESIAN_POINT ( 'NONE',  ( -0.1571975455881816364, 0.7599999999999997868, 0.1531781881307159032 ) ) ;
#4868 = CARTESIAN_POINT ( 'NONE',  ( 0.3683427317490444164, 0.7399999999999996581, 0.2711551589442824373 ) ) ;
#4869 = CARTESIAN_POINT ( 'NONE',  ( -0.1618645343416919569, 0.7399999999999998801, 0.1427221491312525015 ) ) ;
#4870 = DIRECTION ( 'NONE',  ( 0.000000000000000000, 1.000000000000000000, 0.000000000000000000 ) ) ;
#4871 = ORIENTED_EDGE ( 'NONE', *, *, #3704, .T. ) ;
#4872 = CARTESIAN_POINT ( 'NONE',  ( 0.2849154188799662979, 0.7399999999999999911, 0.06267594459147368680 ) ) ;
#4873 = CARTESIAN_POINT ( 'NONE',  ( -0.4748931623931623158, 0.7399999999999998801, -0.05707215797350084774 ) ) ;
#4874 = CARTESIAN_POINT ( 'NONE',  ( 0.5278356677139888209, 0.7399999999999996581, 0.1008418186710220432 ) ) ;
#4875 = CARTESIAN_POINT ( 'NONE',  ( -0.03858506944444438369, 0.7400000000000003242, -0.2266768588282016827 ) ) ;
#4876 = CARTESIAN_POINT ( 'NONE',  ( -0.1678182539250330230, 0.7399999999999996581, 0.2253807708004602617 ) ) ;
#4877 =( NAMED_UNIT ( * ) PLANE_ANGLE_UNIT ( ) SI_UNIT ( $, .RADIAN. ) );
#4878 = SURFACE_STYLE_USAGE ( .BOTH. , #3168 ) ;
#4879 = PRESENTATION_LAYER_ASSIGNMENT (  '', '', ( #4578 ) ) ;
#4880 = ORIENTED_EDGE ( 'NONE', *, *, #1658, .T. ) ;
#4881 = ORIENTED_EDGE ( 'NONE', *, *, #1414, .F. ) ;
#4882 = CARTESIAN_POINT ( 'NONE',  ( 0.04849025891068804023, 0.7399999999999998801, 0.1955717017539619074 ) ) ;
#4883 = ADVANCED_FACE ( 'NONE', ( #3019 ), #2903, .T. ) ;
#4884 = CARTESIAN_POINT ( 'NONE',  ( 0.3250000000000002887, -0.02999999999999967276, 2.020000000000000018 ) ) ;
#4885 = CARTESIAN_POINT ( 'NONE',  ( 0.2508884907180672919, 0.7399999999999995470, 0.1760129158113051262 ) ) ;
#4886 = AXIS2_PLACEMENT_3D ( 'NONE', #482, #1348, #5316 ) ;
#4887 = ORIENTED_EDGE ( 'NONE', *, *, #502, .T. ) ;
#4888 = VERTEX_POINT ( 'NONE', #347 ) ;
#4889 = DIRECTION ( 'NONE',  ( 1.000000000000000000, 0.000000000000000000, 0.000000000000000000 ) ) ;
#4890 = CARTESIAN_POINT ( 'NONE',  ( 0.2860528886767617629, 0.7399999999999997691, 0.1099925410106834395 ) ) ;
#4891 = EDGE_CURVE ( 'NONE', #1396, #2941, #1112, .T. ) ;
#4892 = CARTESIAN_POINT ( 'NONE',  ( -0.04847173265217034205, 0.7599999999999996758, -0.05740086174778760014 ) ) ;
#4893 = ORIENTED_EDGE ( 'NONE', *, *, #2871, .F. ) ;
#4894 = DIRECTION ( 'NONE',  ( 0.000000000000000000, 0.000000000000000000, -1.000000000000000000 ) ) ;
#4895 = VECTOR ( 'NONE', #2975, 1000.000000000000000 ) ;
#4896 = CARTESIAN_POINT ( 'NONE',  ( -0.01665452166776315232, 0.7400000000000004352, -0.2252345472034715523 ) ) ;
#4897 = ORIENTED_EDGE ( 'NONE', *, *, #1500, .T. ) ;
#4898 = CARTESIAN_POINT ( 'NONE',  ( -0.5547158413527034648, 0.7599999999999998979, -0.1488534281509453217 ) ) ;
#4899 = EDGE_CURVE ( 'NONE', #591, #411, #1514, .T. ) ;
#4900 = DIRECTION ( 'NONE',  ( 0.000000000000000000, 0.000000000000000000, -1.000000000000000000 ) ) ;
#4901 = DIRECTION ( 'NONE',  ( 0.000000000000000000, 0.000000000000000000, 1.000000000000000000 ) ) ;
#4902 = DIRECTION ( 'NONE',  ( -0.000000000000000000, 1.000000000000000000, -0.000000000000000000 ) ) ;
#4903 = VECTOR ( 'NONE', #4900, 1000.000000000000000 ) ;
#4904 = ORIENTED_EDGE ( 'NONE', *, *, #5250, .F. ) ;
#4905 = ORIENTED_EDGE ( 'NONE', *, *, #4213, .F. ) ;
#4906 = CARTESIAN_POINT ( 'NONE',  ( 0.08551570169944064381, 0.7600000000000001199, -0.01593448319721313747 ) ) ;
#4907 = CARTESIAN_POINT ( 'NONE',  ( 0.3250000000000003997, -0.02999999999999967276, 2.530000000000000249 ) ) ;
#4908 = MECHANICAL_DESIGN_GEOMETRIC_PRESENTATION_REPRESENTATION (  '', ( #5134 ), #5214 ) ;
#4909 = CARTESIAN_POINT ( 'NONE',  ( -0.4476504073183759091, 0.7399999999999997691, 0.2753530557017128122 ) ) ;
#4910 = EDGE_CURVE ( 'NONE', #946, #4348, #3156, .T. ) ;
#4911 = CARTESIAN_POINT ( 'NONE',  ( -0.01098635636999097803, 0.7600000000000000089, 0.2191298048477073046 ) ) ;
#4912 = CARTESIAN_POINT ( 'NONE',  ( -2.045000000000000373, -0.02999999999999975256, -1.510000000000000009 ) ) ;
#4913 = ORIENTED_EDGE ( 'NONE', *, *, #667, .T. ) ;
#4914 = CARTESIAN_POINT ( 'NONE',  ( 1.055000000000000160, -0.02999999999999967276, 2.020000000000000018 ) ) ;
#4915 = AXIS2_PLACEMENT_3D ( 'NONE', #3517, #883, #1346 ) ;
#4916 = AXIS2_PLACEMENT_3D ( 'NONE', #495, #4741, #1391 ) ;
#4917 = DIRECTION ( 'NONE',  ( -0.000000000000000000, -1.000000000000000000, -0.000000000000000000 ) ) ;
#4918 = CARTESIAN_POINT ( 'NONE',  ( 0.06372040064355821709, 0.7600000000000003419, -0.1677561313120305431 ) ) ;
#4919 = VECTOR ( 'NONE', #942, 1000.000000000000000 ) ;
#4920 = CARTESIAN_POINT ( 'NONE',  ( -0.6037927350427348960, 0.7399999999999998801, -0.1452666024179452842 ) ) ;
#4921 = CARTESIAN_POINT ( 'NONE',  ( 1.645000000000000462, -1.346972987469858163, 2.479999999999999982 ) ) ;
#4922 = DIRECTION ( 'NONE',  ( 1.000000000000000000, 0.000000000000000000, 0.000000000000000000 ) ) ;
#4923 = VECTOR ( 'NONE', #1246, 1000.000000000000000 ) ;
#4924 = EDGE_LOOP ( 'NONE', ( #335, #2043, #1180, #3992 ) ) ;
#4925 = CARTESIAN_POINT ( 'NONE',  ( 0.3250000000000003997, -1.346972987469857941, 2.530000000000000249 ) ) ;
#4926 = CARTESIAN_POINT ( 'NONE',  ( 0.000000000000000000, 0.7599999999999998979, 0.000000000000000000 ) ) ;
#4927 = CARTESIAN_POINT ( 'NONE',  ( -0.3354973015628364696, 0.7599999999999998979, -0.2401179049209233862 ) ) ;
#4928 = CIRCLE ( 'NONE', #1337, 0.7500000000000001110 ) ;
#4929 = ORIENTED_EDGE ( 'NONE', *, *, #3185, .F. ) ;
#4930 = CARTESIAN_POINT ( 'NONE',  ( -0.08863983432977651233, 0.7399999999999998801, 0.2140222567754898331 ) ) ;
#4931 = CARTESIAN_POINT ( 'NONE',  ( 0.2864218776077366302, 0.7599999999999998979, 0.1154798787627297485 ) ) ;
#4932 = SURFACE_STYLE_USAGE ( .BOTH. , #1915 ) ;
#4933 = CARTESIAN_POINT ( 'NONE',  ( 0.5291666666666664520, 0.7599999999999998979, 0.04967280062692649989 ) ) ;
#4934 = VECTOR ( 'NONE', #3887, 1000.000000000000000 ) ;
#4935 = CARTESIAN_POINT ( 'NONE',  ( -1.485000000000000098, -0.4399999999999996136, 17.26000000000000156 ) ) ;
#4936 = CARTESIAN_POINT ( 'NONE',  ( -0.5766559829059827447, 0.7399999999999998801, 0.1193167309153880390 ) ) ;
#4937 = SURFACE_STYLE_FILL_AREA ( #307 ) ;
#4938 = CARTESIAN_POINT ( 'NONE',  ( -0.5568356707095516445, 0.7599999999999998979, -0.2366789280546845731 ) ) ;
#4939 = LINE ( 'NONE', #3328, #393 ) ;
#4940 = ORIENTED_EDGE ( 'NONE', *, *, #3195, .T. ) ;
#4941 = CARTESIAN_POINT ( 'NONE',  ( 0.3546938789131320879, 0.7399999999999998801, 0.2679559769766380883 ) ) ;
#4942 = FACE_OUTER_BOUND ( 'NONE', #207, .T. ) ;
#4943 = CARTESIAN_POINT ( 'NONE',  ( -0.8949999999999997957, -1.346972987469857941, 2.070000000000000284 ) ) ;
#4944 = CARTESIAN_POINT ( 'NONE',  ( -0.3749999999999994449, -0.4399999999999996136, 2.070000000000000284 ) ) ;
#4945 = VECTOR ( 'NONE', #1505, 1000.000000000000000 ) ;
#4946 = ORIENTED_EDGE ( 'NONE', *, *, #3633, .F. ) ;
#4947 = CARTESIAN_POINT ( 'NONE',  ( 0.2953999212456168699, 0.7599999999999998979, 0.2370863358951088018 ) ) ;
#4948 = CARTESIAN_POINT ( 'NONE',  ( -0.03479908410051277962, 0.7599999999999996758, 0.2209864324206061159 ) ) ;
#4949 = CARTESIAN_POINT ( 'NONE',  ( -0.4843495975147926735, 0.7600000000000002309, 0.2172845935852806276 ) ) ;
#4950 = ORIENTED_EDGE ( 'NONE', *, *, #3896, .T. ) ;
#4951 = CARTESIAN_POINT ( 'NONE',  ( -0.4644398081277316126, 0.7399999999999998801, 0.2749635032441701821 ) ) ;
#4952 = EDGE_CURVE ( 'NONE', #3496, #1792, #1384, .T. ) ;
#4953 = DIRECTION ( 'NONE',  ( 0.000000000000000000, 0.000000000000000000, -1.000000000000000000 ) ) ;
#4954 = DIRECTION ( 'NONE',  ( 0.000000000000000000, 0.000000000000000000, -1.000000000000000000 ) ) ;
#4955 = VERTEX_POINT ( 'NONE', #273 ) ;
#4956 = ORIENTED_EDGE ( 'NONE', *, *, #3904, .F. ) ;
#4957 = CARTESIAN_POINT ( 'NONE',  ( 0.06765115766445753409, 0.7399999999999996581, -0.1399152004083543122 ) ) ;
#4958 = CARTESIAN_POINT ( 'NONE',  ( -0.5465811843270214077, 0.7399999999999999911, -0.2458581913520233586 ) ) ;
#4959 = LINE ( 'NONE', #5533, #3814 ) ;
#4960 = CARTESIAN_POINT ( 'NONE',  ( 0.2508884907180672919, 0.7399999999999996581, 0.1760129158113051262 ) ) ;
#4961 = ORIENTED_EDGE ( 'NONE', *, *, #910, .F. ) ;
#4962 = ORIENTED_EDGE ( 'NONE', *, *, #1546, .F. ) ;
#4963 = DIRECTION ( 'NONE',  ( -0.000000000000000000, 1.000000000000000000, 0.000000000000000000 ) ) ;
#4964 = CARTESIAN_POINT ( 'NONE',  ( -0.4533078491468972016, 0.7400000000000002132, 0.2752217901257265065 ) ) ;
#4966 = DIRECTION ( 'NONE',  ( -0.000000000000000000, -1.000000000000000000, -0.000000000000000000 ) ) ;
#4965 = FACE_OUTER_BOUND ( 'NONE', #2248, .T. ) ;
#4967 = ORIENTED_EDGE ( 'NONE', *, *, #1736, .F. ) ;
#4968 = CARTESIAN_POINT ( 'NONE',  ( 0.02699433630510442508, 0.7599999999999998979, 0.2082706626329827171 ) ) ;
#4969 = CARTESIAN_POINT ( 'NONE',  ( 0.2374465811965811024, 0.7599999999999998979, -0.2673819870333298820 ) ) ;
#4970 = CARTESIAN_POINT ( 'NONE',  ( 0.02986815487088513577, 0.7400000000000004352, 0.01446880453850871509 ) ) ;
#4971 = SURFACE_STYLE_FILL_AREA ( #112 ) ;
#4972 = VERTEX_POINT ( 'NONE', #1220 ) ;
#4973 = CARTESIAN_POINT ( 'NONE',  ( -0.4393655735959141051, 0.7600000000000000089, -0.2807418366241949403 ) ) ;
#4974 = DIRECTION ( 'NONE',  ( -1.000000000000000000, -0.000000000000000000, -0.000000000000000000 ) ) ;
#4975 = CARTESIAN_POINT ( 'NONE',  ( -0.03858506944444439063, 0.7400000000000003242, -0.2266768588282017105 ) ) ;
#4976 = CARTESIAN_POINT ( 'NONE',  ( -0.5125956554783410724, 0.7399999999999997691, -0.2673539905252635962 ) ) ;
#4977 = VERTEX_POINT ( 'NONE', #2533 ) ;
#4978 = AXIS2_PLACEMENT_3D ( 'NONE', #983, #1003, #4019 ) ;
#4979 = EDGE_LOOP ( 'NONE', ( #618, #1394, #2323, #2665 ) ) ;
#4980 = CARTESIAN_POINT ( 'NONE',  ( 0.2690259567265901874, 0.7399999999999999911, 0.2093457686647074156 ) ) ;
#4981 = CARTESIAN_POINT ( 'NONE',  ( 0.05353148370726502903, 0.7399999999999996581, -0.03459953511025300188 ) ) ;
#4982 = CARTESIAN_POINT ( 'NONE',  ( -0.5730122162149483556, 0.7599999999999994538, 0.1313162933923128495 ) ) ;
#4983 = ORIENTED_EDGE ( 'NONE', *, *, #2480, .T. ) ;
#4984 = FACE_BOUND ( 'NONE', #5442, .T. ) ;
#4985 = CARTESIAN_POINT ( 'NONE',  ( 0.2986529496937311290, 0.7400000000000004352, 0.1608090045073999885 ) ) ;
#4986 = VECTOR ( 'NONE', #301, 1000.000000000000000 ) ;
#4987 = ORIENTED_EDGE ( 'NONE', *, *, #87, .F. ) ;
#4988 = AXIS2_PLACEMENT_3D ( 'NONE', #1688, #2489, #339 ) ;
#4989 = ADVANCED_FACE ( 'NONE', ( #348 ), #1166, .T. ) ;
#4990 = CARTESIAN_POINT ( 'NONE',  ( -0.5420272936898230531, 0.7400000000000001021, 0.1864813067641983846 ) ) ;
#4991 = VECTOR ( 'NONE', #4462, 1000.000000000000000 ) ;
#4992 = EDGE_CURVE ( 'NONE', #1134, #3516, #1660, .T. ) ;
#4993 = CARTESIAN_POINT ( 'NONE',  ( -0.1678182539250330230, 0.7399999999999996581, 0.2253807708004602617 ) ) ;
#4994 = CARTESIAN_POINT ( 'NONE',  ( -0.3249999999999994560, -0.4399999999999996136, 2.070000000000000284 ) ) ;
#4995 = AXIS2_PLACEMENT_3D ( 'NONE', #2110, #2550, #5548 ) ;
#4996 = LINE ( 'NONE', #40, #4057 ) ;
#4997 = CARTESIAN_POINT ( 'NONE',  ( -0.3516246648344098502, 0.7599999999999997868, 0.02967232945358110746 ) ) ;
#4998 = CARTESIAN_POINT ( 'NONE',  ( 0.4225215792201369447, 0.7600000000000001199, 0.2205934213470292782 ) ) ;
#4999 = EDGE_CURVE ( 'NONE', #38, #2261, #2945, .T. ) ;
#5000 = CARTESIAN_POINT ( 'NONE',  ( 0.1056807574933521787, 0.7599999999999998979, 0.2095015532818353676 ) ) ;
#5001 = CARTESIAN_POINT ( 'NONE',  ( 1.595000000000000417, -0.02999999999999967276, 2.530000000000000249 ) ) ;
#5002 = LINE ( 'NONE', #1816, #3268 ) ;
#5003 = CARTESIAN_POINT ( 'NONE',  ( -0.5766559829059827447, 0.7599999999999998979, 0.1193167309153880390 ) ) ;
#5004 = CARTESIAN_POINT ( 'NONE',  ( -0.1394606251139236808, 0.7399999999999999911, -0.1656809325133725141 ) ) ;
#5005 = CARTESIAN_POINT ( 'NONE',  ( -0.3749999999999994449, -0.02999999999999967276, 2.530000000000000249 ) ) ;
#5006 = AXIS2_PLACEMENT_3D ( 'NONE', #4559, #2858, #2807 ) ;
#5007 = PLANE ( 'NONE',  #5006 ) ;
#5008 = CARTESIAN_POINT ( 'NONE',  ( 0.2410538243217370813, 0.7599999999999995648, 0.1330480892162473061 ) ) ;
#5009 = CARTESIAN_POINT ( 'NONE',  ( -0.1950862358265006979, 0.7400000000000002132, 0.1866791128229508823 ) ) ;
#5010 = B_SPLINE_CURVE_WITH_KNOTS ( 'NONE', 3,
 ( #396, #3445, #4683, #2103, #2542, #3427, #4700, #3527, #632, #2040, #2607 ),
 .UNSPECIFIED., .F., .F.,
 ( 4, 1, 1, 1, 1, 1, 1, 1, 4 ),
 ( 0.000000000000000000, 0.1182713048357254132, 0.2361775330837629361, 0.3556629329485088697, 0.4759041646706826945, 0.6001273417110831732, 0.7286081161551197782, 0.8613134756739423414, 1.000000000000000000 ),
 .UNSPECIFIED. ) ;
#5011 = CARTESIAN_POINT ( 'NONE',  ( -0.4133905979777870443, 0.7599999999999998979, -0.2233392473724832572 ) ) ;
#5012 = VECTOR ( 'NONE', #5494, 1000.000000000000000 ) ;
#5013 = CARTESIAN_POINT ( 'NONE',  ( 0.5766559829059829667, 0.7400000000000006573, 0.05221687113974701755 ) ) ;
#5014 = CARTESIAN_POINT ( 'NONE',  ( -0.3367378627931247870, 0.7599999999999996758, -0.02649600844089149490 ) ) ;
#5015 = EDGE_CURVE ( 'NONE', #1945, #1808, #4821, .T. ) ;
#5016 = CARTESIAN_POINT ( 'NONE',  ( -0.5754187471763216877, 0.7399999999999998801, 0.1233911650643369912 ) ) ;
#5017 = ADVANCED_FACE ( 'NONE', ( #4965 ), #4649, .T. ) ;
#5018 = CARTESIAN_POINT ( 'NONE',  ( -0.1341924592637668001, 0.7600000000000001199, -0.1748164176988359075 ) ) ;
#5019 = ORIENTED_EDGE ( 'NONE', *, *, #5058, .F. ) ;
#5020 = ORIENTED_EDGE ( 'NONE', *, *, #491, .T. ) ;
#5021 = CARTESIAN_POINT ( 'NONE',  ( 0.1421966353645649495, 0.7399999999999999911, 0.1119921256128985215 ) ) ;
#5022 = CARTESIAN_POINT ( 'NONE',  ( 0.3642851589035067672, 0.7599999999999997868, 0.2133023382607729113 ) ) ;
#5023 = AXIS2_PLACEMENT_3D ( 'NONE', #1358, #1306, #5244 ) ;
#5024 = LINE ( 'NONE', #2522, #3009 ) ;
#5025 = CARTESIAN_POINT ( 'NONE',  ( 0.002455602964362117377, 0.7400000000000001021, 0.2166910399578947100 ) ) ;
#5026 = CARTESIAN_POINT ( 'NONE',  ( -0.6229015555593088171, 0.7399999999999996581, 0.1255595285804745331 ) ) ;
#5027 = ORIENTED_EDGE ( 'NONE', *, *, #1217, .F. ) ;
#5028 = ORIENTED_EDGE ( 'NONE', *, *, #5540, .F. ) ;
#5029 = CARTESIAN_POINT ( 'NONE',  ( -0.4510127478930577860, 0.7599999999999997868, -0.2808620187169287852 ) ) ;
#5030 = LINE ( 'NONE', #3842, #2383 ) ;
#5031 = CARTESIAN_POINT ( 'NONE',  ( -0.3862736957643642111, 0.7399999999999997691, -0.2706018021871384183 ) ) ;
#5032 = CARTESIAN_POINT ( 'NONE',  ( -0.2766848319838862147, 0.7600000000000000089, 0.04331821064083638678 ) ) ;
#5033 = ORIENTED_EDGE ( 'NONE', *, *, #1397, .T. ) ;
#5034 = CARTESIAN_POINT ( 'NONE',  ( -0.2022884893767548375, 0.7599999999999995648, 0.1715532227345266392 ) ) ;
#5035 = CARTESIAN_POINT ( 'NONE',  ( -0.03799779482901120137, 0.7600000000000001199, -0.0006806521312489286239 ) ) ;
#5036 = CARTESIAN_POINT ( 'NONE',  ( -0.2648546466867170435, 0.7599999999999998979, 0.1119921256128985215 ) ) ;
#5037 = LINE ( 'NONE', #4855, #4344 ) ;
#5038 = ORIENTED_EDGE ( 'NONE', *, *, #1426, .F. ) ;
#5039 = CARTESIAN_POINT ( 'NONE',  ( -0.3120726495726494631, 0.7599999999999998979, 0.1091404488641059822 ) ) ;
#5040 = FILL_AREA_STYLE_COLOUR ( '', #2029 ) ;
#5041 = CARTESIAN_POINT ( 'NONE',  ( -0.5481004858728089069, 0.7599999999999997868, 0.1793579369062902884 ) ) ;
#5042 = CARTESIAN_POINT ( 'NONE',  ( 0.2150000000000001354, -0.4399999999999996136, 17.26000000000000156 ) ) ;
#5043 = CARTESIAN_POINT ( 'NONE',  ( 2.044999999999999485, -0.4500000000000008438, 1.510000000000000009 ) ) ;
#5044 = DIRECTION ( 'NONE',  ( 1.000000000000000000, 0.000000000000000000, 0.000000000000000000 ) ) ;
#5045 = CARTESIAN_POINT ( 'NONE',  ( 0.3359300135643355500, 0.7400000000000001021, 0.1998439828300082599 ) ) ;
#5046 = ORIENTED_EDGE ( 'NONE', *, *, #3364, .T. ) ;
#5047 = VERTEX_POINT ( 'NONE', #1245 ) ;
#5048 = CARTESIAN_POINT ( 'NONE',  ( 0.09489886259005848868, 0.7399999999999998801, 0.1128239493525657056 ) ) ;
#5049 = EDGE_CURVE ( 'NONE', #2268, #706, #5280, .T. ) ;
#5050 =( NAMED_UNIT ( * ) SI_UNIT ( $, .STERADIAN. ) SOLID_ANGLE_UNIT ( ) );
#5051 = ADVANCED_FACE ( 'NONE', ( #832 ), #4146, .T. ) ;
#5052 = VERTEX_POINT ( 'NONE', #3421 ) ;
#5053 = CARTESIAN_POINT ( 'NONE',  ( -1.795000000000000373, -0.7600000000000001199, 1.510000000000000009 ) ) ;
#5054 = CARTESIAN_POINT ( 'NONE',  ( 0.8950000000000005729, -0.02999999999999967276, 2.530000000000000249 ) ) ;
#5055 = CARTESIAN_POINT ( 'NONE',  ( -0.5516311701603560103, 0.7599999999999997868, -0.1558226490891563842 ) ) ;
#5056 = EDGE_CURVE ( 'NONE', #1809, #1134, #564, .T. ) ;
#5057 = B_SPLINE_CURVE_WITH_KNOTS ( 'NONE', 3,
 ( #2053, #2870, #3740, #1587, #4587, #3761, #1173, #1113, #5476, #5081, #2482 ),
 .UNSPECIFIED., .F., .F.,
 ( 4, 1, 1, 1, 1, 1, 1, 1, 4 ),
 ( 0.000000000000000000, 0.1280675485958904791, 0.2506083188676686557, 0.3706301659145031513, 0.4900722467299490348, 0.6103747641546201086, 0.7343130699115257842, 0.8632165042449895243, 1.000000000000000000 ),
 .UNSPECIFIED. ) ;
#5058 = EDGE_CURVE ( 'NONE', #1276, #2453, #980, .T. ) ;
#5059 = VECTOR ( 'NONE', #2204, 1000.000000000000000 ) ;
#5060 = CARTESIAN_POINT ( 'NONE',  ( 0.2932376846614142551, 0.7599999999999997868, 0.1484217483154993689 ) ) ;
#5061 = CARTESIAN_POINT ( 'NONE',  ( -0.5563034188034187144, 0.7599999999999998979, -0.1452666024179452842 ) ) ;
#5062 = CARTESIAN_POINT ( 'NONE',  ( 0.4353132657647580395, 0.7599999999999997868, 0.2185884192747127863 ) ) ;
#5063 = CARTESIAN_POINT ( 'NONE',  ( 0.1421966353645649495, 0.7600000000000000089, 0.1119921256128985215 ) ) ;
#5064 = VECTOR ( 'NONE', #2813, 1000.000000000000000 ) ;
#5065 = EDGE_CURVE ( 'NONE', #5402, #3686, #3558, .T. ) ;
#5066 = CARTESIAN_POINT ( 'NONE',  ( -0.06784188034188028127, 0.7599999999999998979, -0.002798653699996567993 ) ) ;
#5067 = CARTESIAN_POINT ( 'NONE',  ( -0.3390271618465728887, 0.7599999999999998979, -0.04456670463136384180 ) ) ;
#5068 = CARTESIAN_POINT ( 'NONE',  ( -0.6152635589211409295, 0.7399999999999998801, 0.1551870807173011957 ) ) ;
#5069 = CARTESIAN_POINT ( 'NONE',  ( 0.05961738099206752989, 0.7399999999999999911, -0.1110173502982743504 ) ) ;
#5070 = VECTOR ( 'NONE', #2996, 1000.000000000000000 ) ;
#5071 = CARTESIAN_POINT ( 'NONE',  ( -0.03483659996655345120, 0.7599999999999997868, -0.2265901316930968301 ) ) ;
#5072 = CARTESIAN_POINT ( 'NONE',  ( -0.4321671231058022977, 0.7599999999999997868, 0.2208043462399208456 ) ) ;
#5073 = CARTESIAN_POINT ( 'NONE',  ( -0.06784188034188028127, 0.7400000000000002132, -0.002798653699996567993 ) ) ;
#5074 = VECTOR ( 'NONE', #603, 1000.000000000000000 ) ;
#5075 = STYLED_ITEM ( 'NONE', ( #2641 ), #3417 ) ;
#5076 = CARTESIAN_POINT ( 'NONE',  ( -0.4227450528882451541, 0.7600000000000000089, 0.2746353940910841729 ) ) ;
#5077 = CARTESIAN_POINT ( 'NONE',  ( 0.2870559561965811413, 0.7600000000000000089, 0.1200587514816273543 ) ) ;
#5078 = LINE ( 'NONE', #1802, #951 ) ;
#5079 = ADVANCED_FACE ( 'NONE', ( #1796 ), #5126, .F. ) ;
#5080 = ORIENTED_EDGE ( 'NONE', *, *, #4425, .F. ) ;
#5081 = CARTESIAN_POINT ( 'NONE',  ( 0.05845694743213995098, 0.7399999999999998801, -0.03798697478864199867 ) ) ;
#5082 = EDGE_CURVE ( 'NONE', #5295, #4290, #2530, .T. ) ;
#5083 = DIRECTION ( 'NONE',  ( 1.000000000000000000, 0.000000000000000000, 0.000000000000000000 ) ) ;
#5084 = CARTESIAN_POINT ( 'NONE',  ( 0.05845694743213995098, 0.7599999999999998979, -0.03798697478864199867 ) ) ;
#5085 = LINE ( 'NONE', #808, #880 ) ;
#5086 = CARTESIAN_POINT ( 'NONE',  ( -0.1696047008547007795, 0.7399999999999998801, 0.1193167309153880390 ) ) ;
#5087 = VECTOR ( 'NONE', #3007, 1000.000000000000000 ) ;
#5088 = ORIENTED_EDGE ( 'NONE', *, *, #3823, .F. ) ;
#5089 = CARTESIAN_POINT ( 'NONE',  ( -0.09321431642173624854, 0.7600000000000000089, -0.2723765732016598107 ) ) ;
#5090 = CARTESIAN_POINT ( 'NONE',  ( -0.02974009371823580633, 0.7400000000000001021, -0.06003278712894006414 ) ) ;
#5091 = CARTESIAN_POINT ( 'NONE',  ( -0.04396146584177583472, 0.7400000000000002132, -0.2808620187169287852 ) ) ;
#5092 = EDGE_LOOP ( 'NONE', ( #1864, #1175, #984, #4012 ) ) ;
#5093 = ORIENTED_EDGE ( 'NONE', *, *, #3249, .T. ) ;
#5094 = DIRECTION ( 'NONE',  ( 1.000000000000000000, 0.000000000000000000, 0.000000000000000000 ) ) ;
#5095 = B_SPLINE_CURVE_WITH_KNOTS ( 'NONE', 3,
 ( #1633, #2000, #227, #5090, #681, #4172, #3712, #2857, #2407, #2900, #5069, #1573, #4628, #1197, #4132 ),
 .UNSPECIFIED., .F., .F.,
 ( 4, 1, 1, 1, 1, 1, 1, 1, 1, 1, 1, 1, 4 ),
 ( 0.000000000000000000, 0.1101655532114437924, 0.2157872561749717699, 0.3180274349094167619, 0.4175739541655082987, 0.5116504876474462504, 0.5961620971027621341, 0.6729345334849963223, 0.7436695573498567358, 0.8106770010653612246, 0.8740589623137362540, 0.9366963019193726980, 1.000000000000000000 ),
 .UNSPECIFIED. ) ;
#5096 = PRESENTATION_STYLE_ASSIGNMENT (( #3577 ) ) ;
#5097 = CARTESIAN_POINT ( 'NONE',  ( 0.5758923760139109671, 0.7400000000000006573, 0.08569059993865810188 ) ) ;
#5098 = EDGE_LOOP ( 'NONE', ( #959, #4553, #2734, #3737 ) ) ;
#5099 = CARTESIAN_POINT ( 'NONE',  ( -0.4392561562086764182, 0.7600000000000000089, 0.2751111706970923443 ) ) ;
#5100 = EDGE_CURVE ( 'NONE', #4491, #3899, #4541, .T. ) ;
#5101 = CARTESIAN_POINT ( 'NONE',  ( -0.4516615441580839607, 0.7600000000000001199, -0.2264664981443985925 ) ) ;
#5102 = LINE ( 'NONE', #2369, #3561 ) ;
#5103 = ORIENTED_EDGE ( 'NONE', *, *, #222, .F. ) ;
#5104 = VERTEX_POINT ( 'NONE', #807 ) ;
#5105 = CARTESIAN_POINT ( 'NONE',  ( 0.1151552726966999368, 0.7599999999999997868, -0.1378694775575425580 ) ) ;
#5106 = CARTESIAN_POINT ( 'NONE',  ( 1.485000000000000320, -0.02999999999999967276, 17.26000000000000156 ) ) ;
#5107 = PLANE ( 'NONE',  #2312 ) ;
#5108 = FACE_OUTER_BOUND ( 'NONE', #2200, .T. ) ;
#5109 = ORIENTED_EDGE ( 'NONE', *, *, #619, .F. ) ;
#5110 = ORIENTED_EDGE ( 'NONE', *, *, #2147, .F. ) ;
#5111 = ADVANCED_FACE ( 'NONE', ( #1928 ), #4273, .F. ) ;
#5112 = CARTESIAN_POINT ( 'NONE',  ( 0.03130010658825321812, 0.7399999999999998801, 0.2633863021866138521 ) ) ;
#5113 = DIRECTION ( 'NONE',  ( -1.000000000000000000, 0.000000000000000000, 0.000000000000000000 ) ) ;
#5114 = DIRECTION ( 'NONE',  ( 0.000000000000000000, 1.000000000000000000, 0.000000000000000000 ) ) ;
#5115 = CARTESIAN_POINT ( 'NONE',  ( -0.4748931623931622603, 0.7599999999999998979, -0.002798653699996567993 ) ) ;
#5116 = ORIENTED_EDGE ( 'NONE', *, *, #3115, .T. ) ;
#5117 = CARTESIAN_POINT ( 'NONE',  ( 1.485000000000000320, -0.4399999999999996136, 2.530000000000001137 ) ) ;
#5118 = EDGE_CURVE ( 'NONE', #1282, #5503, #5030, .T. ) ;
#5119 = CARTESIAN_POINT ( 'NONE',  ( -0.3113396505688628690, 0.7399999999999998801, -0.2110996347335993839 ) ) ;
#5120 = ORIENTED_EDGE ( 'NONE', *, *, #1944, .F. ) ;
#5121 = CARTESIAN_POINT ( 'NONE',  ( 0.09133396609823121737, 0.7399999999999996581, -0.06839962275228257671 ) ) ;
#5122 = VERTEX_POINT ( 'NONE', #5148 ) ;
#5123 = CARTESIAN_POINT ( 'NONE',  ( -0.1492521367521366937, 0.7399999999999998801, -0.1452666024179452842 ) ) ;
#5124 = CARTESIAN_POINT ( 'NONE',  ( 0.3750000000000003331, -0.02999999999999967276, 2.020000000000000018 ) ) ;
#5125 = ORIENTED_EDGE ( 'NONE', *, *, #809, .F. ) ;
#5126 = PLANE ( 'NONE',  #2387 ) ;
#5127 = CARTESIAN_POINT ( 'NONE',  ( 0.05542661721687205251, 0.7599999999999997868, 0.02967232945358110746 ) ) ;
#5128 = ORIENTED_EDGE ( 'NONE', *, *, #187, .T. ) ;
#5129 = EDGE_CURVE ( 'NONE', #1501, #5104, #2117, .T. ) ;
#5130 = VECTOR ( 'NONE', #5278, 1000.000000000000000 ) ;
#5131 = CARTESIAN_POINT ( 'NONE',  ( 0.1416552854627723401, 0.7399999999999999911, 0.1267768611297462045 ) ) ;
#5132 = CARTESIAN_POINT ( 'NONE',  ( -0.2170940170940170166, 0.7599999999999998979, 0.1193167309153880390 ) ) ;
#5133 = CARTESIAN_POINT ( 'NONE',  ( -0.08911678123313071520, 0.7400000000000001021, -0.2167149013363941223 ) ) ;
#5134 = STYLED_ITEM ( 'NONE', ( #1302 ), #323 ) ;
#5135 = FACE_OUTER_BOUND ( 'NONE', #2051, .T. ) ;
#5136 = ORIENTED_EDGE ( 'NONE', *, *, #4667, .F. ) ;
#5137 = DIRECTION ( 'NONE',  ( 1.000000000000000000, 0.000000000000000000, 0.000000000000000000 ) ) ;
#5138 = EDGE_CURVE ( 'NONE', #3373, #1381, #637, .T. ) ;
#5139 = B_SPLINE_CURVE_WITH_KNOTS ( 'NONE', 3,
 ( #3669, #5390, #3416, #842, #2567, #2995, #3884, #4222, #3042, #378, #1293 ),
 .UNSPECIFIED., .F., .F.,
 ( 4, 1, 1, 1, 1, 1, 1, 1, 4 ),
 ( 0.000000000000000000, 0.1182713048357256075, 0.2361775330837630471, 0.3556629329485091473, 0.4759041646706827500, 0.6001273417110829511, 0.7286081161551197782, 0.8613134756739423414, 1.000000000000000000 ),
 .UNSPECIFIED. ) ;
#5140 = CARTESIAN_POINT ( 'NONE',  ( 0.8950000000000005729, -0.4399999999999996136, 2.020000000000000018 ) ) ;
#5141 = VECTOR ( 'NONE', #2033, 1000.000000000000000 ) ;
#5142 = ADVANCED_FACE ( 'NONE', ( #5108 ), #2069, .T. ) ;
#5143 = CARTESIAN_POINT ( 'NONE',  ( -0.5234879070067813833, 0.7399999999999997691, -0.1971862565315576910 ) ) ;
#5144 = CARTESIAN_POINT ( 'NONE',  ( -0.04059912526709395092, 0.7399999999999998801, 0.2753530557017128122 ) ) ;
#5145 = CARTESIAN_POINT ( 'NONE',  ( -0.4315431654240676207, 0.7400000000000001021, 0.0008980509632965237750 ) ) ;
#5146 = CARTESIAN_POINT ( 'NONE',  ( 0.1148110169548999804, 0.7599999999999997868, -0.1269207842041939760 ) ) ;
#5147 = VECTOR ( 'NONE', #5570, 1000.000000000000000 ) ;
#5148 = CARTESIAN_POINT ( 'NONE',  ( 0.4095953525641025106, 0.7399999999999999911, 0.2210795514282085372 ) ) ;
#5149 = CARTESIAN_POINT ( 'NONE',  ( -0.3392094017094016145, 0.7599999999999998979, -0.1436765583474324537 ) ) ;
#5150 = CARTESIAN_POINT ( 'NONE',  ( 0.4915650657059169593, 0.7599999999999997868, 0.1886875346354960903 ) ) ;
#5151 = VERTEX_POINT ( 'NONE', #1321 ) ;
#5152 = PLANE ( 'NONE',  #3614 ) ;
#5153 = MECHANICAL_DESIGN_GEOMETRIC_PRESENTATION_REPRESENTATION (  '', ( #4578 ), #2725 ) ;
#5154 = DIRECTION ( 'NONE',  ( 0.000000000000000000, 0.000000000000000000, 1.000000000000000000 ) ) ;
#5155 = CARTESIAN_POINT ( 'NONE',  ( -0.3392094017094016145, 0.7399999999999999911, -0.1436765583474324537 ) ) ;
#5156 = EDGE_CURVE ( 'NONE', #3081, #1775, #2297, .T. ) ;
#5157 = DIRECTION ( 'NONE',  ( 0.000000000000000000, 0.000000000000000000, 1.000000000000000000 ) ) ;
#5158 = FACE_OUTER_BOUND ( 'NONE', #2771, .T. ) ;
#5159 = CARTESIAN_POINT ( 'NONE',  ( 0.4169129187997653307, 0.7599999999999998979, 0.2752426606208586146 ) ) ;
#5160 = CARTESIAN_POINT ( 'NONE',  ( 0.2150000000000001354, -0.4399999999999996136, 2.020000000000000906 ) ) ;
#5161 = CARTESIAN_POINT ( 'NONE',  ( 0.1118879448044038105, 0.7600000000000000089, -0.1109367007083016388 ) ) ;
#5162 = DIRECTION ( 'NONE',  ( 0.000000000000000000, 1.000000000000000000, 0.000000000000000000 ) ) ;
#5163 = EDGE_LOOP ( 'NONE', ( #417, #292, #3551, #4983 ) ) ;
#5164 = EDGE_CURVE ( 'NONE', #4790, #5047, #2252, .T. ) ;
#5165 = EDGE_LOOP ( 'NONE', ( #3501, #101, #4560, #418 ) ) ;
#5166 = CARTESIAN_POINT ( 'NONE',  ( 0.3250000000000003997, -1.346972987469857941, 2.479999999999999982 ) ) ;
#5167 = CARTESIAN_POINT ( 'NONE',  ( -0.5563034188034187144, 0.7399999999999998801, -0.1452666024179452842 ) ) ;
#5168 = CARTESIAN_POINT ( 'NONE',  ( -0.3392094017094016145, 0.7599999999999998979, -0.1436765583474324537 ) ) ;
#5169 = CARTESIAN_POINT ( 'NONE',  ( 0.2849358974358973673, 0.7599999999999998979, 0.04967280062692649989 ) ) ;
#5170 = CARTESIAN_POINT ( 'NONE',  ( -0.3409686752115278496, 0.7599999999999997868, -0.1599696787731900161 ) ) ;
#5171 = CARTESIAN_POINT ( 'NONE',  ( 0.07155398048844559267, 0.7399999999999998801, -0.2401179049209233862 ) ) ;
#5172 = ORIENTED_EDGE ( 'NONE', *, *, #4425, .T. ) ;
#5173 = CARTESIAN_POINT ( 'NONE',  ( 0.4713800219172640804, 0.7599999999999995648, 0.2041515559060209650 ) ) ;
#5174 = ADVANCED_FACE ( 'NONE', ( #3083 ), #1004, .T. ) ;
#5175 = DIRECTION ( 'NONE',  ( 0.000000000000000000, 0.000000000000000000, 1.000000000000000000 ) ) ;
#5176 = VERTEX_POINT ( 'NONE', #1015 ) ;
#5177 = ORIENTED_EDGE ( 'NONE', *, *, #1764, .F. ) ;
#5178 = CARTESIAN_POINT ( 'NONE',  ( 0.5766559829059828557, 0.7599999999999998979, 0.05221687113974701061 ) ) ;
#5179 = B_SPLINE_CURVE_WITH_KNOTS ( 'NONE', 3,
 ( #5526, #1249, #1698, #4676, #3385, #4230, #4654, #4698, #2082, #5119, #391, #2962, #349, #3408, #799 ),
 .UNSPECIFIED., .F., .F.,
 ( 4, 1, 1, 1, 1, 1, 1, 1, 1, 1, 1, 1, 4 ),
 ( 0.000000000000000000, 0.09025424934267656241, 0.1785397915286845161, 0.2660930338538199935, 0.3546309779571732435, 0.4418861533505626937, 0.5257469151636485760, 0.6081136336036366830, 0.6901972728278824576, 0.7708214843303351493, 0.8483261812554109271, 0.9240117400247433999, 1.000000000000000000 ),
 .UNSPECIFIED. ) ;
#5180 = CARTESIAN_POINT ( 'NONE',  ( 0.4122454260149571170, 0.7400000000000005462, 0.2753530557017128122 ) ) ;
#5181 = CARTESIAN_POINT ( 'NONE',  ( 0.01282470968822979444, 0.7399999999999997691, -0.2171905135978169088 ) ) ;
#5182 = VERTEX_POINT ( 'NONE', #4039 ) ;
#5183 = CARTESIAN_POINT ( 'NONE',  ( -0.5082237902568489396, 0.7600000000000000089, -0.2098609805413381990 ) ) ;
#5184 = FACE_OUTER_BOUND ( 'NONE', #3141, .T. ) ;
#5185 = DIRECTION ( 'NONE',  ( 0.000000000000000000, 0.000000000000000000, 1.000000000000000000 ) ) ;
#5186 = DIRECTION ( 'NONE',  ( -0.000000000000000000, -0.000000000000000000, -1.000000000000000000 ) ) ;
#5187 = ORIENTED_EDGE ( 'NONE', *, *, #5156, .F. ) ;
#5188 = VERTEX_POINT ( 'NONE', #5324 ) ;
#5189 = CARTESIAN_POINT ( 'NONE',  ( -0.3426219924007504747, 0.7599999999999998979, -0.1214671306867397826 ) ) ;
#5190 = CARTESIAN_POINT ( 'NONE',  ( -0.3433308814077237758, 0.7599999999999998979, -0.1677561313120304598 ) ) ;
#5191 = CARTESIAN_POINT ( 'NONE',  ( 0.03920607970676803083, 0.7600000000000000089, -0.2623658934414239696 ) ) ;
#5192 = ORIENTED_EDGE ( 'NONE', *, *, #2115, .T. ) ;
#5193 = CARTESIAN_POINT ( 'NONE',  ( -0.1521909396991592278, 0.7399999999999999911, 0.1627611125250053303 ) ) ;
#5194 = CARTESIAN_POINT ( 'NONE',  ( -0.07334469144971722532, 0.7399999999999998801, -0.2224568258645562013 ) ) ;
#5195 = AXIS2_PLACEMENT_3D ( 'NONE', #3138, #565, #3615 ) ;
#5196 = CARTESIAN_POINT ( 'NONE',  ( 0.4396827865236980215, 0.7399999999999996581, 0.2735577595433380527 ) ) ;
#5197 = CARTESIAN_POINT ( 'NONE',  ( -0.3354973015628364696, 0.7599999999999998979, -0.2401179049209233862 ) ) ;
#5198 = ORIENTED_EDGE ( 'NONE', *, *, #3904, .T. ) ;
#5199 = EDGE_CURVE ( 'NONE', #4348, #425, #2189, .T. ) ;
#5200 = CARTESIAN_POINT ( 'NONE',  ( -0.03922108707264949923, 0.7599999999999998979, -0.2809503631017059022 ) ) ;
#5201 = CARTESIAN_POINT ( 'NONE',  ( -0.2022884893767548375, 0.7599999999999995648, 0.1715532227345266392 ) ) ;
#5202 = AXIS2_PLACEMENT_3D ( 'NONE', #5115, #796, #3753 ) ;
#5203 = CARTESIAN_POINT ( 'NONE',  ( -0.3749999999999994449, -1.346972987469857941, 2.479999999999999982 ) ) ;
#5204 = CARTESIAN_POINT ( 'NONE',  ( -0.3127655993718048699, 0.7399999999999999911, 0.09437341090515467823 ) ) ;
#5205 = AXIS2_PLACEMENT_3D ( 'NONE', #1703, #4719, #4254 ) ;
#5206 = FILL_AREA_STYLE ('',( #1743 ) ) ;
#5207 = EDGE_CURVE ( 'NONE', #620, #2261, #4078, .T. ) ;
#5208 = CARTESIAN_POINT ( 'NONE',  ( -0.2149999999999999134, -0.02999999999999967276, 17.26000000000000156 ) ) ;
#5209 = FACE_OUTER_BOUND ( 'NONE', #232, .T. ) ;
#5210 = VERTEX_POINT ( 'NONE', #4884 ) ;
#5211 = CARTESIAN_POINT ( 'NONE',  ( 0.1293155247422854148, 0.7600000000000001199, 0.1699720140303565552 ) ) ;
#5212 = CARTESIAN_POINT ( 'NONE',  ( -0.2645833333333332260, 0.7399999999999999911, 0.1045823225286358904 ) ) ;
#5213 = PLANE ( 'NONE',  #1826 ) ;
#5214 =( GEOMETRIC_REPRESENTATION_CONTEXT ( 3 ) GLOBAL_UNCERTAINTY_ASSIGNED_CONTEXT ( ( #4059 ) ) GLOBAL_UNIT_ASSIGNED_CONTEXT ( ( #3666, #211, #1102 ) ) REPRESENTATION_CONTEXT ( 'NONE', 'WORKASPACE' ) );
#5215 = VECTOR ( 'NONE', #3023, 1000.000000000000000 ) ;
#5216 = EDGE_CURVE ( 'NONE', #706, #3424, #824, .T. ) ;
#5217 = CARTESIAN_POINT ( 'NONE',  ( -0.3880333353673395269, 0.7599999999999998979, 0.01022986579048607188 ) ) ;
#5218 = CARTESIAN_POINT ( 'NONE',  ( 0.2878387386588055485, 0.7399999999999998801, 0.1250248692740568435 ) ) ;
#5219 = FACE_OUTER_BOUND ( 'NONE', #1132, .T. ) ;
#5220 = CARTESIAN_POINT ( 'NONE',  ( -0.2170940170940170166, 0.7599999999999998979, 0.1193167309153880390 ) ) ;
#5221 = CARTESIAN_POINT ( 'NONE',  ( -0.1492521367521366937, 0.7599999999999998979, -0.1452666024179452842 ) ) ;
#5222 = CARTESIAN_POINT ( 'NONE',  ( 0.1423588501089866065, 0.7399999999999998801, 0.1003027052125861213 ) ) ;
#5223 = PRESENTATION_STYLE_ASSIGNMENT (( #1594 ) ) ;
#5224 = CARTESIAN_POINT ( 'NONE',  ( -0.3409686752115278496, 0.7400000000000002132, -0.1599696787731900161 ) ) ;
#5225 = VECTOR ( 'NONE', #1451, 1000.000000000000000 ) ;
#5226 = VERTEX_POINT ( 'NONE', #3032 ) ;
#5227 = CARTESIAN_POINT ( 'NONE',  ( 0.03920607970676803083, 0.7399999999999999911, -0.2623658934414239696 ) ) ;
#5228 = CARTESIAN_POINT ( 'NONE',  ( -0.3478907116406676492, 0.7399999999999998801, -0.03188140679386135268 ) ) ;
#5229 = CARTESIAN_POINT ( 'NONE',  ( -0.1683674651250395837, 0.7399999999999998801, 0.1233911650643369634 ) ) ;
#5230 = CARTESIAN_POINT ( 'NONE',  ( -0.3392094017094016145, 0.7399999999999999911, -0.1436765583474324537 ) ) ;
#5231 = COLOUR_RGB ( '',0.2509803921568627416, 0.2509803921568627416, 0.2509803921568627416 ) ;
#5232 = CARTESIAN_POINT ( 'NONE',  ( 0.5549094145268849143, 0.7399999999999997691, 0.1880677104627266616 ) ) ;
#5233 = ORIENTED_EDGE ( 'NONE', *, *, #2400, .T. ) ;
#5234 = CARTESIAN_POINT ( 'NONE',  ( 2.044999999999999485, -0.7600000000000001199, 1.510000000000000009 ) ) ;
#5235 = FILL_AREA_STYLE_COLOUR ( '', #4387 ) ;
#5236 = CARTESIAN_POINT ( 'NONE',  ( -0.07375391214200137380, 0.7399999999999997691, 0.2731978099680195671 ) ) ;
#5237 = CARTESIAN_POINT ( 'NONE',  ( -0.1566364228551615778, 0.7600000000000000089, 0.2358554495493987158 ) ) ;
#5238 = CARTESIAN_POINT ( 'NONE',  ( -0.3142536839462491405, 0.7399999999999994360, 0.1308800587138785054 ) ) ;
#5239 = ORIENTED_EDGE ( 'NONE', *, *, #1533, .T. ) ;
#5240 = CARTESIAN_POINT ( 'NONE',  ( -0.4321671231058022977, 0.7399999999999997691, 0.2208043462399208456 ) ) ;
#5241 = ADVANCED_FACE ( 'NONE', ( #767 ), #2868, .T. ) ;
#5242 = CARTESIAN_POINT ( 'NONE',  ( -0.3465784119100817628, 0.7400000000000004352, -0.1752639192909259125 ) ) ;
#5243 = ORIENTED_EDGE ( 'NONE', *, *, #5049, .T. ) ;
#5244 = DIRECTION ( 'NONE',  ( 0.000000000000000000, 0.000000000000000000, -1.000000000000000000 ) ) ;
#5245 = CARTESIAN_POINT ( 'NONE',  ( 0.09428568267947726178, 0.7399999999999999911, 0.09437341090515467823 ) ) ;
#5246 = CARTESIAN_POINT ( 'NONE',  ( 0.1347736856084643664, 0.7599999999999997868, 0.05498397798048406532 ) ) ;
#5247 = VECTOR ( 'NONE', #4835, 1000.000000000000000 ) ;
#5248 = B_SPLINE_CURVE_WITH_KNOTS ( 'NONE', 3,
 ( #4848, #986, #5341, #2761, #148, #1039, #1263, #815, #2551, #2999, #385 ),
 .UNSPECIFIED., .F., .F.,
 ( 4, 1, 1, 1, 1, 1, 1, 1, 4 ),
 ( 0.000000000000000000, 0.1281355097972547985, 0.2541727119019795422, 0.3781116451390017508, 0.5017122630072844425, 0.6239863093684847595, 0.7470956136177411278, 0.8728746366500621523, 1.000000000000000000 ),
 .UNSPECIFIED. ) ;
#5249 = FACE_OUTER_BOUND ( 'NONE', #1976, .T. ) ;
#5250 = EDGE_CURVE ( 'NONE', #966, #424, #3939, .T. ) ;
#5251 = CARTESIAN_POINT ( 'NONE',  ( 0.001421150541716615289, 0.7400000000000002132, -0.2765625067216413990 ) ) ;
#5252 = CARTESIAN_POINT ( 'NONE',  ( -0.1779106300883982195, 0.7600000000000001199, 0.2136092300077266359 ) ) ;
#5253 = CARTESIAN_POINT ( 'NONE',  ( 0.5665432340390677002, 0.7599999999999998979, 0.1553309589069446217 ) ) ;
#5254 = CARTESIAN_POINT ( 'NONE',  ( -0.3121524194612235736, 0.7599999999999998979, 0.1128239493525657056 ) ) ;
#5255 = CARTESIAN_POINT ( 'NONE',  ( -0.3121524194612235736, 0.7399999999999998801, 0.1128239493525657056 ) ) ;
#5256 = CARTESIAN_POINT ( 'NONE',  ( -0.5947451038965574366, 0.7400000000000002132, -0.1758851487156786741 ) ) ;
#5257 = ORIENTED_EDGE ( 'NONE', *, *, #2814, .F. ) ;
#5258 = CARTESIAN_POINT ( 'NONE',  ( -0.3249999999999994560, -0.4399999999999996136, 2.020000000000000018 ) ) ;
#5259 = CARTESIAN_POINT ( 'NONE',  ( -0.03975110176282044966, 0.7399999999999999911, 0.2210795514282085372 ) ) ;
#5260 = CARTESIAN_POINT ( 'NONE',  ( 0.06697226384912539909, 0.7399999999999999911, 0.04056885120919018900 ) ) ;
#5261 = ORIENTED_EDGE ( 'NONE', *, *, #4127, .F. ) ;
#5262 = DIRECTION ( 'NONE',  ( -0.000000000000000000, -0.000000000000000000, -1.000000000000000000 ) ) ;
#5263 = VECTOR ( 'NONE', #408, 1000.000000000000000 ) ;
#5264 = ADVANCED_FACE ( 'NONE', ( #1251 ), #2434, .F. ) ;
#5265 = MECHANICAL_DESIGN_GEOMETRIC_PRESENTATION_REPRESENTATION (  '', ( #3284 ), #509 ) ;
#5266 = DIRECTION ( 'NONE',  ( 0.000000000000000000, 1.000000000000000000, 0.000000000000000000 ) ) ;
#5267 = VECTOR ( 'NONE', #4818, 1000.000000000000000 ) ;
#5268 = ORIENTED_EDGE ( 'NONE', *, *, #5518, .T. ) ;
#5269 = CARTESIAN_POINT ( 'NONE',  ( -0.5516311701603560103, 0.7599999999999997868, -0.1558226490891563842 ) ) ;
#5270 = CARTESIAN_POINT ( 'NONE',  ( -0.03479908410051277962, 0.7399999999999997691, 0.2209864324206061159 ) ) ;
#5271 = EDGE_CURVE ( 'NONE', #5424, #1445, #1182, .T. ) ;
#5272 = LINE ( 'NONE', #5582, #3984 ) ;
#5273 = ORIENTED_EDGE ( 'NONE', *, *, #3384, .F. ) ;
#5274 = CARTESIAN_POINT ( 'NONE',  ( 0.3416902132748656507, 0.7600000000000001199, 0.2635436738404903778 ) ) ;
#5275 = DIRECTION ( 'NONE',  ( 0.7071067811865487940, 0.7071067811865463515, -0.000000000000000000 ) ) ;
#5276 = LINE ( 'NONE', #3059, #4934 ) ;
#5277 = ORIENTED_EDGE ( 'NONE', *, *, #2056, .F. ) ;
#5278 = DIRECTION ( 'NONE',  ( -1.000000000000000000, 0.000000000000000000, 0.000000000000000000 ) ) ;
#5279 = APPLICATION_PROTOCOL_DEFINITION ( 'draft international standard', 'automotive_design', 1998, #4438 ) ;
#5280 = B_SPLINE_CURVE_WITH_KNOTS ( 'NONE', 3,
 ( #3828, #4245, #2627, #3002, #1330, #3457, #4283, #887, #387, #4732, #2980, #3436, #2610, #18, #3921, #3048, #3480, #4319, #3870 ),
 .UNSPECIFIED., .F., .F.,
 ( 4, 1, 1, 1, 1, 1, 1, 1, 1, 1, 1, 1, 1, 1, 1, 1, 4 ),
 ( 0.000000000000000000, 0.07607173695556482262, 0.1487517145745115843, 0.2184027938458450724, 0.2857595810623857480, 0.3505980236748785783, 0.4149640445981283010, 0.4780693385717816879, 0.5417606760069072491, 0.6043498585387178101, 0.6640750210708964429, 0.7214636230801987349, 0.7775871282364448245, 0.8326444469271313542, 0.8878435110684598230, 0.9434603426519471148, 1.000000000000000000 ),
 .UNSPECIFIED. ) ;
#5281 = EDGE_CURVE ( 'NONE', #3121, #1400, #2939, .T. ) ;
#5282 = VECTOR ( 'NONE', #1535, 1000.000000000000000 ) ;
#5283 = CARTESIAN_POINT ( 'NONE',  ( -0.3302008782760163519, 0.7599999999999995648, 0.05278139822689850713 ) ) ;
#5284 = CARTESIAN_POINT ( 'NONE',  ( 0.06608260683975412941, 0.7400000000000001021, -0.1599696787731899883 ) ) ;
#5285 = AXIS2_PLACEMENT_3D ( 'NONE', #3395, #5501, #2129 ) ;
#5286 = VECTOR ( 'NONE', #1593, 1000.000000000000000 ) ;
#5287 = CARTESIAN_POINT ( 'NONE',  ( 0.1150796773317892679, 0.7599999999999998979, -0.1492786175056393660 ) ) ;
#5288 = CARTESIAN_POINT ( 'NONE',  ( -0.04625656709561524332, 0.7399999999999998801, 0.2752217901257265065 ) ) ;
#5289 = LINE ( 'NONE', #1469, #3334 ) ;
#5290 = CARTESIAN_POINT ( 'NONE',  ( -0.2688646427662932936, 0.7599999999999998979, 0.06693906457532636245 ) ) ;
#5291 = CARTESIAN_POINT ( 'NONE',  ( 0.09497863247863254366, 0.7599999999999998979, 0.1091404488641059822 ) ) ;
#5292 = ADVANCED_FACE ( 'NONE', ( #5486 ), #1654, .T. ) ;
#5293 = CARTESIAN_POINT ( 'NONE',  ( 0.2857090043472008123, 0.7599999999999998979, 0.2284472857858953210 ) ) ;
#5294 = CARTESIAN_POINT ( 'NONE',  ( -0.1683674651250395837, 0.7399999999999998801, 0.1233911650643369634 ) ) ;
#5295 = VERTEX_POINT ( 'NONE', #272 ) ;
#5296 = CARTESIAN_POINT ( 'NONE',  ( 0.3950000000000060130, 2.409999999999998810, -1.510000000000000009 ) ) ;
#5297 = AXIS2_PLACEMENT_3D ( 'NONE', #1429, #1013, #4901 ) ;
#5298 = CARTESIAN_POINT ( 'NONE',  ( -0.4188793392919265557, 0.7399999999999997691, -0.06367354875165437411 ) ) ;
#5299 = ORIENTED_EDGE ( 'NONE', *, *, #1227, .F. ) ;
#5300 = ORIENTED_EDGE ( 'NONE', *, *, #187, .F. ) ;
#5301 = CARTESIAN_POINT ( 'NONE',  ( 0.08551570169944064381, 0.7600000000000001199, -0.01593448319721313747 ) ) ;
#5302 = CARTESIAN_POINT ( 'NONE',  ( 0.5242141071989099288, 0.7399999999999999911, 0.1299580907682700015 ) ) ;
#5303 = ORIENTED_EDGE ( 'NONE', *, *, #4097, .T. ) ;
#5304 = ORIENTED_EDGE ( 'NONE', *, *, #2056, .T. ) ;
#5305 = DIRECTION ( 'NONE',  ( 0.000000000000000000, 0.000000000000000000, -1.000000000000000000 ) ) ;
#5306 = CARTESIAN_POINT ( 'NONE',  ( 0.06667468027174196232, 0.7399999999999997691, 0.1792490791078872325 ) ) ;
#5307 = VERTEX_POINT ( 'NONE', #5453 ) ;
#5308 = CARTESIAN_POINT ( 'NONE',  ( -2.045000000000000373, -0.5100000000000002309, 1.450000000000000622 ) ) ;
#5309 = CARTESIAN_POINT ( 'NONE',  ( 0.3824509495228373135, 0.7599999999999998979, 0.2736677018943205475 ) ) ;
#5310 = CARTESIAN_POINT ( 'NONE',  ( -0.1410492038215268862, 0.7399999999999998801, 0.1793579369062902606 ) ) ;
#5311 = CARTESIAN_POINT ( 'NONE',  ( -0.5941330951202103972, 0.7599999999999998979, 0.2007584320339496908 ) ) ;
#5312 = UNCERTAINTY_MEASURE_WITH_UNIT (LENGTH_MEASURE( 1.000000000000000082E-05 ), #687, 'distance_accuracy_value', 'NONE');
#5313 = ORIENTED_EDGE ( 'NONE', *, *, #3688, .F. ) ;
#5314 = EDGE_CURVE ( 'NONE', #5429, #38, #2109, .T. ) ;
#5315 = CARTESIAN_POINT ( 'NONE',  ( 0.009732525465399937889, 0.7399999999999999911, 0.007406389022562454710 ) ) ;
#5316 = DIRECTION ( 'NONE',  ( -1.000000000000000000, 0.000000000000000000, 0.000000000000000000 ) ) ;
#5317 = CARTESIAN_POINT ( 'NONE',  ( 0.09931604714031443126, 0.7399999999999999911, -0.003740011632993730031 ) ) ;
#5318 = CARTESIAN_POINT ( 'NONE',  ( 0.5252248893435859101, 0.7400000000000001021, 0.1257976917081018164 ) ) ;
#5319 = CARTESIAN_POINT ( 'NONE',  ( -0.3540151058666406447, 0.7399999999999997691, -0.1009911466906706634 ) ) ;
#5320 = DIRECTION ( 'NONE',  ( 0.000000000000000000, 0.000000000000000000, -1.000000000000000000 ) ) ;
#5321 = ORIENTED_EDGE ( 'NONE', *, *, #3063, .F. ) ;
#5322 = CARTESIAN_POINT ( 'NONE',  ( 0.004867414466635621231, 0.7399999999999998801, -0.06925023853538182783 ) ) ;
#5323 = CARTESIAN_POINT ( 'NONE',  ( 0.08069974002119836842, 0.7599999999999998979, 0.1610504477046010297 ) ) ;
#5324 = CARTESIAN_POINT ( 'NONE',  ( 2.044999999999999485, -0.4500000000000008438, 1.510000000000000009 ) ) ;
#5325 = DIRECTION ( 'NONE',  ( -0.000000000000000000, -1.000000000000000000, -0.000000000000000000 ) ) ;
#5326 = CARTESIAN_POINT ( 'NONE',  ( -0.4476504073183759091, 0.7400000000000002132, 0.2753530557017128122 ) ) ;
#5327 = PLANE ( 'NONE',  #1157 ) ;
#5328 = DIRECTION ( 'NONE',  ( -0.000000000000000000, -1.000000000000000000, -0.000000000000000000 ) ) ;
#5329 = CARTESIAN_POINT ( 'NONE',  ( -0.4808051941932832696, 0.7399999999999997691, 0.2731978099680195671 ) ) ;
#5330 =( LENGTH_UNIT ( ) NAMED_UNIT ( * ) SI_UNIT ( .MILLI., .METRE. ) );
#5331 = DIRECTION ( 'NONE',  ( -1.000000000000000000, 0.000000000000000000, 0.000000000000000000 ) ) ;
#5332 = LINE ( 'NONE', #4701, #4109 ) ;
#5333 = ORIENTED_EDGE ( 'NONE', *, *, #4713, .F. ) ;
#5334 = DIRECTION ( 'NONE',  ( -0.000000000000000000, -1.000000000000000000, -0.000000000000000000 ) ) ;
#5335 = FACE_OUTER_BOUND ( 'NONE', #3563, .T. ) ;
#5336 = CARTESIAN_POINT ( 'NONE',  ( -0.2823407337897153035, 0.7399999999999997691, 0.03207697357080436379 ) ) ;
#5337 = DIRECTION ( 'NONE',  ( -1.000000000000000000, 0.000000000000000000, -0.000000000000000000 ) ) ;
#5338 = CARTESIAN_POINT ( 'NONE',  ( -0.4741012104175107433, 0.7399999999999999911, -0.2789053301250218886 ) ) ;
#5339 = VECTOR ( 'NONE', #1990, 1000.000000000000000 ) ;
#5340 = EDGE_CURVE ( 'NONE', #4472, #5503, #970, .T. ) ;
#5341 = CARTESIAN_POINT ( 'NONE',  ( -0.2885751537736163108, 0.7399999999999997691, 0.02095896632405153462 ) ) ;
#5342 = DIRECTION ( 'NONE',  ( -0.000000000000000000, -1.000000000000000000, -0.000000000000000000 ) ) ;
#5343 = CARTESIAN_POINT ( 'NONE',  ( 0.4095953525641025106, 0.7599999999999998979, 0.2210795514282085372 ) ) ;
#5344 = LINE ( 'NONE', #4253, #4187 ) ;
#5345 = CARTESIAN_POINT ( 'NONE',  ( -0.06528965429155668410, 0.7599999999999997868, 0.2194194815969774948 ) ) ;
#5346 = FACE_OUTER_BOUND ( 'NONE', #4479, .T. ) ;
#5347 = ORIENTED_EDGE ( 'NONE', *, *, #775, .F. ) ;
#5348 = FILL_AREA_STYLE_COLOUR ( '', #4712 ) ;
#5349 = APPLICATION_CONTEXT ( 'automotive_design' ) ;
#5350 = EDGE_CURVE ( 'NONE', #3746, #653, #3972, .T. ) ;
#5351 = LINE ( 'NONE', #2100, #5012 ) ;
#5352 = DIRECTION ( 'NONE',  ( -0.000000000000000000, -1.000000000000000000, -0.000000000000000000 ) ) ;
#5353 = CARTESIAN_POINT ( 'NONE',  ( 0.003502508300205700240, 0.7400000000000005462, -0.2206995692730533143 ) ) ;
#5354 = AXIS2_PLACEMENT_3D ( 'NONE', #3541, #2226, #2670 ) ;
#5355 = CARTESIAN_POINT ( 'NONE',  ( -0.5358272081027574130, 0.7399999999999999911, -0.2541703004106560249 ) ) ;
#5356 = ORIENTED_EDGE ( 'NONE', *, *, #4363, .F. ) ;
#5357 = VERTEX_POINT ( 'NONE', #310 ) ;
#5358 = DIRECTION ( 'NONE',  ( 0.000000000000000000, 0.000000000000000000, -1.000000000000000000 ) ) ;
#5359 = CARTESIAN_POINT ( 'NONE',  ( -0.1696047008547007795, 0.7599999999999998979, 0.1193167309153880390 ) ) ;
#5360 = CARTESIAN_POINT ( 'NONE',  ( 0.1070122046563648510, 0.7600000000000000089, 0.005776318033700902216 ) ) ;
#5361 = DIRECTION ( 'NONE',  ( 0.000000000000000000, 1.000000000000000000, 0.000000000000000000 ) ) ;
#5362 = CARTESIAN_POINT ( 'NONE',  ( -0.2918960093545820422, 0.7399999999999997691, -0.1378694775575425580 ) ) ;
#5363 = ORIENTED_EDGE ( 'NONE', *, *, #1033, .F. ) ;
#5364 = DIRECTION ( 'NONE',  ( 0.000000000000000000, 0.000000000000000000, 1.000000000000000000 ) ) ;
#5365 = CARTESIAN_POINT ( 'NONE',  ( 0.2864218776077366302, 0.7399999999999997691, 0.1154798787627297485 ) ) ;
#5366 = VECTOR ( 'NONE', #3847, 1000.000000000000000 ) ;
#5367 =( LENGTH_UNIT ( ) NAMED_UNIT ( * ) SI_UNIT ( .MILLI., .METRE. ) );
#5368 = CARTESIAN_POINT ( 'NONE',  ( 0.004867414466635621231, 0.7600000000000000089, -0.06925023853538182783 ) ) ;
#5369 = CARTESIAN_POINT ( 'NONE',  ( -0.1284057985046225259, 0.7599999999999997868, -0.1829908014538720040 ) ) ;
#5370 = ORIENTED_EDGE ( 'NONE', *, *, #1897, .T. ) ;
#5371 = CARTESIAN_POINT ( 'NONE',  ( 0.1153311965811966433, 0.7599999999999998979, -0.1434645524713640541 ) ) ;
#5372 = CARTESIAN_POINT ( 'NONE',  ( -0.5374493438378942223, 0.7399999999999998801, 0.1904945992837297486 ) ) ;
#5373 = CARTESIAN_POINT ( 'NONE',  ( -0.5999910465519745495, 0.7599999999999997868, -0.1610069080875717040 ) ) ;
#5374 = ORIENTED_EDGE ( 'NONE', *, *, #5138, .T. ) ;
#5375 = CARTESIAN_POINT ( 'NONE',  ( 0.1423588501089866065, 0.7599999999999998979, 0.1003027052125861213 ) ) ;
#5376 = VECTOR ( 'NONE', #2329, 1000.000000000000000 ) ;
#5377 = CARTESIAN_POINT ( 'NONE',  ( -0.4418503661517947378, 0.7599999999999997868, 0.2209864324206061437 ) ) ;
#5378 = CARTESIAN_POINT ( 'NONE',  ( 0.2468808426816238577, 0.7599999999999998979, 0.1637319619517128011 ) ) ;
#5379 = EDGE_CURVE ( 'NONE', #4129, #4735, #631, .T. ) ;
#5380 = CARTESIAN_POINT ( 'NONE',  ( -0.3749999999999994449, -0.4399999999999996136, 2.479999999999999982 ) ) ;
#5381 = ORIENTED_EDGE ( 'NONE', *, *, #5199, .F. ) ;
#5382 = CARTESIAN_POINT ( 'NONE',  ( -0.3394001243868244311, 0.7399999999999996581, -0.1399152004083543122 ) ) ;
#5383 = ORIENTED_EDGE ( 'NONE', *, *, #1152, .T. ) ;
#5384 = CARTESIAN_POINT ( 'NONE',  ( 0.2870559561965811413, 0.7399999999999999911, 0.1200587514816273543 ) ) ;
#5385 = ORIENTED_EDGE ( 'NONE', *, *, #144, .T. ) ;
#5386 = DIRECTION ( 'NONE',  ( 0.000000000000000000, 1.000000000000000000, 0.000000000000000000 ) ) ;
#5387 = CIRCLE ( 'NONE', #4886, 0.2500000000000000000 ) ;
#5388 = CARTESIAN_POINT ( 'NONE',  ( 0.06727171992806589562, 0.7599999999999998979, -0.1324320779949745841 ) ) ;
#5389 = CARTESIAN_POINT ( 'NONE',  ( -0.5002655984730184358, 0.7400000000000001021, -0.2723765732016598662 ) ) ;
#5390 = CARTESIAN_POINT ( 'NONE',  ( -0.1251947363467924845, 0.7600000000000002309, 0.1947429943535728958 ) ) ;
#5391 = DIRECTION ( 'NONE',  ( -0.000000000000000000, -1.000000000000000000, -0.000000000000000000 ) ) ;
#5392 = VECTOR ( 'NONE', #798, 1000.000000000000000 ) ;
#5393 = ORIENTED_EDGE ( 'NONE', *, *, #5056, .T. ) ;
#5394 = CARTESIAN_POINT ( 'NONE',  ( -0.4808051941932832696, 0.7599999999999997868, 0.2731978099680195671 ) ) ;
#5395 = CARTESIAN_POINT ( 'NONE',  ( 0.5291666666666664520, 0.7599999999999998979, -0.2673819870333298820 ) ) ;
#5396 = CIRCLE ( 'NONE', #1104, 0.05000000000000012768 ) ;
#5397 = CARTESIAN_POINT ( 'NONE',  ( 0.04849025891068804023, 0.7599999999999997868, 0.1955717017539619074 ) ) ;
#5398 = VECTOR ( 'NONE', #3202, 1000.000000000000000 ) ;
#5399 = CARTESIAN_POINT ( 'NONE',  ( -0.1954548899718257515, 0.7599999999999998979, -0.1505934184475560544 ) ) ;
#5400 = UNCERTAINTY_MEASURE_WITH_UNIT (LENGTH_MEASURE( 1.000000000000000082E-05 ), #1837, 'distance_accuracy_value', 'NONE');
#5401 = VECTOR ( 'NONE', #4471, 1000.000000000000000 ) ;
#5402 = VERTEX_POINT ( 'NONE', #4302 ) ;
#5403 = VECTOR ( 'NONE', #969, 1000.000000000000000 ) ;
#5404 = CARTESIAN_POINT ( 'NONE',  ( -0.3535197983440169778, 0.7399999999999999911, -0.03459953511025299494 ) ) ;
#5405 = CARTESIAN_POINT ( 'NONE',  ( -1.644999999999999574, -0.4399999999999996136, 2.070000000000000284 ) ) ;
#5406 = LINE ( 'NONE', #4925, #1023 ) ;
#5407 = ADVANCED_FACE ( 'NONE', ( #2325 ), #614, .T. ) ;
#5408 = CARTESIAN_POINT ( 'NONE',  ( -0.3264023546495642969, 0.7399999999999998801, -0.05605251782456326798 ) ) ;
#5409 = CARTESIAN_POINT ( 'NONE',  ( 0.08069974002119836842, 0.7599999999999998979, 0.1610504477046010297 ) ) ;
#5410 = EDGE_LOOP ( 'NONE', ( #4838, #2511, #4227, #4071 ) ) ;
#5411 = CARTESIAN_POINT ( 'NONE',  ( -0.1954548899718257515, 0.7599999999999998979, -0.1505934184475560544 ) ) ;
#5412 = CARTESIAN_POINT ( 'NONE',  ( 0.4353132657647580395, 0.7599999999999997868, 0.2185884192747127863 ) ) ;
#5413 = CARTESIAN_POINT ( 'NONE',  ( 0.8950000000000005729, -0.4399999999999996136, 2.020000000000000018 ) ) ;
#5414 = CARTESIAN_POINT ( 'NONE',  ( -2.045000000000000373, 0.7599999999999998979, -1.510000000000000009 ) ) ;
#5415 = CARTESIAN_POINT ( 'NONE',  ( 1.485000000000000320, -0.4399999999999996136, 17.26000000000000156 ) ) ;
#5416 = ORIENTED_EDGE ( 'NONE', *, *, #4354, .F. ) ;
#5417 = VERTEX_POINT ( 'NONE', #3197 ) ;
#5418 = CARTESIAN_POINT ( 'NONE',  ( 0.05961738099206752989, 0.7600000000000000089, -0.1110173502982743504 ) ) ;
#5419 = CARTESIAN_POINT ( 'NONE',  ( 0.2410538243217370813, 0.7399999999999995470, 0.1330480892162473061 ) ) ;
#5420 = CARTESIAN_POINT ( 'NONE',  ( -0.2134261664136787862, 0.7399999999999999911, 0.1377269964403936009 ) ) ;
#5421 = PRESENTATION_STYLE_ASSIGNMENT (( #4792 ) ) ;
#5422 = CARTESIAN_POINT ( 'NONE',  ( -0.4035487737510764505, 0.7600000000000001199, -0.2206995692730533143 ) ) ;
#5423 = CARTESIAN_POINT ( 'NONE',  ( 0.2387686534234078617, 0.7399999999999998801, 0.1051536754171249477 ) ) ;
#5424 = VERTEX_POINT ( 'NONE', #3659 ) ;
#5425 = EDGE_LOOP ( 'NONE', ( #4816, #1728, #4106, #3289 ) ) ;
#5426 = DIRECTION ( 'NONE',  ( 0.000000000000000000, -0.000000000000000000, 1.000000000000000000 ) ) ;
#5427 = CARTESIAN_POINT ( 'NONE',  ( 0.4713800219172640804, 0.7599999999999995648, 0.2041515559060209650 ) ) ;
#5428 = CARTESIAN_POINT ( 'NONE',  ( 0.1368165742281664821, 0.7599999999999998979, 0.1486200630909850218 ) ) ;
#5429 = VERTEX_POINT ( 'NONE', #4062 ) ;
#5430 = ORIENTED_EDGE ( 'NONE', *, *, #4182, .F. ) ;
#5431 = CARTESIAN_POINT ( 'NONE',  ( -0.2961722088675212694, 0.7599999999999998979, 0.01055771649231113454 ) ) ;
#5432 = DIRECTION ( 'NONE',  ( -0.000000000000000000, -1.000000000000000000, -0.000000000000000000 ) ) ;
#5433 = VECTOR ( 'NONE', #1316, 1000.000000000000000 ) ;
#5434 = ORIENTED_EDGE ( 'NONE', *, *, #252, .T. ) ;
#5435 = ADVANCED_FACE ( 'NONE', ( #1379 ), #4474, .T. ) ;
#5436 = DIRECTION ( 'NONE',  ( 0.000000000000000000, 0.000000000000000000, -1.000000000000000000 ) ) ;
#5437 = CARTESIAN_POINT ( 'NONE',  ( 0.000000000000000000, 0.7599999999999998979, 0.7500000000000001110 ) ) ;
#5438 = CARTESIAN_POINT ( 'NONE',  ( 0.2444003316662060332, 0.7599999999999998979, 0.1548046113452772599 ) ) ;
#5439 = LINE ( 'NONE', #4921, #5376 ) ;
#5440 = ORIENTED_EDGE ( 'NONE', *, *, #3932, .T. ) ;
#5441 = B_SPLINE_CURVE_WITH_KNOTS ( 'NONE', 3,
 ( #1063, #3630, #204, #1492, #1883, #584, #4949, #2354, #1079, #1458, #4028 ),
 .UNSPECIFIED., .F., .F.,
 ( 4, 1, 1, 1, 1, 1, 1, 1, 4 ),
 ( 0.000000000000000000, 0.1182713048357254132, 0.2361775330837629361, 0.3556629329485088697, 0.4759041646706826945, 0.6001273417110831732, 0.7286081161551197782, 0.8613134756739423414, 1.000000000000000000 ),
 .UNSPECIFIED. ) ;
#5442 = EDGE_LOOP ( 'NONE', ( #1298, #4299, #3252, #276, #765, #2178, #1755, #4632, #114, #2657, #4686, #484, #5233 ) ) ;
#5443 = CARTESIAN_POINT ( 'NONE',  ( -1.594999999999999529, -1.346972987469857941, 2.479999999999999982 ) ) ;
#5444 = CARTESIAN_POINT ( 'NONE',  ( 0.5733909163068441339, 0.7400000000000008793, 0.1160982519445943467 ) ) ;
#5445 = SURFACE_SIDE_STYLE ('',( #2993 ) ) ;
#5446 = CARTESIAN_POINT ( 'NONE',  ( -0.6229015555593088171, 0.7599999999999996758, 0.1255595285804745331 ) ) ;
#5447 = CARTESIAN_POINT ( 'NONE',  ( -0.1476645593014215274, 0.7600000000000000089, -0.1488534281509453217 ) ) ;
#5448 = EDGE_CURVE ( 'NONE', #5402, #4955, #5102, .T. ) ;
#5449 = CARTESIAN_POINT ( 'NONE',  ( -0.5730122162149483556, 0.7599999999999994538, 0.1313162933923128495 ) ) ;
#5450 = LINE ( 'NONE', #5514, #3713 ) ;
#5451 = CARTESIAN_POINT ( 'NONE',  ( 0.2860528886767617629, 0.7599999999999998979, 0.1099925410106834395 ) ) ;
#5452 = CARTESIAN_POINT ( 'NONE',  ( -0.2688646427662932936, 0.7599999999999998979, 0.06693906457532636245 ) ) ;
#5453 = CARTESIAN_POINT ( 'NONE',  ( 0.2150000000000001354, -0.4399999999999996136, 2.020000000000000018 ) ) ;
#5454 = VECTOR ( 'NONE', #1738, 1000.000000000000000 ) ;
#5455 = CARTESIAN_POINT ( 'NONE',  ( -0.3543248953231464826, 0.7399999999999999911, 0.2535713306169012360 ) ) ;
#5456 = VECTOR ( 'NONE', #547, 1000.000000000000000 ) ;
#5457 = CARTESIAN_POINT ( 'NONE',  ( -0.3302008782760163519, 0.7599999999999995648, 0.05278139822689850713 ) ) ;
#5458 = ADVANCED_FACE ( 'NONE', ( #4408 ), #76, .F. ) ;
#5459 = CARTESIAN_POINT ( 'NONE',  ( 0.4353132657647580395, 0.7400000000000002132, 0.2185884192747127863 ) ) ;
#5460 = CARTESIAN_POINT ( 'NONE',  ( 0.5143742770885108007, 0.7399999999999998801, 0.1576453657266249919 ) ) ;
#5461 = CARTESIAN_POINT ( 'NONE',  ( 0.3642851589035067672, 0.7400000000000001021, 0.2133023382607729113 ) ) ;
#5462 = CARTESIAN_POINT ( 'NONE',  ( 0.09497863247863254366, 0.7400000000000002132, 0.1091404488641059822 ) ) ;
#5463 = CARTESIAN_POINT ( 'NONE',  ( 0.5766559829059828557, 0.7599999999999998979, -0.2673819870333298820 ) ) ;
#5464 = DIRECTION ( 'NONE',  ( 0.000000000000000000, 0.000000000000000000, 1.000000000000000000 ) ) ;
#5465 =( BOUNDED_CURVE ( )  B_SPLINE_CURVE ( 3, ( #858, #1742, #4764, #536 ),
 .UNSPECIFIED., .F., .F. ) 
 B_SPLINE_CURVE_WITH_KNOTS ( ( 4, 4 ),
 ( 0.000000000000000000, 1.570796326794896558 ),
 .UNSPECIFIED. ) 
 CURVE ( )  GEOMETRIC_REPRESENTATION_ITEM ( )  RATIONAL_B_SPLINE_CURVE ( ( 1.000000000000000000, 0.8047378541243649375, 0.8047378541243649375, 1.000000000000000000 ) ) 
 REPRESENTATION_ITEM ( '' )  );
#5466 = VECTOR ( 'NONE', #738, 1000.000000000000000 ) ;
#5467 = EDGE_CURVE ( 'NONE', #2941, #2395, #3354, .T. ) ;
#5468 = ORIENTED_EDGE ( 'NONE', *, *, #252, .F. ) ;
#5469 = CARTESIAN_POINT ( 'NONE',  ( -0.06704992836622862551, 0.7600000000000000089, -0.2789053301250217776 ) ) ;
#5470 = CARTESIAN_POINT ( 'NONE',  ( -0.3249999999999994560, -0.02999999999999964501, 2.070000000000000284 ) ) ;
#5471 = LINE ( 'NONE', #3813, #1030 ) ;
#5472 = CARTESIAN_POINT ( 'NONE',  ( -0.3168157390467828405, 0.7600000000000002309, 0.2265976142911315661 ) ) ;
#5473 = EDGE_CURVE ( 'NONE', #1880, #275, #901, .T. ) ;
#5474 = CARTESIAN_POINT ( 'NONE',  ( -0.6152635589211409295, 0.7400000000000002132, 0.1551870807173011957 ) ) ;
#5475 = CARTESIAN_POINT ( 'NONE',  ( -0.5412437413150487098, 0.7399999999999996581, -0.1748164176988359075 ) ) ;
#5476 = CARTESIAN_POINT ( 'NONE',  ( 0.06802412020470907650, 0.7399999999999998801, -0.04456670463136384180 ) ) ;
#5477 = ORIENTED_EDGE ( 'NONE', *, *, #5350, .T. ) ;
#5478 = ORIENTED_EDGE ( 'NONE', *, *, #1152, .F. ) ;
#5479 = DIRECTION ( 'NONE',  ( 0.000000000000000000, 1.000000000000000000, 0.000000000000000000 ) ) ;
#5480 = DIRECTION ( 'NONE',  ( 0.000000000000000000, 0.000000000000000000, 1.000000000000000000 ) ) ;
#5481 = CARTESIAN_POINT ( 'NONE',  ( 0.09000311420949996810, 0.7399999999999998801, 0.1413210960091365043 ) ) ;
#5482 = CARTESIAN_POINT ( 'NONE',  ( -0.08034404998735029946, 0.7599999999999998979, -0.2761601940416540946 ) ) ;
#5483 = VERTEX_POINT ( 'NONE', #2018 ) ;
#5484 = ORIENTED_EDGE ( 'NONE', *, *, #1665, .T. ) ;
#5485 = ADVANCED_FACE ( 'NONE', ( #4609 ), #678, .T. ) ;
#5486 = FACE_OUTER_BOUND ( 'NONE', #558, .T. ) ;
#5487 = DIRECTION ( 'NONE',  ( -0.000000000000000000, -1.000000000000000000, -0.000000000000000000 ) ) ;
#5488 = DIRECTION ( 'NONE',  ( 0.000000000000000000, 0.000000000000000000, -1.000000000000000000 ) ) ;
#5489 = ORIENTED_EDGE ( 'NONE', *, *, #2673, .F. ) ;
#5490 = DIRECTION ( 'NONE',  ( 0.000000000000000000, 0.000000000000000000, -1.000000000000000000 ) ) ;
#5491 = DIRECTION ( 'NONE',  ( -0.000000000000000000, 1.000000000000000000, 0.000000000000000000 ) ) ;
#5492 = LINE ( 'NONE', #1494, #4151 ) ;
#5493 = ORIENTED_EDGE ( 'NONE', *, *, #4488, .T. ) ;
#5494 = DIRECTION ( 'NONE',  ( 0.000000000000000000, 0.000000000000000000, 1.000000000000000000 ) ) ;
#5495 = CARTESIAN_POINT ( 'NONE',  ( 0.4599574326062076390, 0.7600000000000001199, 0.2103122036073126755 ) ) ;
#5496 = CARTESIAN_POINT ( 'NONE',  ( -0.2149999999999999134, -0.4399999999999996136, 2.530000000000001137 ) ) ;
#5497 = CARTESIAN_POINT ( 'NONE',  ( -1.485000000000000098, -0.4399999999999996136, 17.26000000000000156 ) ) ;
#5498 = CARTESIAN_POINT ( 'NONE',  ( 0.3944407412598218143, 0.7400000000000003242, 0.2206006448589536983 ) ) ;
#5499 = ORIENTED_EDGE ( 'NONE', *, *, #2540, .F. ) ;
#5500 = CARTESIAN_POINT ( 'NONE',  ( 0.07685040377526553002, 0.7599999999999995648, 0.05278139822689850713 ) ) ;
#5501 = DIRECTION ( 'NONE',  ( -0.000000000000000000, -1.000000000000000000, -0.000000000000000000 ) ) ;
#5502 = CARTESIAN_POINT ( 'NONE',  ( -0.03922108707264949923, 0.7599999999999998979, -0.2809503631017059022 ) ) ;
#5503 = VERTEX_POINT ( 'NONE', #3664 ) ;
#5504 = CARTESIAN_POINT ( 'NONE',  ( -0.05329711346794251126, 0.7600000000000000089, -0.2806880342979197196 ) ) ;
#5505 = ORIENTED_EDGE ( 'NONE', *, *, #4594, .F. ) ;
#5506 = DIRECTION ( 'NONE',  ( -1.000000000000000000, 0.000000000000000000, 0.000000000000000000 ) ) ;
#5507 = CARTESIAN_POINT ( 'NONE',  ( 1.595000000000000417, -1.346972987469858163, 2.479999999999999982 ) ) ;
#5508 = CARTESIAN_POINT ( 'NONE',  ( 0.5748556629410238594, 0.7599999999999998979, 0.1013165863981546622 ) ) ;
#5509 = VECTOR ( 'NONE', #5262, 1000.000000000000000 ) ;
#5510 = CARTESIAN_POINT ( 'NONE',  ( 1.485000000000000320, -0.02999999999999964501, 1.510000000000000009 ) ) ;
#5511 = CARTESIAN_POINT ( 'NONE',  ( -0.4596141265515053531, 0.7599999999999998979, -0.001943854750242331219 ) ) ;
#5512 = ADVANCED_FACE ( 'NONE', ( #1789 ), #581, .T. ) ;
#5513 = CARTESIAN_POINT ( 'NONE',  ( 0.05272638672813550337, 0.7599999999999997868, 0.2535713306169012360 ) ) ;
#5514 = CARTESIAN_POINT ( 'NONE',  ( 0.2150000000000001354, -0.02999999999999967276, 17.26000000000000156 ) ) ;
#5515 = AXIS2_PLACEMENT_3D ( 'NONE', #3500, #2552, #1309 ) ;
#5516 = CIRCLE ( 'NONE', #331, 0.05000000000000012768 ) ;
#5517 = ORIENTED_EDGE ( 'NONE', *, *, #3093, .F. ) ;
#5518 = EDGE_CURVE ( 'NONE', #552, #3027, #4398, .T. ) ;
#5519 = CARTESIAN_POINT ( 'NONE',  ( 0.4095953525641025106, 0.7599999999999998979, 0.2210795514282085372 ) ) ;
#5520 = LINE ( 'NONE', #4355, #4776 ) ;
#5521 = VERTEX_POINT ( 'NONE', #664 ) ;
#5522 = CARTESIAN_POINT ( 'NONE',  ( -0.1676312819927083531, 0.7400000000000001021, -0.2151974692192348548 ) ) ;
#5523 = CARTESIAN_POINT ( 'NONE',  ( -0.06784188034188028127, 0.7599999999999998979, -0.002798653699996567993 ) ) ;
#5524 = VECTOR ( 'NONE', #3702, 1000.000000000000000 ) ;
#5525 = CARTESIAN_POINT ( 'NONE',  ( 0.03328643358561524102, 0.7399999999999995470, -0.08326446271351721495 ) ) ;
#5526 = CARTESIAN_POINT ( 'NONE',  ( -0.4462723691239315338, 0.7399999999999997691, -0.2809503631017059022 ) ) ;
#5527 = CARTESIAN_POINT ( 'NONE',  ( -2.045000000000000373, -0.5100000000000002309, 1.510000000000000009 ) ) ;
#5528 = CARTESIAN_POINT ( 'NONE',  ( -0.4803959735009992738, 0.7399999999999997691, -0.2224568258645562846 ) ) ;
#5529 = CARTESIAN_POINT ( 'NONE',  ( -0.04059912526709395092, 0.7599999999999998979, 0.2753530557017128122 ) ) ;
#5530 = CARTESIAN_POINT ( 'NONE',  ( -0.4450490768802932706, 0.7399999999999998801, -0.0006806521312489286239 ) ) ;
#5531 = DIRECTION ( 'NONE',  ( -0.000000000000000000, 1.000000000000000000, -0.000000000000000000 ) ) ;
#5532 = VECTOR ( 'NONE', #4870, 1000.000000000000000 ) ;
#5533 = CARTESIAN_POINT ( 'NONE',  ( -0.3749999999999994449, -0.02999999999999967276, 2.020000000000000018 ) ) ;
#5534 = EDGE_CURVE ( 'NONE', #3290, #3770, #4007, .T. ) ;
#5535 = DIRECTION ( 'NONE',  ( 0.000000000000000000, 0.000000000000000000, -1.000000000000000000 ) ) ;
#5536 = DIRECTION ( 'NONE',  ( 2.125886612716675080E-16, -0.000000000000000000, 1.000000000000000000 ) ) ;
#5537 = ORIENTED_EDGE ( 'NONE', *, *, #4572, .F. ) ;
#5538 = ORIENTED_EDGE ( 'NONE', *, *, #285, .T. ) ;
#5539 = CARTESIAN_POINT ( 'NONE',  ( 0.06784188034188037841, 0.7399999999999997691, -0.1436765583474324537 ) ) ;
#5540 = EDGE_CURVE ( 'NONE', #483, #591, #4959, .T. ) ;
#5541 = CARTESIAN_POINT ( 'NONE',  ( -0.5297351746513264681, 0.7399999999999996581, -0.1906196272398751890 ) ) ;
#5542 = VECTOR ( 'NONE', #2021, 1000.000000000000000 ) ;
#5543 = ORIENTED_EDGE ( 'NONE', *, *, #1493, .F. ) ;
#5544 = CARTESIAN_POINT ( 'NONE',  ( -0.4476504073183759091, 0.7599999999999998979, 0.2753530557017128122 ) ) ;
#5545 = ORIENTED_EDGE ( 'NONE', *, *, #5164, .T. ) ;
#5546 = EDGE_CURVE ( 'NONE', #3656, #4977, #2662, .T. ) ;
#5547 = CARTESIAN_POINT ( 'NONE',  ( -0.2149999999999999134, -0.02999999999999967276, 17.26000000000000156 ) ) ;
#5548 = DIRECTION ( 'NONE',  ( 1.000000000000000000, 0.000000000000000000, -0.000000000000000000 ) ) ;
#5549 = CARTESIAN_POINT ( 'NONE',  ( -0.1284057985046225259, 0.7399999999999997691, -0.1829908014538720040 ) ) ;
#5550 = VECTOR ( 'NONE', #2388, 1000.000000000000000 ) ;
#5551 = CARTESIAN_POINT ( 'NONE',  ( 9.184850993605149670E-17, 0.7399999999999998801, -0.7500000000000001110 ) ) ;
#5552 =( GEOMETRIC_REPRESENTATION_CONTEXT ( 3 ) GLOBAL_UNCERTAINTY_ASSIGNED_CONTEXT ( ( #5557 ) ) GLOBAL_UNIT_ASSIGNED_CONTEXT ( ( #919, #1233, #630 ) ) REPRESENTATION_CONTEXT ( 'NONE', 'WORKASPACE' ) );
#5553 = ORIENTED_EDGE ( 'NONE', *, *, #3245, .F. ) ;
#5554 = ORIENTED_EDGE ( 'NONE', *, *, #4899, .F. ) ;
#5555 = ORIENTED_EDGE ( 'NONE', *, *, #3371, .T. ) ;
#5556 = CARTESIAN_POINT ( 'NONE',  ( 0.4396827865236980215, 0.7599999999999996758, 0.2735577595433380527 ) ) ;
#5557 = UNCERTAINTY_MEASURE_WITH_UNIT (LENGTH_MEASURE( 1.000000000000000082E-05 ), #919, 'distance_accuracy_value', 'NONE');
#5558 = CARTESIAN_POINT ( 'NONE',  ( -0.2648546466867170435, 0.7599999999999998979, 0.1119921256128985215 ) ) ;
#5559 = ORIENTED_EDGE ( 'NONE', *, *, #1968, .T. ) ;
#5560 = CARTESIAN_POINT ( 'NONE',  ( 0.2468808426816238577, 0.7399999999999997691, 0.1637319619517128011 ) ) ;
#5561 = ADVANCED_FACE ( 'NONE', ( #487 ), #639, .T. ) ;
#5562 = ORIENTED_EDGE ( 'NONE', *, *, #4110, .F. ) ;
#5563 = DIRECTION ( 'NONE',  ( -0.000000000000000000, -0.000000000000000000, -1.000000000000000000 ) ) ;
#5564 = DIRECTION ( 'NONE',  ( 1.000000000000000000, 0.000000000000000000, 0.000000000000000000 ) ) ;
#5565 = CARTESIAN_POINT ( 'NONE',  ( -0.4468023838141024773, 0.7599999999999998979, 0.2210795514282085372 ) ) ;
#5566 = ORIENTED_EDGE ( 'NONE', *, *, #63, .T. ) ;
#5567 = EDGE_CURVE ( 'NONE', #1202, #5429, #5024, .T. ) ;
#5568 = ORIENTED_EDGE ( 'NONE', *, *, #1912, .F. ) ;
#5569 = CARTESIAN_POINT ( 'NONE',  ( -1.594999999999999529, -0.4399999999999996136, 2.530000000000000249 ) ) ;
#5570 = DIRECTION ( 'NONE',  ( 0.000000000000000000, 0.000000000000000000, -1.000000000000000000 ) ) ;
#5571 = CARTESIAN_POINT ( 'NONE',  ( -0.1394606251139236808, 0.7399999999999996581, -0.1656809325133725141 ) ) ;
#5572 = DIRECTION ( 'NONE',  ( 0.000000000000000000, -0.000000000000000000, 1.000000000000000000 ) ) ;
#5573 = CARTESIAN_POINT ( 'NONE',  ( -0.3507276536067442940, 0.7399999999999997691, -0.2522078115704897150 ) ) ;
#5574 = B_SPLINE_CURVE_WITH_KNOTS ( 'NONE', 3,
 ( #4341, #5218, #3974, #2676, #3943, #3084, #3522, #3050, #3958, #77, #1791, #1352, #21, #2209, #3125 ),
 .UNSPECIFIED., .F., .F.,
 ( 4, 1, 1, 1, 1, 1, 1, 1, 1, 1, 1, 1, 4 ),
 ( 0.000000000000000000, 0.08631500374059176972, 0.1677664659179404216, 0.2444326843848594610, 0.3181346623514533789, 0.3918841069799636201, 0.4700680503917547548, 0.5539041787139097339, 0.6443394983098204021, 0.7368746633345097941, 0.8261683643076465078, 0.9136785948895808085, 1.000000000000000000 ),
 .UNSPECIFIED. ) ;
#5575 = EDGE_CURVE ( 'NONE', #4735, #1556, #1504, .T. ) ;
#5576 = CARTESIAN_POINT ( 'NONE',  ( 0.5360634407091497966, 0.7400000000000004352, 0.2172790804978487755 ) ) ;
#5577 = DIRECTION ( 'NONE',  ( 1.000000000000000000, -0.000000000000000000, 0.000000000000000000 ) ) ;
#5578 = LINE ( 'NONE', #2336, #2412 ) ;
#5579 = ORIENTED_EDGE ( 'NONE', *, *, #1813, .F. ) ;
#5580 = DIRECTION ( 'NONE',  ( -0.000000000000000000, -1.000000000000000000, -0.000000000000000000 ) ) ;
#5581 = CARTESIAN_POINT ( 'NONE',  ( 0.1001546528607497877, 0.7600000000000003419, -0.08166278305887164635 ) ) ;
#5582 = CARTESIAN_POINT ( 'NONE',  ( 0.2374465811965811024, 0.7399999999999998801, -0.2673819870333298820 ) ) ;
#5583 = LINE ( 'NONE', #1399, #53 ) ;
#5584 = CARTESIAN_POINT ( 'NONE',  ( -0.3853937413054153160, 0.7600000000000000089, -0.2129352482600751495 ) ) ;
ENDSEC;
END-ISO-10303-21;
