ISO-10303-21;
HEADER;
/* Generated by software containing ST-Developer
 * from STEP Tools, Inc. (www.steptools.com) 
 */
/* OPTION: using custom renumber hook */

FILE_DESCRIPTION(
/* description */ ('STEP AP242',
'CAx-IF Rec.Pracs.---Representation and Presentation of Product Manufa
cturing Information (PMI)---4.0---2014-10-13',
'CAx-IF Rec.Pracs.---3D Tessellated Geometry---0.4---2014-09-14','2;1'),

/* implementation_level */ '2;1');

FILE_NAME(
/* name */ '66a567159bc0841464702007',
/* time_stamp */ '2024-07-27T21:31:02Z',
/* author */ (''),
/* organization */ (''),
/* preprocessor_version */ 'ST-DEVELOPER v20',
/* originating_system */ '  ',
/* authorisation */ '  ');

FILE_SCHEMA (('AP242_MANAGED_MODEL_BASED_3D_ENGINEERING_MIM_LF { 1 0 10303 442 1 1 4 }'));
ENDSEC;

DATA;
#10=B_SPLINE_SURFACE_WITH_KNOTS('',3,1,((#3522,#3523),(#3524,#3525),(#3526,
#3527),(#3528,#3529)),.SURF_OF_LINEAR_EXTRUSION.,.F.,.F.,.F.,(4,4),(2,2),
(0.775851388587609,0.999999945499878),(0.,1.),.PIECEWISE_BEZIER_KNOTS.);
#11=B_SPLINE_SURFACE_WITH_KNOTS('',3,1,((#3539,#3540),(#3541,#3542),(#3543,
#3544),(#3545,#3546)),.SURF_OF_LINEAR_EXTRUSION.,.F.,.F.,.F.,(4,4),(2,2),
(-0.00134486425361958,0.224148611415101),(0.,1.),
 .PIECEWISE_BEZIER_KNOTS.);
#12=B_SPLINE_SURFACE_WITH_KNOTS('',3,1,((#3729,#3730),(#3731,#3732),(#3733,
#3734),(#3735,#3736)),.SURF_OF_LINEAR_EXTRUSION.,.F.,.F.,.F.,(4,4),(2,2),
(3.59192135017303E-9,1.00000000193171),(0.,1.),.PIECEWISE_BEZIER_KNOTS.);
#13=B_SPLINE_SURFACE_WITH_KNOTS('',3,1,((#3763,#3764),(#3765,#3766),(#3767,
#3768),(#3769,#3770)),.SURF_OF_LINEAR_EXTRUSION.,.F.,.F.,.F.,(4,4),(2,2),
(0.,1.00000000193171),(0.,1.),.PIECEWISE_BEZIER_KNOTS.);
#14=B_SPLINE_SURFACE_WITH_KNOTS('',3,3,((#3791,#3792,#3793,#3794,#3795,
#3796,#3797,#3798,#3799,#3800,#3801,#3802,#3803,#3804,#3805,#3806,#3807,
#3808,#3809,#3810,#3811,#3812),(#3813,#3814,#3815,#3816,#3817,#3818,#3819,
#3820,#3821,#3822,#3823,#3824,#3825,#3826,#3827,#3828,#3829,#3830,#3831,
#3832,#3833,#3834),(#3835,#3836,#3837,#3838,#3839,#3840,#3841,#3842,#3843,
#3844,#3845,#3846,#3847,#3848,#3849,#3850,#3851,#3852,#3853,#3854,#3855,
#3856),(#3857,#3858,#3859,#3860,#3861,#3862,#3863,#3864,#3865,#3866,#3867,
#3868,#3869,#3870,#3871,#3872,#3873,#3874,#3875,#3876,#3877,#3878),(#3879,
#3880,#3881,#3882,#3883,#3884,#3885,#3886,#3887,#3888,#3889,#3890,#3891,
#3892,#3893,#3894,#3895,#3896,#3897,#3898,#3899,#3900),(#3901,#3902,#3903,
#3904,#3905,#3906,#3907,#3908,#3909,#3910,#3911,#3912,#3913,#3914,#3915,
#3916,#3917,#3918,#3919,#3920,#3921,#3922),(#3923,#3924,#3925,#3926,#3927,
#3928,#3929,#3930,#3931,#3932,#3933,#3934,#3935,#3936,#3937,#3938,#3939,
#3940,#3941,#3942,#3943,#3944),(#3945,#3946,#3947,#3948,#3949,#3950,#3951,
#3952,#3953,#3954,#3955,#3956,#3957,#3958,#3959,#3960,#3961,#3962,#3963,
#3964,#3965,#3966),(#3967,#3968,#3969,#3970,#3971,#3972,#3973,#3974,#3975,
#3976,#3977,#3978,#3979,#3980,#3981,#3982,#3983,#3984,#3985,#3986,#3987,
#3988),(#3989,#3990,#3991,#3992,#3993,#3994,#3995,#3996,#3997,#3998,#3999,
#4000,#4001,#4002,#4003,#4004,#4005,#4006,#4007,#4008,#4009,#4010),(#4011,
#4012,#4013,#4014,#4015,#4016,#4017,#4018,#4019,#4020,#4021,#4022,#4023,
#4024,#4025,#4026,#4027,#4028,#4029,#4030,#4031,#4032),(#4033,#4034,#4035,
#4036,#4037,#4038,#4039,#4040,#4041,#4042,#4043,#4044,#4045,#4046,#4047,
#4048,#4049,#4050,#4051,#4052,#4053,#4054),(#4055,#4056,#4057,#4058,#4059,
#4060,#4061,#4062,#4063,#4064,#4065,#4066,#4067,#4068,#4069,#4070,#4071,
#4072,#4073,#4074,#4075,#4076),(#4077,#4078,#4079,#4080,#4081,#4082,#4083,
#4084,#4085,#4086,#4087,#4088,#4089,#4090,#4091,#4092,#4093,#4094,#4095,
#4096,#4097,#4098),(#4099,#4100,#4101,#4102,#4103,#4104,#4105,#4106,#4107,
#4108,#4109,#4110,#4111,#4112,#4113,#4114,#4115,#4116,#4117,#4118,#4119,
#4120)),.UNSPECIFIED.,.F.,.F.,.F.,(4,3,1,1,1,1,1,3,4),(4,1,1,1,1,1,1,1,
1,1,1,1,1,1,1,1,1,1,1,4),(-0.0159767642750633,0.,0.125,0.25,0.5,0.75,0.875,
1.,1.00616024311243),(0.732746488561761,0.734834406619873,0.736922324677984,
0.741098160794206,0.749449833026651,0.757801505259096,0.766153177491541,
0.782856521956431,0.799559866421321,0.832966555351101,0.866373244280881,
0.899779933210661,0.91648327767555,0.93318662214044,0.941538294372885,0.943626212430996,
0.945714130489108,0.94988996660533,0.954065802721553,0.955632681851709),
 .UNSPECIFIED.);
#15=B_SPLINE_SURFACE_WITH_KNOTS('',3,3,((#4155,#4156,#4157,#4158,#4159,
#4160,#4161,#4162,#4163,#4164,#4165,#4166,#4167,#4168,#4169,#4170,#4171,
#4172,#4173,#4174,#4175,#4176),(#4177,#4178,#4179,#4180,#4181,#4182,#4183,
#4184,#4185,#4186,#4187,#4188,#4189,#4190,#4191,#4192,#4193,#4194,#4195,
#4196,#4197,#4198),(#4199,#4200,#4201,#4202,#4203,#4204,#4205,#4206,#4207,
#4208,#4209,#4210,#4211,#4212,#4213,#4214,#4215,#4216,#4217,#4218,#4219,
#4220),(#4221,#4222,#4223,#4224,#4225,#4226,#4227,#4228,#4229,#4230,#4231,
#4232,#4233,#4234,#4235,#4236,#4237,#4238,#4239,#4240,#4241,#4242),(#4243,
#4244,#4245,#4246,#4247,#4248,#4249,#4250,#4251,#4252,#4253,#4254,#4255,
#4256,#4257,#4258,#4259,#4260,#4261,#4262,#4263,#4264),(#4265,#4266,#4267,
#4268,#4269,#4270,#4271,#4272,#4273,#4274,#4275,#4276,#4277,#4278,#4279,
#4280,#4281,#4282,#4283,#4284,#4285,#4286),(#4287,#4288,#4289,#4290,#4291,
#4292,#4293,#4294,#4295,#4296,#4297,#4298,#4299,#4300,#4301,#4302,#4303,
#4304,#4305,#4306,#4307,#4308),(#4309,#4310,#4311,#4312,#4313,#4314,#4315,
#4316,#4317,#4318,#4319,#4320,#4321,#4322,#4323,#4324,#4325,#4326,#4327,
#4328,#4329,#4330),(#4331,#4332,#4333,#4334,#4335,#4336,#4337,#4338,#4339,
#4340,#4341,#4342,#4343,#4344,#4345,#4346,#4347,#4348,#4349,#4350,#4351,
#4352),(#4353,#4354,#4355,#4356,#4357,#4358,#4359,#4360,#4361,#4362,#4363,
#4364,#4365,#4366,#4367,#4368,#4369,#4370,#4371,#4372,#4373,#4374),(#4375,
#4376,#4377,#4378,#4379,#4380,#4381,#4382,#4383,#4384,#4385,#4386,#4387,
#4388,#4389,#4390,#4391,#4392,#4393,#4394,#4395,#4396),(#4397,#4398,#4399,
#4400,#4401,#4402,#4403,#4404,#4405,#4406,#4407,#4408,#4409,#4410,#4411,
#4412,#4413,#4414,#4415,#4416,#4417,#4418),(#4419,#4420,#4421,#4422,#4423,
#4424,#4425,#4426,#4427,#4428,#4429,#4430,#4431,#4432,#4433,#4434,#4435,
#4436,#4437,#4438,#4439,#4440),(#4441,#4442,#4443,#4444,#4445,#4446,#4447,
#4448,#4449,#4450,#4451,#4452,#4453,#4454,#4455,#4456,#4457,#4458,#4459,
#4460,#4461,#4462),(#4463,#4464,#4465,#4466,#4467,#4468,#4469,#4470,#4471,
#4472,#4473,#4474,#4475,#4476,#4477,#4478,#4479,#4480,#4481,#4482,#4483,
#4484)),.UNSPECIFIED.,.F.,.F.,.F.,(4,3,3,1,1,1,1,1,4),(4,1,1,1,1,1,1,1,
1,1,1,1,1,1,1,1,1,1,1,4),(-0.0294914269821995,-0.0122601290846522,0.,0.125,
0.25,0.5,0.75,0.875,1.),(0.732746488561761,0.734834406619873,0.736922324677984,
0.741098160794206,0.749449833026651,0.757801505259096,0.766153177491541,
0.782856521956431,0.799559866421321,0.832966555351101,0.866373244280881,
0.899779933210661,0.91648327767555,0.93318662214044,0.941538294372885,0.943626212430996,
0.945714130489108,0.94988996660533,0.954065802721553,0.955632681651181),
 .UNSPECIFIED.);
#16=B_SPLINE_CURVE_WITH_KNOTS('',3,(#3508,#3509,#3510,#3511),
 .UNSPECIFIED.,.F.,.F.,(4,4),(3.49457116419928E-15,0.00106866952912716),
 .UNSPECIFIED.);
#17=B_SPLINE_CURVE_WITH_KNOTS('',3,(#3516,#3517,#3518,#3519),
 .UNSPECIFIED.,.F.,.F.,(4,4),(0.,0.00107176197072807),.UNSPECIFIED.);
#18=B_SPLINE_CURVE_WITH_KNOTS('',3,(#3530,#3531,#3532,#3533,#3534),
 .UNSPECIFIED.,.F.,.F.,(4,1,4),(0.,0.151032347687089,1.),.UNSPECIFIED.);
#19=B_SPLINE_CURVE_WITH_KNOTS('',3,(#3547,#3548,#3549,#3550,#3551),
 .UNSPECIFIED.,.F.,.F.,(4,1,4),(0.,0.848967652302642,1.),.UNSPECIFIED.);
#20=B_SPLINE_CURVE_WITH_KNOTS('',3,(#3714,#3715,#3716,#3717,#3718),
 .UNSPECIFIED.,.F.,.F.,(4,1,4),(0.,0.000780088133812552,0.0015601762676251),
 .UNSPECIFIED.);
#21=B_SPLINE_CURVE_WITH_KNOTS('',3,(#3722,#3723,#3724,#3725,#3726),
 .UNSPECIFIED.,.F.,.F.,(4,1,4),(0.,0.000780088002197402,0.0015601760043948),
 .UNSPECIFIED.);
#22=B_SPLINE_CURVE_WITH_KNOTS('',3,(#3737,#3738,#3739,#3740,#3741,#3742,
#3743),.UNSPECIFIED.,.F.,.F.,(4,1,1,1,4),(1.18283865534749E-12,0.000446177991702587,
0.000892355982222335,0.00178471196326183,0.00356942392534082),
 .UNSPECIFIED.);
#23=B_SPLINE_CURVE_WITH_KNOTS('',3,(#3744,#3745,#3746,#3747,#3748,#3749,
#3750,#3751,#3752,#3753,#3754,#3755,#3756),.UNSPECIFIED.,.F.,.F.,(4,1,1,
1,1,1,1,1,1,1,4),(0.,0.000146321633501548,0.000292643267003096,0.000585286534006193,
0.00117057306801239,0.00175585960201858,0.00234114613602477,0.00351171920403716,
0.00409700573804335,0.00438964900504644,0.00468229227204954),
 .UNSPECIFIED.);
#24=B_SPLINE_CURVE_WITH_KNOTS('',3,(#3771,#3772,#3773,#3774,#3775,#3776,
#3777),.UNSPECIFIED.,.F.,.F.,(4,1,1,1,4),(7.91968113251062E-12,0.00177211281271843,
0.0026581692151178,0.00310119741631748,0.00354422561751717),
 .UNSPECIFIED.);
#25=B_SPLINE_CURVE_WITH_KNOTS('',3,(#3778,#3779,#3780,#3781,#3782,#3783,
#3784,#3785,#3786,#3787,#3788,#3789,#3790),.UNSPECIFIED.,.F.,.F.,(4,1,1,
1,1,1,1,1,1,1,4),(0.,0.000289622270660059,0.000579244541320119,0.00115848908264024,
0.00231697816528047,0.00289622270660059,0.00347546724792071,0.00405471178924083,
0.00434433405990089,0.00448914519523092,0.00463395633056095),
 .UNSPECIFIED.);
#26=B_SPLINE_CURVE_WITH_KNOTS('',3,(#4121,#4122,#4123,#4124,#4125),
 .UNSPECIFIED.,.F.,.F.,(4,1,4),(0.,0.5,1.),.UNSPECIFIED.);
#27=B_SPLINE_CURVE_WITH_KNOTS('',3,(#4127,#4128,#4129,#4130,#4131,#4132,
#4133,#4134,#4135,#4136,#4137,#4138,#4139,#4140,#4141,#4142,#4143),
 .UNSPECIFIED.,.F.,.F.,(4,1,1,1,1,1,1,1,1,1,1,1,1,1,4),(0.,0.0100876106646247,
0.0201752213292494,0.0403504426584983,0.0807008853169966,0.121051327975495,
0.161401770633993,0.242102655950991,0.322803541267988,0.484205311901981,
0.645607082535975,0.807008853169968,0.887709738486965,0.968410623803962,
0.988399633897762),.UNSPECIFIED.);
#28=B_SPLINE_CURVE_WITH_KNOTS('',3,(#4147,#4148,#4149,#4150,#4151,#4152,
#4153,#4154),.UNSPECIFIED.,.F.,.F.,(4,1,1,1,1,4),(0.,0.000383286862360203,
0.000766573724720406,0.00153314744944081,0.00229972117416122,0.00306629489888163),
 .UNSPECIFIED.);
#29=B_SPLINE_CURVE_WITH_KNOTS('',3,(#4485,#4486,#4487,#4488,#4489),
 .UNSPECIFIED.,.F.,.F.,(4,1,4),(0.,0.5,1.),.UNSPECIFIED.);
#30=CONICAL_SURFACE('',#2469,0.00125,0.785398163397446);
#31=CONICAL_SURFACE('',#2477,0.00125,0.785398163397446);
#32=CONICAL_SURFACE('',#2572,0.000769059892324149,0.523598775598299);
#33=CONICAL_SURFACE('',#2576,0.000769059892324149,0.523598775598299);
#34=CONICAL_SURFACE('',#2621,0.00301905989232415,0.523598775598299);
#35=CONICAL_SURFACE('',#2635,0.00195,0.78539816339745);
#36=CONICAL_SURFACE('',#2647,0.00195,0.785398163397449);
#37=CYLINDRICAL_SURFACE('',#2467,0.00125);
#38=CYLINDRICAL_SURFACE('',#2475,0.00125);
#39=CYLINDRICAL_SURFACE('',#2501,0.00145);
#40=CYLINDRICAL_SURFACE('',#2507,0.00145);
#41=CYLINDRICAL_SURFACE('',#2534,0.001);
#42=CYLINDRICAL_SURFACE('',#2537,0.001);
#43=CYLINDRICAL_SURFACE('',#2543,0.001);
#44=CYLINDRICAL_SURFACE('',#2545,0.0009);
#45=CYLINDRICAL_SURFACE('',#2551,0.0009);
#46=CYLINDRICAL_SURFACE('',#2582,0.00325);
#47=CYLINDRICAL_SURFACE('',#2585,0.0002);
#48=CYLINDRICAL_SURFACE('',#2587,0.0002);
#49=CYLINDRICAL_SURFACE('',#2600,0.001);
#50=CYLINDRICAL_SURFACE('',#2602,0.001);
#51=CYLINDRICAL_SURFACE('',#2604,0.00325);
#52=CYLINDRICAL_SURFACE('',#2607,0.001);
#53=CYLINDRICAL_SURFACE('',#2608,0.001);
#54=CYLINDRICAL_SURFACE('',#2612,0.001);
#55=CYLINDRICAL_SURFACE('',#2613,0.001);
#56=CYLINDRICAL_SURFACE('',#2618,0.00325);
#57=CYLINDRICAL_SURFACE('',#2619,0.0002);
#58=CYLINDRICAL_SURFACE('',#2620,0.0002);
#59=CYLINDRICAL_SURFACE('',#2622,0.00205);
#60=CYLINDRICAL_SURFACE('',#2623,0.00205);
#61=CYLINDRICAL_SURFACE('',#2632,0.00205);
#62=CYLINDRICAL_SURFACE('',#2633,0.00175);
#63=CYLINDRICAL_SURFACE('',#2644,0.00205);
#64=CYLINDRICAL_SURFACE('',#2645,0.00175);
#65=CIRCLE('',#2464,0.00125);
#66=CIRCLE('',#2466,0.00095);
#67=CIRCLE('',#2468,0.00125);
#68=CIRCLE('',#2472,0.00125);
#69=CIRCLE('',#2474,0.00095);
#70=CIRCLE('',#2476,0.00125);
#71=CIRCLE('',#2480,0.00205);
#72=CIRCLE('',#2482,0.00205);
#73=CIRCLE('',#2497,0.00145);
#74=CIRCLE('',#2502,0.00145);
#75=CIRCLE('',#2504,0.00145);
#76=CIRCLE('',#2508,0.00145);
#77=CIRCLE('',#2511,0.001);
#78=CIRCLE('',#2514,0.001);
#79=CIRCLE('',#2517,0.001);
#80=CIRCLE('',#2519,0.001);
#81=CIRCLE('',#2521,0.001);
#82=CIRCLE('',#2523,0.001);
#83=CIRCLE('',#2526,0.001);
#84=CIRCLE('',#2529,0.001);
#85=CIRCLE('',#2535,0.001);
#86=CIRCLE('',#2536,0.001);
#87=CIRCLE('',#2538,0.001);
#88=CIRCLE('',#2539,0.001);
#89=CIRCLE('',#2546,0.0009);
#90=CIRCLE('',#2547,0.0009);
#91=CIRCLE('',#2552,0.0009);
#92=CIRCLE('',#2553,0.0009);
#93=CIRCLE('',#2556,0.001);
#94=CIRCLE('',#2557,0.001);
#95=CIRCLE('',#2559,0.0002);
#96=CIRCLE('',#2560,0.00325);
#97=CIRCLE('',#2561,0.0002);
#98=CIRCLE('',#2562,0.0002);
#99=CIRCLE('',#2563,0.00325);
#100=CIRCLE('',#2564,0.0002);
#101=CIRCLE('',#2566,0.00325);
#102=CIRCLE('',#2567,0.001);
#103=CIRCLE('',#2568,0.001);
#104=CIRCLE('',#2569,0.001);
#105=CIRCLE('',#2570,0.001);
#106=CIRCLE('',#2573,0.000769059892324149);
#107=CIRCLE('',#2574,0.001);
#108=CIRCLE('',#2577,0.000769059892324149);
#109=CIRCLE('',#2578,0.001);
#110=CIRCLE('',#2583,0.00325);
#111=CIRCLE('',#2586,0.0002);
#112=CIRCLE('',#2588,0.0002);
#113=CIRCLE('',#2590,0.00325);
#114=CIRCLE('',#2591,0.0002);
#115=CIRCLE('',#2592,0.0002);
#116=CIRCLE('',#2593,0.00301905989232415);
#117=CIRCLE('',#2594,0.00205);
#118=CIRCLE('',#2595,0.00205);
#119=CIRCLE('',#2605,0.00325);
#120=CIRCLE('',#2626,0.00175);
#121=CIRCLE('',#2628,0.00205);
#122=CIRCLE('',#2629,0.00195);
#123=CIRCLE('',#2631,0.00205);
#124=CIRCLE('',#2634,0.00175);
#125=CIRCLE('',#2638,0.00175);
#126=CIRCLE('',#2640,0.00205);
#127=CIRCLE('',#2641,0.00195);
#128=CIRCLE('',#2643,0.00205);
#129=CIRCLE('',#2646,0.00175);
#130=SHAPE_REPRESENTATION_RELATIONSHIP('','',#2437,#137);
#131=SHAPE_REPRESENTATION_RELATIONSHIP('','',#2438,#138);
#132=SHAPE_REPRESENTATION_RELATIONSHIP('','',#2439,#139);
#133=SHAPE_REPRESENTATION_RELATIONSHIP('','',#2440,#140);
#134=SHAPE_REPRESENTATION_RELATIONSHIP('','',#2441,#141);
#135=SHAPE_REPRESENTATION_RELATIONSHIP('','',#2442,#142);
#136=SHAPE_REPRESENTATION_RELATIONSHIP('','',#2443,#143);
#137=ADVANCED_BREP_SHAPE_REPRESENTATION('',(#2423),#4766);
#138=ADVANCED_BREP_SHAPE_REPRESENTATION('',(#2424),#4767);
#139=ADVANCED_BREP_SHAPE_REPRESENTATION('',(#2425),#4768);
#140=ADVANCED_BREP_SHAPE_REPRESENTATION('',(#2426),#4769);
#141=ADVANCED_BREP_SHAPE_REPRESENTATION('',(#2427),#4770);
#142=ADVANCED_BREP_SHAPE_REPRESENTATION('',(#2428),#4771);
#143=ADVANCED_BREP_SHAPE_REPRESENTATION('',(#2429),#4772);
#144=ORIENTED_EDGE('',*,*,#788,.F.);
#145=ORIENTED_EDGE('',*,*,#789,.F.);
#146=ORIENTED_EDGE('',*,*,#790,.F.);
#147=ORIENTED_EDGE('',*,*,#791,.F.);
#148=ORIENTED_EDGE('',*,*,#792,.F.);
#149=ORIENTED_EDGE('',*,*,#793,.F.);
#150=ORIENTED_EDGE('',*,*,#794,.F.);
#151=ORIENTED_EDGE('',*,*,#795,.F.);
#152=ORIENTED_EDGE('',*,*,#796,.T.);
#153=ORIENTED_EDGE('',*,*,#797,.T.);
#154=ORIENTED_EDGE('',*,*,#798,.T.);
#155=ORIENTED_EDGE('',*,*,#799,.T.);
#156=ORIENTED_EDGE('',*,*,#800,.T.);
#157=ORIENTED_EDGE('',*,*,#795,.T.);
#158=ORIENTED_EDGE('',*,*,#801,.T.);
#159=ORIENTED_EDGE('',*,*,#791,.T.);
#160=ORIENTED_EDGE('',*,*,#801,.F.);
#161=ORIENTED_EDGE('',*,*,#794,.T.);
#162=ORIENTED_EDGE('',*,*,#802,.T.);
#163=ORIENTED_EDGE('',*,*,#798,.F.);
#164=ORIENTED_EDGE('',*,*,#803,.F.);
#165=ORIENTED_EDGE('',*,*,#788,.T.);
#166=ORIENTED_EDGE('',*,*,#802,.F.);
#167=ORIENTED_EDGE('',*,*,#793,.T.);
#168=ORIENTED_EDGE('',*,*,#804,.T.);
#169=ORIENTED_EDGE('',*,*,#799,.F.);
#170=ORIENTED_EDGE('',*,*,#804,.F.);
#171=ORIENTED_EDGE('',*,*,#792,.T.);
#172=ORIENTED_EDGE('',*,*,#800,.F.);
#173=ORIENTED_EDGE('',*,*,#790,.T.);
#174=ORIENTED_EDGE('',*,*,#805,.T.);
#175=ORIENTED_EDGE('',*,*,#796,.F.);
#176=ORIENTED_EDGE('',*,*,#805,.F.);
#177=ORIENTED_EDGE('',*,*,#789,.T.);
#178=ORIENTED_EDGE('',*,*,#803,.T.);
#179=ORIENTED_EDGE('',*,*,#797,.F.);
#180=ORIENTED_EDGE('',*,*,#806,.F.);
#181=ORIENTED_EDGE('',*,*,#807,.F.);
#182=ORIENTED_EDGE('',*,*,#808,.F.);
#183=ORIENTED_EDGE('',*,*,#809,.F.);
#184=ORIENTED_EDGE('',*,*,#810,.F.);
#185=ORIENTED_EDGE('',*,*,#811,.F.);
#186=ORIENTED_EDGE('',*,*,#812,.F.);
#187=ORIENTED_EDGE('',*,*,#813,.F.);
#188=ORIENTED_EDGE('',*,*,#814,.T.);
#189=ORIENTED_EDGE('',*,*,#815,.T.);
#190=ORIENTED_EDGE('',*,*,#816,.T.);
#191=ORIENTED_EDGE('',*,*,#817,.T.);
#192=ORIENTED_EDGE('',*,*,#818,.T.);
#193=ORIENTED_EDGE('',*,*,#813,.T.);
#194=ORIENTED_EDGE('',*,*,#819,.T.);
#195=ORIENTED_EDGE('',*,*,#809,.T.);
#196=ORIENTED_EDGE('',*,*,#820,.F.);
#197=ORIENTED_EDGE('',*,*,#811,.T.);
#198=ORIENTED_EDGE('',*,*,#821,.T.);
#199=ORIENTED_EDGE('',*,*,#816,.F.);
#200=ORIENTED_EDGE('',*,*,#821,.F.);
#201=ORIENTED_EDGE('',*,*,#810,.T.);
#202=ORIENTED_EDGE('',*,*,#818,.F.);
#203=ORIENTED_EDGE('',*,*,#808,.T.);
#204=ORIENTED_EDGE('',*,*,#822,.T.);
#205=ORIENTED_EDGE('',*,*,#817,.F.);
#206=ORIENTED_EDGE('',*,*,#822,.F.);
#207=ORIENTED_EDGE('',*,*,#807,.T.);
#208=ORIENTED_EDGE('',*,*,#823,.T.);
#209=ORIENTED_EDGE('',*,*,#814,.F.);
#210=ORIENTED_EDGE('',*,*,#819,.F.);
#211=ORIENTED_EDGE('',*,*,#812,.T.);
#212=ORIENTED_EDGE('',*,*,#820,.T.);
#213=ORIENTED_EDGE('',*,*,#815,.F.);
#214=ORIENTED_EDGE('',*,*,#823,.F.);
#215=ORIENTED_EDGE('',*,*,#806,.T.);
#216=ORIENTED_EDGE('',*,*,#824,.T.);
#217=ORIENTED_EDGE('',*,*,#825,.T.);
#218=ORIENTED_EDGE('',*,*,#824,.F.);
#219=ORIENTED_EDGE('',*,*,#826,.T.);
#220=ORIENTED_EDGE('',*,*,#826,.F.);
#221=ORIENTED_EDGE('',*,*,#825,.F.);
#222=ORIENTED_EDGE('',*,*,#827,.F.);
#223=ORIENTED_EDGE('',*,*,#828,.F.);
#224=ORIENTED_EDGE('',*,*,#827,.T.);
#225=ORIENTED_EDGE('',*,*,#829,.F.);
#226=ORIENTED_EDGE('',*,*,#829,.T.);
#227=ORIENTED_EDGE('',*,*,#828,.T.);
#228=ORIENTED_EDGE('',*,*,#830,.T.);
#229=ORIENTED_EDGE('',*,*,#831,.T.);
#230=ORIENTED_EDGE('',*,*,#832,.T.);
#231=ORIENTED_EDGE('',*,*,#833,.T.);
#232=ORIENTED_EDGE('',*,*,#834,.T.);
#233=ORIENTED_EDGE('',*,*,#835,.T.);
#234=ORIENTED_EDGE('',*,*,#836,.T.);
#235=ORIENTED_EDGE('',*,*,#837,.F.);
#236=ORIENTED_EDGE('',*,*,#834,.F.);
#237=ORIENTED_EDGE('',*,*,#838,.T.);
#238=ORIENTED_EDGE('',*,*,#839,.T.);
#239=ORIENTED_EDGE('',*,*,#838,.F.);
#240=ORIENTED_EDGE('',*,*,#833,.F.);
#241=ORIENTED_EDGE('',*,*,#840,.T.);
#242=ORIENTED_EDGE('',*,*,#841,.T.);
#243=ORIENTED_EDGE('',*,*,#840,.F.);
#244=ORIENTED_EDGE('',*,*,#832,.F.);
#245=ORIENTED_EDGE('',*,*,#842,.T.);
#246=ORIENTED_EDGE('',*,*,#843,.T.);
#247=ORIENTED_EDGE('',*,*,#844,.T.);
#248=ORIENTED_EDGE('',*,*,#845,.T.);
#249=ORIENTED_EDGE('',*,*,#846,.T.);
#250=ORIENTED_EDGE('',*,*,#847,.T.);
#251=ORIENTED_EDGE('',*,*,#848,.T.);
#252=ORIENTED_EDGE('',*,*,#849,.T.);
#253=ORIENTED_EDGE('',*,*,#850,.T.);
#254=ORIENTED_EDGE('',*,*,#851,.T.);
#255=ORIENTED_EDGE('',*,*,#852,.T.);
#256=ORIENTED_EDGE('',*,*,#853,.T.);
#257=ORIENTED_EDGE('',*,*,#854,.T.);
#258=ORIENTED_EDGE('',*,*,#855,.T.);
#259=ORIENTED_EDGE('',*,*,#856,.F.);
#260=ORIENTED_EDGE('',*,*,#852,.F.);
#261=ORIENTED_EDGE('',*,*,#857,.T.);
#262=ORIENTED_EDGE('',*,*,#858,.T.);
#263=ORIENTED_EDGE('',*,*,#857,.F.);
#264=ORIENTED_EDGE('',*,*,#851,.F.);
#265=ORIENTED_EDGE('',*,*,#859,.T.);
#266=ORIENTED_EDGE('',*,*,#860,.T.);
#267=ORIENTED_EDGE('',*,*,#859,.F.);
#268=ORIENTED_EDGE('',*,*,#850,.F.);
#269=ORIENTED_EDGE('',*,*,#861,.T.);
#270=ORIENTED_EDGE('',*,*,#862,.T.);
#271=ORIENTED_EDGE('',*,*,#863,.T.);
#272=ORIENTED_EDGE('',*,*,#864,.T.);
#273=ORIENTED_EDGE('',*,*,#865,.T.);
#274=ORIENTED_EDGE('',*,*,#866,.T.);
#275=ORIENTED_EDGE('',*,*,#867,.T.);
#276=ORIENTED_EDGE('',*,*,#868,.T.);
#277=ORIENTED_EDGE('',*,*,#869,.T.);
#278=ORIENTED_EDGE('',*,*,#870,.T.);
#279=ORIENTED_EDGE('',*,*,#871,.T.);
#280=ORIENTED_EDGE('',*,*,#872,.T.);
#281=ORIENTED_EDGE('',*,*,#873,.T.);
#282=ORIENTED_EDGE('',*,*,#874,.T.);
#283=ORIENTED_EDGE('',*,*,#875,.F.);
#284=ORIENTED_EDGE('',*,*,#869,.F.);
#285=ORIENTED_EDGE('',*,*,#876,.T.);
#286=ORIENTED_EDGE('',*,*,#877,.T.);
#287=ORIENTED_EDGE('',*,*,#876,.F.);
#288=ORIENTED_EDGE('',*,*,#868,.F.);
#289=ORIENTED_EDGE('',*,*,#878,.T.);
#290=ORIENTED_EDGE('',*,*,#879,.T.);
#291=ORIENTED_EDGE('',*,*,#878,.F.);
#292=ORIENTED_EDGE('',*,*,#867,.F.);
#293=ORIENTED_EDGE('',*,*,#880,.T.);
#294=ORIENTED_EDGE('',*,*,#881,.T.);
#295=ORIENTED_EDGE('',*,*,#882,.T.);
#296=ORIENTED_EDGE('',*,*,#883,.T.);
#297=ORIENTED_EDGE('',*,*,#884,.T.);
#298=ORIENTED_EDGE('',*,*,#885,.T.);
#299=ORIENTED_EDGE('',*,*,#886,.F.);
#300=ORIENTED_EDGE('',*,*,#883,.F.);
#301=ORIENTED_EDGE('',*,*,#887,.T.);
#302=ORIENTED_EDGE('',*,*,#888,.T.);
#303=ORIENTED_EDGE('',*,*,#889,.F.);
#304=ORIENTED_EDGE('',*,*,#881,.F.);
#305=ORIENTED_EDGE('',*,*,#890,.T.);
#306=ORIENTED_EDGE('',*,*,#891,.T.);
#307=ORIENTED_EDGE('',*,*,#892,.T.);
#308=ORIENTED_EDGE('',*,*,#893,.T.);
#309=ORIENTED_EDGE('',*,*,#894,.T.);
#310=ORIENTED_EDGE('',*,*,#895,.T.);
#311=ORIENTED_EDGE('',*,*,#896,.F.);
#312=ORIENTED_EDGE('',*,*,#892,.F.);
#313=ORIENTED_EDGE('',*,*,#897,.T.);
#314=ORIENTED_EDGE('',*,*,#896,.T.);
#315=ORIENTED_EDGE('',*,*,#898,.T.);
#316=ORIENTED_EDGE('',*,*,#887,.F.);
#317=ORIENTED_EDGE('',*,*,#882,.F.);
#318=ORIENTED_EDGE('',*,*,#889,.T.);
#319=ORIENTED_EDGE('',*,*,#899,.T.);
#320=ORIENTED_EDGE('',*,*,#900,.F.);
#321=ORIENTED_EDGE('',*,*,#901,.F.);
#322=ORIENTED_EDGE('',*,*,#902,.T.);
#323=ORIENTED_EDGE('',*,*,#903,.T.);
#324=ORIENTED_EDGE('',*,*,#904,.F.);
#325=ORIENTED_EDGE('',*,*,#893,.F.);
#326=ORIENTED_EDGE('',*,*,#905,.T.);
#327=ORIENTED_EDGE('',*,*,#906,.F.);
#328=ORIENTED_EDGE('',*,*,#894,.F.);
#329=ORIENTED_EDGE('',*,*,#904,.T.);
#330=ORIENTED_EDGE('',*,*,#907,.T.);
#331=ORIENTED_EDGE('',*,*,#897,.F.);
#332=ORIENTED_EDGE('',*,*,#891,.F.);
#333=ORIENTED_EDGE('',*,*,#906,.T.);
#334=ORIENTED_EDGE('',*,*,#908,.T.);
#335=ORIENTED_EDGE('',*,*,#909,.T.);
#336=ORIENTED_EDGE('',*,*,#901,.T.);
#337=ORIENTED_EDGE('',*,*,#910,.T.);
#338=ORIENTED_EDGE('',*,*,#911,.T.);
#339=ORIENTED_EDGE('',*,*,#902,.F.);
#340=ORIENTED_EDGE('',*,*,#909,.F.);
#341=ORIENTED_EDGE('',*,*,#912,.T.);
#342=ORIENTED_EDGE('',*,*,#913,.T.);
#343=ORIENTED_EDGE('',*,*,#914,.F.);
#344=ORIENTED_EDGE('',*,*,#910,.F.);
#345=ORIENTED_EDGE('',*,*,#900,.T.);
#346=ORIENTED_EDGE('',*,*,#915,.T.);
#347=ORIENTED_EDGE('',*,*,#912,.F.);
#348=ORIENTED_EDGE('',*,*,#908,.F.);
#349=ORIENTED_EDGE('',*,*,#914,.T.);
#350=ORIENTED_EDGE('',*,*,#916,.T.);
#351=ORIENTED_EDGE('',*,*,#917,.F.);
#352=ORIENTED_EDGE('',*,*,#872,.F.);
#353=ORIENTED_EDGE('',*,*,#918,.T.);
#354=ORIENTED_EDGE('',*,*,#919,.T.);
#355=ORIENTED_EDGE('',*,*,#920,.T.);
#356=ORIENTED_EDGE('',*,*,#921,.F.);
#357=ORIENTED_EDGE('',*,*,#873,.F.);
#358=ORIENTED_EDGE('',*,*,#917,.T.);
#359=ORIENTED_EDGE('',*,*,#921,.T.);
#360=ORIENTED_EDGE('',*,*,#922,.T.);
#361=ORIENTED_EDGE('',*,*,#923,.F.);
#362=ORIENTED_EDGE('',*,*,#862,.F.);
#363=ORIENTED_EDGE('',*,*,#924,.T.);
#364=ORIENTED_EDGE('',*,*,#925,.F.);
#365=ORIENTED_EDGE('',*,*,#863,.F.);
#366=ORIENTED_EDGE('',*,*,#923,.T.);
#367=ORIENTED_EDGE('',*,*,#926,.T.);
#368=ORIENTED_EDGE('',*,*,#927,.T.);
#369=ORIENTED_EDGE('',*,*,#928,.F.);
#370=ORIENTED_EDGE('',*,*,#864,.F.);
#371=ORIENTED_EDGE('',*,*,#925,.T.);
#372=ORIENTED_EDGE('',*,*,#929,.T.);
#373=ORIENTED_EDGE('',*,*,#930,.F.);
#374=ORIENTED_EDGE('',*,*,#865,.F.);
#375=ORIENTED_EDGE('',*,*,#928,.T.);
#376=ORIENTED_EDGE('',*,*,#931,.T.);
#377=ORIENTED_EDGE('',*,*,#918,.F.);
#378=ORIENTED_EDGE('',*,*,#871,.F.);
#379=ORIENTED_EDGE('',*,*,#932,.T.);
#380=ORIENTED_EDGE('',*,*,#933,.T.);
#381=ORIENTED_EDGE('',*,*,#934,.F.);
#382=ORIENTED_EDGE('',*,*,#848,.F.);
#383=ORIENTED_EDGE('',*,*,#935,.T.);
#384=ORIENTED_EDGE('',*,*,#936,.T.);
#385=ORIENTED_EDGE('',*,*,#937,.F.);
#386=ORIENTED_EDGE('',*,*,#854,.F.);
#387=ORIENTED_EDGE('',*,*,#938,.T.);
#388=ORIENTED_EDGE('',*,*,#939,.T.);
#389=ORIENTED_EDGE('',*,*,#940,.F.);
#390=ORIENTED_EDGE('',*,*,#843,.F.);
#391=ORIENTED_EDGE('',*,*,#937,.T.);
#392=ORIENTED_EDGE('',*,*,#941,.T.);
#393=ORIENTED_EDGE('',*,*,#942,.T.);
#394=ORIENTED_EDGE('',*,*,#943,.F.);
#395=ORIENTED_EDGE('',*,*,#844,.F.);
#396=ORIENTED_EDGE('',*,*,#940,.T.);
#397=ORIENTED_EDGE('',*,*,#943,.T.);
#398=ORIENTED_EDGE('',*,*,#944,.T.);
#399=ORIENTED_EDGE('',*,*,#945,.F.);
#400=ORIENTED_EDGE('',*,*,#845,.F.);
#401=ORIENTED_EDGE('',*,*,#946,.T.);
#402=ORIENTED_EDGE('',*,*,#947,.F.);
#403=ORIENTED_EDGE('',*,*,#846,.F.);
#404=ORIENTED_EDGE('',*,*,#945,.T.);
#405=ORIENTED_EDGE('',*,*,#948,.T.);
#406=ORIENTED_EDGE('',*,*,#949,.T.);
#407=ORIENTED_EDGE('',*,*,#935,.F.);
#408=ORIENTED_EDGE('',*,*,#847,.F.);
#409=ORIENTED_EDGE('',*,*,#947,.T.);
#410=ORIENTED_EDGE('',*,*,#950,.T.);
#411=ORIENTED_EDGE('',*,*,#951,.T.);
#412=ORIENTED_EDGE('',*,*,#952,.T.);
#413=ORIENTED_EDGE('',*,*,#953,.T.);
#414=ORIENTED_EDGE('',*,*,#954,.T.);
#415=ORIENTED_EDGE('',*,*,#955,.F.);
#416=ORIENTED_EDGE('',*,*,#956,.T.);
#417=ORIENTED_EDGE('',*,*,#957,.T.);
#418=ORIENTED_EDGE('',*,*,#958,.T.);
#419=ORIENTED_EDGE('',*,*,#959,.T.);
#420=ORIENTED_EDGE('',*,*,#960,.F.);
#421=ORIENTED_EDGE('',*,*,#961,.F.);
#422=ORIENTED_EDGE('',*,*,#962,.T.);
#423=ORIENTED_EDGE('',*,*,#953,.F.);
#424=ORIENTED_EDGE('',*,*,#963,.F.);
#425=ORIENTED_EDGE('',*,*,#959,.F.);
#426=ORIENTED_EDGE('',*,*,#964,.T.);
#427=ORIENTED_EDGE('',*,*,#957,.F.);
#428=ORIENTED_EDGE('',*,*,#965,.F.);
#429=ORIENTED_EDGE('',*,*,#951,.F.);
#430=ORIENTED_EDGE('',*,*,#966,.F.);
#431=ORIENTED_EDGE('',*,*,#960,.T.);
#432=ORIENTED_EDGE('',*,*,#963,.T.);
#433=ORIENTED_EDGE('',*,*,#952,.F.);
#434=ORIENTED_EDGE('',*,*,#965,.T.);
#435=ORIENTED_EDGE('',*,*,#956,.F.);
#436=ORIENTED_EDGE('',*,*,#967,.F.);
#437=ORIENTED_EDGE('',*,*,#968,.T.);
#438=ORIENTED_EDGE('',*,*,#969,.T.);
#439=ORIENTED_EDGE('',*,*,#970,.T.);
#440=ORIENTED_EDGE('',*,*,#971,.F.);
#441=ORIENTED_EDGE('',*,*,#972,.F.);
#442=ORIENTED_EDGE('',*,*,#973,.F.);
#443=ORIENTED_EDGE('',*,*,#972,.T.);
#444=ORIENTED_EDGE('',*,*,#974,.F.);
#445=ORIENTED_EDGE('',*,*,#975,.F.);
#446=ORIENTED_EDGE('',*,*,#885,.F.);
#447=ORIENTED_EDGE('',*,*,#976,.F.);
#448=ORIENTED_EDGE('',*,*,#890,.F.);
#449=ORIENTED_EDGE('',*,*,#884,.F.);
#450=ORIENTED_EDGE('',*,*,#886,.T.);
#451=ORIENTED_EDGE('',*,*,#975,.T.);
#452=ORIENTED_EDGE('',*,*,#977,.T.);
#453=ORIENTED_EDGE('',*,*,#968,.F.);
#454=ORIENTED_EDGE('',*,*,#978,.F.);
#455=ORIENTED_EDGE('',*,*,#888,.F.);
#456=ORIENTED_EDGE('',*,*,#976,.T.);
#457=ORIENTED_EDGE('',*,*,#979,.F.);
#458=ORIENTED_EDGE('',*,*,#969,.F.);
#459=ORIENTED_EDGE('',*,*,#979,.T.);
#460=ORIENTED_EDGE('',*,*,#980,.T.);
#461=ORIENTED_EDGE('',*,*,#981,.T.);
#462=ORIENTED_EDGE('',*,*,#982,.F.);
#463=ORIENTED_EDGE('',*,*,#983,.T.);
#464=ORIENTED_EDGE('',*,*,#970,.F.);
#465=ORIENTED_EDGE('',*,*,#981,.F.);
#466=ORIENTED_EDGE('',*,*,#971,.T.);
#467=ORIENTED_EDGE('',*,*,#983,.F.);
#468=ORIENTED_EDGE('',*,*,#984,.F.);
#469=ORIENTED_EDGE('',*,*,#974,.T.);
#470=ORIENTED_EDGE('',*,*,#977,.F.);
#471=ORIENTED_EDGE('',*,*,#984,.T.);
#472=ORIENTED_EDGE('',*,*,#982,.T.);
#473=ORIENTED_EDGE('',*,*,#980,.F.);
#474=ORIENTED_EDGE('',*,*,#985,.F.);
#475=ORIENTED_EDGE('',*,*,#986,.F.);
#476=ORIENTED_EDGE('',*,*,#987,.T.);
#477=ORIENTED_EDGE('',*,*,#988,.T.);
#478=ORIENTED_EDGE('',*,*,#989,.F.);
#479=ORIENTED_EDGE('',*,*,#988,.F.);
#480=ORIENTED_EDGE('',*,*,#990,.T.);
#481=ORIENTED_EDGE('',*,*,#991,.T.);
#482=ORIENTED_EDGE('',*,*,#992,.F.);
#483=ORIENTED_EDGE('',*,*,#991,.F.);
#484=ORIENTED_EDGE('',*,*,#993,.T.);
#485=ORIENTED_EDGE('',*,*,#994,.T.);
#486=ORIENTED_EDGE('',*,*,#995,.F.);
#487=ORIENTED_EDGE('',*,*,#994,.F.);
#488=ORIENTED_EDGE('',*,*,#996,.T.);
#489=ORIENTED_EDGE('',*,*,#997,.T.);
#490=ORIENTED_EDGE('',*,*,#998,.F.);
#491=ORIENTED_EDGE('',*,*,#997,.F.);
#492=ORIENTED_EDGE('',*,*,#999,.T.);
#493=ORIENTED_EDGE('',*,*,#1000,.T.);
#494=ORIENTED_EDGE('',*,*,#1001,.F.);
#495=ORIENTED_EDGE('',*,*,#1000,.F.);
#496=ORIENTED_EDGE('',*,*,#1002,.T.);
#497=ORIENTED_EDGE('',*,*,#986,.T.);
#498=ORIENTED_EDGE('',*,*,#962,.F.);
#499=ORIENTED_EDGE('',*,*,#958,.F.);
#500=ORIENTED_EDGE('',*,*,#1003,.F.);
#501=ORIENTED_EDGE('',*,*,#842,.F.);
#502=ORIENTED_EDGE('',*,*,#835,.F.);
#503=ORIENTED_EDGE('',*,*,#837,.T.);
#504=ORIENTED_EDGE('',*,*,#1004,.F.);
#505=ORIENTED_EDGE('',*,*,#954,.F.);
#506=ORIENTED_EDGE('',*,*,#964,.F.);
#507=ORIENTED_EDGE('',*,*,#950,.F.);
#508=ORIENTED_EDGE('',*,*,#1001,.T.);
#509=ORIENTED_EDGE('',*,*,#985,.T.);
#510=ORIENTED_EDGE('',*,*,#989,.T.);
#511=ORIENTED_EDGE('',*,*,#992,.T.);
#512=ORIENTED_EDGE('',*,*,#995,.T.);
#513=ORIENTED_EDGE('',*,*,#998,.T.);
#514=ORIENTED_EDGE('',*,*,#1005,.T.);
#515=ORIENTED_EDGE('',*,*,#1006,.T.);
#516=ORIENTED_EDGE('',*,*,#1007,.T.);
#517=ORIENTED_EDGE('',*,*,#1008,.T.);
#518=ORIENTED_EDGE('',*,*,#1009,.T.);
#519=ORIENTED_EDGE('',*,*,#1010,.T.);
#520=ORIENTED_EDGE('',*,*,#999,.F.);
#521=ORIENTED_EDGE('',*,*,#996,.F.);
#522=ORIENTED_EDGE('',*,*,#993,.F.);
#523=ORIENTED_EDGE('',*,*,#990,.F.);
#524=ORIENTED_EDGE('',*,*,#987,.F.);
#525=ORIENTED_EDGE('',*,*,#1002,.F.);
#526=ORIENTED_EDGE('',*,*,#1011,.T.);
#527=ORIENTED_EDGE('',*,*,#1012,.T.);
#528=ORIENTED_EDGE('',*,*,#1013,.T.);
#529=ORIENTED_EDGE('',*,*,#1014,.T.);
#530=ORIENTED_EDGE('',*,*,#1015,.T.);
#531=ORIENTED_EDGE('',*,*,#1016,.T.);
#532=ORIENTED_EDGE('',*,*,#1017,.T.);
#533=ORIENTED_EDGE('',*,*,#1018,.T.);
#534=ORIENTED_EDGE('',*,*,#1019,.F.);
#535=ORIENTED_EDGE('',*,*,#1020,.F.);
#536=ORIENTED_EDGE('',*,*,#1021,.F.);
#537=ORIENTED_EDGE('',*,*,#1022,.F.);
#538=ORIENTED_EDGE('',*,*,#1023,.F.);
#539=ORIENTED_EDGE('',*,*,#1024,.F.);
#540=ORIENTED_EDGE('',*,*,#1025,.F.);
#541=ORIENTED_EDGE('',*,*,#1026,.F.);
#542=ORIENTED_EDGE('',*,*,#1027,.F.);
#543=ORIENTED_EDGE('',*,*,#1028,.F.);
#544=ORIENTED_EDGE('',*,*,#1029,.F.);
#545=ORIENTED_EDGE('',*,*,#1030,.T.);
#546=ORIENTED_EDGE('',*,*,#1031,.T.);
#547=ORIENTED_EDGE('',*,*,#1032,.F.);
#548=ORIENTED_EDGE('',*,*,#1033,.T.);
#549=ORIENTED_EDGE('',*,*,#1034,.F.);
#550=ORIENTED_EDGE('',*,*,#1035,.F.);
#551=ORIENTED_EDGE('',*,*,#1036,.F.);
#552=ORIENTED_EDGE('',*,*,#1037,.T.);
#553=ORIENTED_EDGE('',*,*,#1038,.F.);
#554=ORIENTED_EDGE('',*,*,#1039,.T.);
#555=ORIENTED_EDGE('',*,*,#1040,.F.);
#556=ORIENTED_EDGE('',*,*,#1037,.F.);
#557=ORIENTED_EDGE('',*,*,#1041,.F.);
#558=ORIENTED_EDGE('',*,*,#1042,.T.);
#559=ORIENTED_EDGE('',*,*,#1043,.F.);
#560=ORIENTED_EDGE('',*,*,#1039,.F.);
#561=ORIENTED_EDGE('',*,*,#1044,.F.);
#562=ORIENTED_EDGE('',*,*,#1045,.T.);
#563=ORIENTED_EDGE('',*,*,#1046,.F.);
#564=ORIENTED_EDGE('',*,*,#1042,.F.);
#565=ORIENTED_EDGE('',*,*,#1047,.F.);
#566=ORIENTED_EDGE('',*,*,#1048,.T.);
#567=ORIENTED_EDGE('',*,*,#1049,.F.);
#568=ORIENTED_EDGE('',*,*,#1045,.F.);
#569=ORIENTED_EDGE('',*,*,#1050,.F.);
#570=ORIENTED_EDGE('',*,*,#1051,.F.);
#571=ORIENTED_EDGE('',*,*,#1052,.F.);
#572=ORIENTED_EDGE('',*,*,#1053,.F.);
#573=ORIENTED_EDGE('',*,*,#1054,.F.);
#574=ORIENTED_EDGE('',*,*,#1055,.T.);
#575=ORIENTED_EDGE('',*,*,#1056,.F.);
#576=ORIENTED_EDGE('',*,*,#1014,.F.);
#577=ORIENTED_EDGE('',*,*,#1057,.T.);
#578=ORIENTED_EDGE('',*,*,#1058,.T.);
#579=ORIENTED_EDGE('',*,*,#1059,.F.);
#580=ORIENTED_EDGE('',*,*,#1016,.F.);
#581=ORIENTED_EDGE('',*,*,#1060,.T.);
#582=ORIENTED_EDGE('',*,*,#1061,.T.);
#583=ORIENTED_EDGE('',*,*,#1062,.F.);
#584=ORIENTED_EDGE('',*,*,#1018,.F.);
#585=ORIENTED_EDGE('',*,*,#1063,.T.);
#586=ORIENTED_EDGE('',*,*,#1064,.T.);
#587=ORIENTED_EDGE('',*,*,#1065,.F.);
#588=ORIENTED_EDGE('',*,*,#1011,.F.);
#589=ORIENTED_EDGE('',*,*,#1062,.T.);
#590=ORIENTED_EDGE('',*,*,#1066,.T.);
#591=ORIENTED_EDGE('',*,*,#1057,.F.);
#592=ORIENTED_EDGE('',*,*,#1013,.F.);
#593=ORIENTED_EDGE('',*,*,#1067,.T.);
#594=ORIENTED_EDGE('',*,*,#1066,.F.);
#595=ORIENTED_EDGE('',*,*,#1068,.F.);
#596=ORIENTED_EDGE('',*,*,#1064,.F.);
#597=ORIENTED_EDGE('',*,*,#1061,.F.);
#598=ORIENTED_EDGE('',*,*,#1069,.F.);
#599=ORIENTED_EDGE('',*,*,#1058,.F.);
#600=ORIENTED_EDGE('',*,*,#1070,.F.);
#601=ORIENTED_EDGE('',*,*,#1055,.F.);
#602=ORIENTED_EDGE('',*,*,#1071,.T.);
#603=ORIENTED_EDGE('',*,*,#1038,.T.);
#604=ORIENTED_EDGE('',*,*,#1040,.T.);
#605=ORIENTED_EDGE('',*,*,#1043,.T.);
#606=ORIENTED_EDGE('',*,*,#1046,.T.);
#607=ORIENTED_EDGE('',*,*,#1049,.T.);
#608=ORIENTED_EDGE('',*,*,#1072,.T.);
#609=ORIENTED_EDGE('',*,*,#1052,.T.);
#610=ORIENTED_EDGE('',*,*,#1073,.T.);
#611=ORIENTED_EDGE('',*,*,#1074,.T.);
#612=ORIENTED_EDGE('',*,*,#1075,.F.);
#613=ORIENTED_EDGE('',*,*,#1076,.F.);
#614=ORIENTED_EDGE('',*,*,#1073,.F.);
#615=ORIENTED_EDGE('',*,*,#1051,.T.);
#616=ORIENTED_EDGE('',*,*,#1077,.F.);
#617=ORIENTED_EDGE('',*,*,#1028,.T.);
#618=ORIENTED_EDGE('',*,*,#1078,.T.);
#619=ORIENTED_EDGE('',*,*,#1074,.F.);
#620=ORIENTED_EDGE('',*,*,#1078,.F.);
#621=ORIENTED_EDGE('',*,*,#1027,.T.);
#622=ORIENTED_EDGE('',*,*,#1079,.T.);
#623=ORIENTED_EDGE('',*,*,#1080,.T.);
#624=ORIENTED_EDGE('',*,*,#1035,.T.);
#625=ORIENTED_EDGE('',*,*,#1071,.F.);
#626=ORIENTED_EDGE('',*,*,#1079,.F.);
#627=ORIENTED_EDGE('',*,*,#1026,.T.);
#628=ORIENTED_EDGE('',*,*,#1081,.T.);
#629=ORIENTED_EDGE('',*,*,#1036,.T.);
#630=ORIENTED_EDGE('',*,*,#1080,.F.);
#631=ORIENTED_EDGE('',*,*,#1025,.T.);
#632=ORIENTED_EDGE('',*,*,#1082,.T.);
#633=ORIENTED_EDGE('',*,*,#1041,.T.);
#634=ORIENTED_EDGE('',*,*,#1081,.F.);
#635=ORIENTED_EDGE('',*,*,#1024,.T.);
#636=ORIENTED_EDGE('',*,*,#1083,.T.);
#637=ORIENTED_EDGE('',*,*,#1044,.T.);
#638=ORIENTED_EDGE('',*,*,#1082,.F.);
#639=ORIENTED_EDGE('',*,*,#1023,.T.);
#640=ORIENTED_EDGE('',*,*,#1084,.T.);
#641=ORIENTED_EDGE('',*,*,#1047,.T.);
#642=ORIENTED_EDGE('',*,*,#1083,.F.);
#643=ORIENTED_EDGE('',*,*,#1022,.T.);
#644=ORIENTED_EDGE('',*,*,#1085,.T.);
#645=ORIENTED_EDGE('',*,*,#1050,.T.);
#646=ORIENTED_EDGE('',*,*,#1084,.F.);
#647=ORIENTED_EDGE('',*,*,#1021,.T.);
#648=ORIENTED_EDGE('',*,*,#1086,.T.);
#649=ORIENTED_EDGE('',*,*,#1087,.T.);
#650=ORIENTED_EDGE('',*,*,#1085,.F.);
#651=ORIENTED_EDGE('',*,*,#1020,.T.);
#652=ORIENTED_EDGE('',*,*,#1077,.T.);
#653=ORIENTED_EDGE('',*,*,#1054,.T.);
#654=ORIENTED_EDGE('',*,*,#1086,.F.);
#655=ORIENTED_EDGE('',*,*,#1019,.T.);
#656=ORIENTED_EDGE('',*,*,#946,.F.);
#657=ORIENTED_EDGE('',*,*,#1088,.F.);
#658=ORIENTED_EDGE('',*,*,#1031,.F.);
#659=ORIENTED_EDGE('',*,*,#1089,.F.);
#660=ORIENTED_EDGE('',*,*,#933,.F.);
#661=ORIENTED_EDGE('',*,*,#949,.F.);
#662=ORIENTED_EDGE('',*,*,#931,.F.);
#663=ORIENTED_EDGE('',*,*,#1090,.F.);
#664=ORIENTED_EDGE('',*,*,#1033,.F.);
#665=ORIENTED_EDGE('',*,*,#1091,.F.);
#666=ORIENTED_EDGE('',*,*,#919,.F.);
#667=ORIENTED_EDGE('',*,*,#916,.F.);
#668=ORIENTED_EDGE('',*,*,#930,.T.);
#669=ORIENTED_EDGE('',*,*,#1092,.T.);
#670=ORIENTED_EDGE('',*,*,#1010,.F.);
#671=ORIENTED_EDGE('',*,*,#1093,.F.);
#672=ORIENTED_EDGE('',*,*,#880,.F.);
#673=ORIENTED_EDGE('',*,*,#866,.F.);
#674=ORIENTED_EDGE('',*,*,#934,.T.);
#675=ORIENTED_EDGE('',*,*,#1089,.T.);
#676=ORIENTED_EDGE('',*,*,#1030,.F.);
#677=ORIENTED_EDGE('',*,*,#1094,.F.);
#678=ORIENTED_EDGE('',*,*,#861,.F.);
#679=ORIENTED_EDGE('',*,*,#849,.F.);
#680=ORIENTED_EDGE('',*,*,#926,.F.);
#681=ORIENTED_EDGE('',*,*,#922,.F.);
#682=ORIENTED_EDGE('',*,*,#920,.F.);
#683=ORIENTED_EDGE('',*,*,#1091,.T.);
#684=ORIENTED_EDGE('',*,*,#1032,.T.);
#685=ORIENTED_EDGE('',*,*,#1088,.T.);
#686=ORIENTED_EDGE('',*,*,#948,.F.);
#687=ORIENTED_EDGE('',*,*,#944,.F.);
#688=ORIENTED_EDGE('',*,*,#942,.F.);
#689=ORIENTED_EDGE('',*,*,#1095,.T.);
#690=ORIENTED_EDGE('',*,*,#1006,.F.);
#691=ORIENTED_EDGE('',*,*,#1096,.T.);
#692=ORIENTED_EDGE('',*,*,#941,.F.);
#693=ORIENTED_EDGE('',*,*,#939,.F.);
#694=ORIENTED_EDGE('',*,*,#936,.F.);
#695=ORIENTED_EDGE('',*,*,#1097,.F.);
#696=ORIENTED_EDGE('',*,*,#1007,.F.);
#697=ORIENTED_EDGE('',*,*,#1095,.F.);
#698=ORIENTED_EDGE('',*,*,#929,.F.);
#699=ORIENTED_EDGE('',*,*,#927,.F.);
#700=ORIENTED_EDGE('',*,*,#924,.F.);
#701=ORIENTED_EDGE('',*,*,#1096,.F.);
#702=ORIENTED_EDGE('',*,*,#1005,.F.);
#703=ORIENTED_EDGE('',*,*,#1092,.F.);
#704=ORIENTED_EDGE('',*,*,#932,.F.);
#705=ORIENTED_EDGE('',*,*,#870,.F.);
#706=ORIENTED_EDGE('',*,*,#875,.T.);
#707=ORIENTED_EDGE('',*,*,#1098,.F.);
#708=ORIENTED_EDGE('',*,*,#1034,.T.);
#709=ORIENTED_EDGE('',*,*,#1090,.T.);
#710=ORIENTED_EDGE('',*,*,#938,.F.);
#711=ORIENTED_EDGE('',*,*,#853,.F.);
#712=ORIENTED_EDGE('',*,*,#856,.T.);
#713=ORIENTED_EDGE('',*,*,#1099,.F.);
#714=ORIENTED_EDGE('',*,*,#1008,.F.);
#715=ORIENTED_EDGE('',*,*,#1097,.T.);
#716=ORIENTED_EDGE('',*,*,#860,.F.);
#717=ORIENTED_EDGE('',*,*,#1094,.T.);
#718=ORIENTED_EDGE('',*,*,#1029,.T.);
#719=ORIENTED_EDGE('',*,*,#1098,.T.);
#720=ORIENTED_EDGE('',*,*,#874,.F.);
#721=ORIENTED_EDGE('',*,*,#877,.F.);
#722=ORIENTED_EDGE('',*,*,#879,.F.);
#723=ORIENTED_EDGE('',*,*,#1093,.T.);
#724=ORIENTED_EDGE('',*,*,#1009,.F.);
#725=ORIENTED_EDGE('',*,*,#1099,.T.);
#726=ORIENTED_EDGE('',*,*,#855,.F.);
#727=ORIENTED_EDGE('',*,*,#858,.F.);
#728=ORIENTED_EDGE('',*,*,#841,.F.);
#729=ORIENTED_EDGE('',*,*,#1003,.T.);
#730=ORIENTED_EDGE('',*,*,#961,.T.);
#731=ORIENTED_EDGE('',*,*,#966,.T.);
#732=ORIENTED_EDGE('',*,*,#973,.T.);
#733=ORIENTED_EDGE('',*,*,#898,.F.);
#734=ORIENTED_EDGE('',*,*,#895,.F.);
#735=ORIENTED_EDGE('',*,*,#907,.F.);
#736=ORIENTED_EDGE('',*,*,#905,.F.);
#737=ORIENTED_EDGE('',*,*,#903,.F.);
#738=ORIENTED_EDGE('',*,*,#911,.F.);
#739=ORIENTED_EDGE('',*,*,#915,.F.);
#740=ORIENTED_EDGE('',*,*,#913,.F.);
#741=ORIENTED_EDGE('',*,*,#899,.F.);
#742=ORIENTED_EDGE('',*,*,#978,.T.);
#743=ORIENTED_EDGE('',*,*,#967,.T.);
#744=ORIENTED_EDGE('',*,*,#955,.T.);
#745=ORIENTED_EDGE('',*,*,#1004,.T.);
#746=ORIENTED_EDGE('',*,*,#836,.F.);
#747=ORIENTED_EDGE('',*,*,#839,.F.);
#748=ORIENTED_EDGE('',*,*,#1012,.F.);
#749=ORIENTED_EDGE('',*,*,#1065,.T.);
#750=ORIENTED_EDGE('',*,*,#1068,.T.);
#751=ORIENTED_EDGE('',*,*,#1067,.F.);
#752=ORIENTED_EDGE('',*,*,#1017,.F.);
#753=ORIENTED_EDGE('',*,*,#1059,.T.);
#754=ORIENTED_EDGE('',*,*,#1069,.T.);
#755=ORIENTED_EDGE('',*,*,#1063,.F.);
#756=ORIENTED_EDGE('',*,*,#1015,.F.);
#757=ORIENTED_EDGE('',*,*,#1056,.T.);
#758=ORIENTED_EDGE('',*,*,#1070,.T.);
#759=ORIENTED_EDGE('',*,*,#1060,.F.);
#760=ORIENTED_EDGE('',*,*,#1072,.F.);
#761=ORIENTED_EDGE('',*,*,#1048,.F.);
#762=ORIENTED_EDGE('',*,*,#1087,.F.);
#763=ORIENTED_EDGE('',*,*,#1053,.T.);
#764=ORIENTED_EDGE('',*,*,#1075,.T.);
#765=ORIENTED_EDGE('',*,*,#831,.F.);
#766=ORIENTED_EDGE('',*,*,#1076,.T.);
#767=ORIENTED_EDGE('',*,*,#830,.F.);
#768=ORIENTED_EDGE('',*,*,#1100,.F.);
#769=ORIENTED_EDGE('',*,*,#1101,.T.);
#770=ORIENTED_EDGE('',*,*,#1102,.T.);
#771=ORIENTED_EDGE('',*,*,#1103,.T.);
#772=ORIENTED_EDGE('',*,*,#1101,.F.);
#773=ORIENTED_EDGE('',*,*,#1103,.F.);
#774=ORIENTED_EDGE('',*,*,#1104,.T.);
#775=ORIENTED_EDGE('',*,*,#1100,.T.);
#776=ORIENTED_EDGE('',*,*,#1102,.F.);
#777=ORIENTED_EDGE('',*,*,#1104,.F.);
#778=ORIENTED_EDGE('',*,*,#1105,.F.);
#779=ORIENTED_EDGE('',*,*,#1106,.T.);
#780=ORIENTED_EDGE('',*,*,#1107,.T.);
#781=ORIENTED_EDGE('',*,*,#1108,.T.);
#782=ORIENTED_EDGE('',*,*,#1106,.F.);
#783=ORIENTED_EDGE('',*,*,#1108,.F.);
#784=ORIENTED_EDGE('',*,*,#1109,.T.);
#785=ORIENTED_EDGE('',*,*,#1105,.T.);
#786=ORIENTED_EDGE('',*,*,#1107,.F.);
#787=ORIENTED_EDGE('',*,*,#1109,.F.);
#788=EDGE_CURVE('',#1110,#1111,#1328,.T.);
#789=EDGE_CURVE('',#1112,#1110,#1329,.T.);
#790=EDGE_CURVE('',#1113,#1112,#1330,.T.);
#791=EDGE_CURVE('',#1111,#1113,#1331,.T.);
#792=EDGE_CURVE('',#1114,#1115,#1332,.T.);
#793=EDGE_CURVE('',#1116,#1114,#1333,.T.);
#794=EDGE_CURVE('',#1117,#1116,#1334,.T.);
#795=EDGE_CURVE('',#1115,#1117,#1335,.T.);
#796=EDGE_CURVE('',#1118,#1119,#1336,.T.);
#797=EDGE_CURVE('',#1119,#1120,#1337,.T.);
#798=EDGE_CURVE('',#1120,#1121,#1338,.T.);
#799=EDGE_CURVE('',#1121,#1118,#1339,.T.);
#800=EDGE_CURVE('',#1113,#1115,#1340,.T.);
#801=EDGE_CURVE('',#1117,#1111,#1341,.T.);
#802=EDGE_CURVE('',#1116,#1121,#1342,.T.);
#803=EDGE_CURVE('',#1110,#1120,#1343,.T.);
#804=EDGE_CURVE('',#1114,#1118,#1344,.T.);
#805=EDGE_CURVE('',#1112,#1119,#1345,.T.);
#806=EDGE_CURVE('',#1122,#1123,#1346,.T.);
#807=EDGE_CURVE('',#1124,#1122,#1347,.T.);
#808=EDGE_CURVE('',#1125,#1124,#1348,.T.);
#809=EDGE_CURVE('',#1123,#1125,#1349,.T.);
#810=EDGE_CURVE('',#1126,#1127,#1350,.T.);
#811=EDGE_CURVE('',#1128,#1126,#1351,.T.);
#812=EDGE_CURVE('',#1129,#1128,#1352,.T.);
#813=EDGE_CURVE('',#1127,#1129,#1353,.T.);
#814=EDGE_CURVE('',#1130,#1131,#1354,.T.);
#815=EDGE_CURVE('',#1131,#1132,#1355,.T.);
#816=EDGE_CURVE('',#1132,#1133,#1356,.T.);
#817=EDGE_CURVE('',#1133,#1130,#1357,.T.);
#818=EDGE_CURVE('',#1125,#1127,#1358,.T.);
#819=EDGE_CURVE('',#1129,#1123,#1359,.T.);
#820=EDGE_CURVE('',#1128,#1132,#1360,.T.);
#821=EDGE_CURVE('',#1126,#1133,#1361,.T.);
#822=EDGE_CURVE('',#1124,#1130,#1362,.T.);
#823=EDGE_CURVE('',#1122,#1131,#1363,.T.);
#824=EDGE_CURVE('',#1134,#1134,#65,.T.);
#825=EDGE_CURVE('',#1135,#1135,#66,.T.);
#826=EDGE_CURVE('',#1136,#1136,#67,.T.);
#827=EDGE_CURVE('',#1137,#1137,#68,.T.);
#828=EDGE_CURVE('',#1138,#1138,#69,.T.);
#829=EDGE_CURVE('',#1139,#1139,#70,.T.);
#830=EDGE_CURVE('',#1140,#1140,#71,.T.);
#831=EDGE_CURVE('',#1141,#1141,#72,.T.);
#832=EDGE_CURVE('',#1142,#1143,#1364,.T.);
#833=EDGE_CURVE('',#1143,#1144,#1365,.T.);
#834=EDGE_CURVE('',#1144,#1145,#1366,.T.);
#835=EDGE_CURVE('',#1145,#1142,#1367,.T.);
#836=EDGE_CURVE('',#1146,#1147,#1368,.T.);
#837=EDGE_CURVE('',#1145,#1147,#1369,.T.);
#838=EDGE_CURVE('',#1144,#1146,#1370,.T.);
#839=EDGE_CURVE('',#1148,#1146,#1371,.T.);
#840=EDGE_CURVE('',#1143,#1148,#1372,.T.);
#841=EDGE_CURVE('',#1149,#1148,#1373,.T.);
#842=EDGE_CURVE('',#1142,#1149,#1374,.T.);
#843=EDGE_CURVE('',#1150,#1151,#1375,.T.);
#844=EDGE_CURVE('',#1151,#1152,#1376,.T.);
#845=EDGE_CURVE('',#1152,#1153,#1377,.T.);
#846=EDGE_CURVE('',#1153,#1154,#1378,.T.);
#847=EDGE_CURVE('',#1154,#1155,#1379,.T.);
#848=EDGE_CURVE('',#1155,#1156,#1380,.T.);
#849=EDGE_CURVE('',#1156,#1157,#1381,.T.);
#850=EDGE_CURVE('',#1157,#1158,#1382,.T.);
#851=EDGE_CURVE('',#1158,#1159,#1383,.T.);
#852=EDGE_CURVE('',#1159,#1160,#1384,.T.);
#853=EDGE_CURVE('',#1160,#1161,#1385,.T.);
#854=EDGE_CURVE('',#1161,#1150,#1386,.T.);
#855=EDGE_CURVE('',#1162,#1163,#1387,.T.);
#856=EDGE_CURVE('',#1160,#1163,#1388,.T.);
#857=EDGE_CURVE('',#1159,#1162,#1389,.T.);
#858=EDGE_CURVE('',#1164,#1162,#1390,.T.);
#859=EDGE_CURVE('',#1158,#1164,#1391,.T.);
#860=EDGE_CURVE('',#1165,#1164,#1392,.T.);
#861=EDGE_CURVE('',#1157,#1165,#1393,.T.);
#862=EDGE_CURVE('',#1166,#1167,#1394,.T.);
#863=EDGE_CURVE('',#1167,#1168,#1395,.T.);
#864=EDGE_CURVE('',#1168,#1169,#1396,.T.);
#865=EDGE_CURVE('',#1169,#1170,#1397,.T.);
#866=EDGE_CURVE('',#1170,#1171,#1398,.T.);
#867=EDGE_CURVE('',#1171,#1172,#1399,.T.);
#868=EDGE_CURVE('',#1172,#1173,#1400,.T.);
#869=EDGE_CURVE('',#1173,#1174,#1401,.T.);
#870=EDGE_CURVE('',#1174,#1175,#1402,.T.);
#871=EDGE_CURVE('',#1175,#1176,#1403,.T.);
#872=EDGE_CURVE('',#1176,#1177,#1404,.T.);
#873=EDGE_CURVE('',#1177,#1166,#1405,.T.);
#874=EDGE_CURVE('',#1178,#1179,#1406,.T.);
#875=EDGE_CURVE('',#1174,#1179,#1407,.T.);
#876=EDGE_CURVE('',#1173,#1178,#1408,.T.);
#877=EDGE_CURVE('',#1180,#1178,#1409,.T.);
#878=EDGE_CURVE('',#1172,#1180,#1410,.T.);
#879=EDGE_CURVE('',#1181,#1180,#1411,.T.);
#880=EDGE_CURVE('',#1171,#1181,#1412,.T.);
#881=EDGE_CURVE('',#1182,#1183,#16,.T.);
#882=EDGE_CURVE('',#1183,#1184,#1413,.T.);
#883=EDGE_CURVE('',#1184,#1185,#17,.T.);
#884=EDGE_CURVE('',#1185,#1182,#1414,.T.);
#885=EDGE_CURVE('',#1186,#1187,#18,.T.);
#886=EDGE_CURVE('',#1185,#1187,#1415,.T.);
#887=EDGE_CURVE('',#1184,#1186,#1416,.T.);
#888=EDGE_CURVE('',#1188,#1189,#19,.T.);
#889=EDGE_CURVE('',#1183,#1189,#1417,.T.);
#890=EDGE_CURVE('',#1182,#1188,#1418,.T.);
#891=EDGE_CURVE('',#1190,#1191,#73,.T.);
#892=EDGE_CURVE('',#1191,#1192,#1419,.T.);
#893=EDGE_CURVE('',#1192,#1193,#1420,.T.);
#894=EDGE_CURVE('',#1193,#1190,#1421,.T.);
#895=EDGE_CURVE('',#1194,#1195,#1422,.T.);
#896=EDGE_CURVE('',#1192,#1195,#1423,.T.);
#897=EDGE_CURVE('',#1191,#1194,#1424,.T.);
#898=EDGE_CURVE('',#1195,#1186,#1425,.T.);
#899=EDGE_CURVE('',#1189,#1196,#1426,.T.);
#900=EDGE_CURVE('',#1197,#1196,#1427,.T.);
#901=EDGE_CURVE('',#1198,#1197,#1428,.T.);
#902=EDGE_CURVE('',#1198,#1199,#1429,.T.);
#903=EDGE_CURVE('',#1199,#1200,#1430,.T.);
#904=EDGE_CURVE('',#1193,#1200,#1431,.T.);
#905=EDGE_CURVE('',#1200,#1201,#1432,.T.);
#906=EDGE_CURVE('',#1190,#1201,#1433,.T.);
#907=EDGE_CURVE('',#1201,#1194,#74,.T.);
#908=EDGE_CURVE('',#1202,#1203,#75,.T.);
#909=EDGE_CURVE('',#1203,#1198,#1434,.T.);
#910=EDGE_CURVE('',#1197,#1202,#1435,.T.);
#911=EDGE_CURVE('',#1204,#1199,#1436,.T.);
#912=EDGE_CURVE('',#1203,#1204,#1437,.T.);
#913=EDGE_CURVE('',#1196,#1205,#1438,.T.);
#914=EDGE_CURVE('',#1202,#1205,#1439,.T.);
#915=EDGE_CURVE('',#1205,#1204,#76,.T.);
#916=EDGE_CURVE('',#1206,#1207,#1440,.T.);
#917=EDGE_CURVE('',#1177,#1207,#1441,.T.);
#918=EDGE_CURVE('',#1176,#1206,#1442,.T.);
#919=EDGE_CURVE('',#1207,#1208,#77,.T.);
#920=EDGE_CURVE('',#1208,#1209,#1443,.T.);
#921=EDGE_CURVE('',#1166,#1209,#1444,.T.);
#922=EDGE_CURVE('',#1209,#1210,#1445,.T.);
#923=EDGE_CURVE('',#1167,#1210,#1446,.T.);
#924=EDGE_CURVE('',#1211,#1212,#78,.T.);
#925=EDGE_CURVE('',#1168,#1212,#1447,.T.);
#926=EDGE_CURVE('',#1210,#1211,#1448,.T.);
#927=EDGE_CURVE('',#1212,#1213,#1449,.T.);
#928=EDGE_CURVE('',#1169,#1213,#1450,.T.);
#929=EDGE_CURVE('',#1213,#1214,#79,.T.);
#930=EDGE_CURVE('',#1170,#1214,#1451,.T.);
#931=EDGE_CURVE('',#1215,#1206,#80,.T.);
#932=EDGE_CURVE('',#1175,#1215,#1452,.T.);
#933=EDGE_CURVE('',#1216,#1217,#81,.T.);
#934=EDGE_CURVE('',#1156,#1217,#1453,.T.);
#935=EDGE_CURVE('',#1155,#1216,#1454,.T.);
#936=EDGE_CURVE('',#1218,#1219,#82,.T.);
#937=EDGE_CURVE('',#1150,#1219,#1455,.T.);
#938=EDGE_CURVE('',#1161,#1218,#1456,.T.);
#939=EDGE_CURVE('',#1219,#1220,#1457,.T.);
#940=EDGE_CURVE('',#1151,#1220,#1458,.T.);
#941=EDGE_CURVE('',#1220,#1221,#83,.T.);
#942=EDGE_CURVE('',#1221,#1222,#1459,.T.);
#943=EDGE_CURVE('',#1152,#1222,#1460,.T.);
#944=EDGE_CURVE('',#1222,#1223,#1461,.T.);
#945=EDGE_CURVE('',#1153,#1223,#1462,.T.);
#946=EDGE_CURVE('',#1224,#1225,#84,.T.);
#947=EDGE_CURVE('',#1154,#1225,#1463,.T.);
#948=EDGE_CURVE('',#1223,#1224,#1464,.T.);
#949=EDGE_CURVE('',#1225,#1216,#1465,.T.);
#950=EDGE_CURVE('',#1226,#1227,#1466,.T.);
#951=EDGE_CURVE('',#1227,#1228,#1467,.T.);
#952=EDGE_CURVE('',#1228,#1229,#1468,.T.);
#953=EDGE_CURVE('',#1229,#1226,#1469,.T.);
#954=EDGE_CURVE('',#1230,#1231,#1470,.T.);
#955=EDGE_CURVE('',#1232,#1231,#1471,.T.);
#956=EDGE_CURVE('',#1232,#1233,#1472,.T.);
#957=EDGE_CURVE('',#1233,#1230,#1473,.T.);
#958=EDGE_CURVE('',#1234,#1235,#1474,.T.);
#959=EDGE_CURVE('',#1235,#1236,#1475,.T.);
#960=EDGE_CURVE('',#1237,#1236,#1476,.T.);
#961=EDGE_CURVE('',#1234,#1237,#1477,.T.);
#962=EDGE_CURVE('',#1235,#1226,#85,.T.);
#963=EDGE_CURVE('',#1236,#1229,#86,.T.);
#964=EDGE_CURVE('',#1227,#1230,#87,.T.);
#965=EDGE_CURVE('',#1228,#1233,#88,.T.);
#966=EDGE_CURVE('',#1237,#1238,#1478,.T.);
#967=EDGE_CURVE('',#1239,#1232,#1479,.T.);
#968=EDGE_CURVE('',#1239,#1240,#1480,.T.);
#969=EDGE_CURVE('',#1240,#1241,#20,.T.);
#970=EDGE_CURVE('',#1241,#1242,#1481,.T.);
#971=EDGE_CURVE('',#1243,#1242,#21,.T.);
#972=EDGE_CURVE('',#1238,#1243,#1482,.T.);
#973=EDGE_CURVE('',#1238,#1186,#22,.T.);
#974=EDGE_CURVE('',#1244,#1243,#23,.T.);
#975=EDGE_CURVE('',#1187,#1244,#1483,.T.);
#976=EDGE_CURVE('',#1188,#1245,#1484,.T.);
#977=EDGE_CURVE('',#1244,#1245,#1485,.T.);
#978=EDGE_CURVE('',#1189,#1239,#24,.T.);
#979=EDGE_CURVE('',#1240,#1245,#25,.T.);
#980=EDGE_CURVE('',#1245,#1246,#26,.F.);
#981=EDGE_CURVE('',#1246,#1241,#27,.T.);
#982=EDGE_CURVE('',#1247,#1246,#1486,.T.);
#983=EDGE_CURVE('',#1247,#1242,#28,.T.);
#984=EDGE_CURVE('',#1244,#1247,#29,.T.);
#985=EDGE_CURVE('',#1248,#1249,#1487,.T.);
#986=EDGE_CURVE('',#1250,#1248,#1488,.T.);
#987=EDGE_CURVE('',#1250,#1251,#1489,.T.);
#988=EDGE_CURVE('',#1251,#1249,#1490,.T.);
#989=EDGE_CURVE('',#1249,#1252,#89,.T.);
#990=EDGE_CURVE('',#1251,#1253,#90,.T.);
#991=EDGE_CURVE('',#1253,#1252,#1491,.T.);
#992=EDGE_CURVE('',#1252,#1254,#1492,.T.);
#993=EDGE_CURVE('',#1253,#1255,#1493,.T.);
#994=EDGE_CURVE('',#1255,#1254,#1494,.T.);
#995=EDGE_CURVE('',#1254,#1256,#1495,.T.);
#996=EDGE_CURVE('',#1255,#1257,#1496,.T.);
#997=EDGE_CURVE('',#1257,#1256,#1497,.T.);
#998=EDGE_CURVE('',#1256,#1258,#1498,.T.);
#999=EDGE_CURVE('',#1257,#1259,#1499,.T.);
#1000=EDGE_CURVE('',#1259,#1258,#1500,.T.);
#1001=EDGE_CURVE('',#1258,#1248,#91,.T.);
#1002=EDGE_CURVE('',#1259,#1250,#92,.T.);
#1003=EDGE_CURVE('',#1149,#1234,#1501,.T.);
#1004=EDGE_CURVE('',#1231,#1147,#1502,.T.);
#1005=EDGE_CURVE('',#1260,#1261,#93,.T.);
#1006=EDGE_CURVE('',#1261,#1262,#1503,.T.);
#1007=EDGE_CURVE('',#1262,#1263,#94,.T.);
#1008=EDGE_CURVE('',#1263,#1264,#1504,.T.);
#1009=EDGE_CURVE('',#1264,#1265,#1505,.T.);
#1010=EDGE_CURVE('',#1265,#1260,#1506,.T.);
#1011=EDGE_CURVE('',#1266,#1267,#95,.T.);
#1012=EDGE_CURVE('',#1267,#1268,#96,.T.);
#1013=EDGE_CURVE('',#1268,#1269,#97,.T.);
#1014=EDGE_CURVE('',#1269,#1270,#1507,.T.);
#1015=EDGE_CURVE('',#1270,#1271,#98,.T.);
#1016=EDGE_CURVE('',#1271,#1272,#99,.T.);
#1017=EDGE_CURVE('',#1272,#1273,#100,.T.);
#1018=EDGE_CURVE('',#1273,#1266,#1508,.T.);
#1019=EDGE_CURVE('',#1274,#1275,#1509,.T.);
#1020=EDGE_CURVE('',#1276,#1274,#101,.T.);
#1021=EDGE_CURVE('',#1277,#1276,#1510,.T.);
#1022=EDGE_CURVE('',#1278,#1277,#102,.T.);
#1023=EDGE_CURVE('',#1279,#1278,#1511,.T.);
#1024=EDGE_CURVE('',#1280,#1279,#103,.T.);
#1025=EDGE_CURVE('',#1281,#1280,#1512,.T.);
#1026=EDGE_CURVE('',#1282,#1281,#1513,.T.);
#1027=EDGE_CURVE('',#1283,#1282,#1514,.T.);
#1028=EDGE_CURVE('',#1275,#1283,#1515,.T.);
#1029=EDGE_CURVE('',#1284,#1285,#1516,.T.);
#1030=EDGE_CURVE('',#1284,#1286,#1517,.T.);
#1031=EDGE_CURVE('',#1286,#1287,#104,.T.);
#1032=EDGE_CURVE('',#1288,#1287,#1518,.T.);
#1033=EDGE_CURVE('',#1288,#1289,#105,.T.);
#1034=EDGE_CURVE('',#1285,#1289,#1519,.T.);
#1035=EDGE_CURVE('',#1290,#1291,#1520,.T.);
#1036=EDGE_CURVE('',#1292,#1290,#1521,.T.);
#1037=EDGE_CURVE('',#1292,#1293,#1522,.T.);
#1038=EDGE_CURVE('',#1291,#1293,#1523,.T.);
#1039=EDGE_CURVE('',#1294,#1295,#1524,.T.);
#1040=EDGE_CURVE('',#1293,#1295,#106,.T.);
#1041=EDGE_CURVE('',#1294,#1292,#107,.T.);
#1042=EDGE_CURVE('',#1296,#1297,#1525,.T.);
#1043=EDGE_CURVE('',#1295,#1297,#1526,.T.);
#1044=EDGE_CURVE('',#1296,#1294,#1527,.T.);
#1045=EDGE_CURVE('',#1298,#1299,#1528,.T.);
#1046=EDGE_CURVE('',#1297,#1299,#108,.T.);
#1047=EDGE_CURVE('',#1298,#1296,#109,.T.);
#1048=EDGE_CURVE('',#1300,#1301,#1529,.T.);
#1049=EDGE_CURVE('',#1299,#1301,#1530,.T.);
#1050=EDGE_CURVE('',#1300,#1298,#1531,.T.);
#1051=EDGE_CURVE('',#1302,#1303,#1532,.T.);
#1052=EDGE_CURVE('',#1304,#1302,#1533,.T.);
#1053=EDGE_CURVE('',#1305,#1304,#1534,.T.);
#1054=EDGE_CURVE('',#1303,#1305,#1535,.T.);
#1055=EDGE_CURVE('',#1306,#1307,#1536,.T.);
#1056=EDGE_CURVE('',#1270,#1307,#1537,.T.);
#1057=EDGE_CURVE('',#1269,#1306,#1538,.T.);
#1058=EDGE_CURVE('',#1308,#1309,#110,.T.);
#1059=EDGE_CURVE('',#1272,#1309,#1539,.T.);
#1060=EDGE_CURVE('',#1271,#1308,#1540,.T.);
#1061=EDGE_CURVE('',#1310,#1311,#1541,.T.);
#1062=EDGE_CURVE('',#1266,#1311,#1542,.T.);
#1063=EDGE_CURVE('',#1273,#1310,#1543,.T.);
#1064=EDGE_CURVE('',#1311,#1312,#111,.T.);
#1065=EDGE_CURVE('',#1267,#1312,#1544,.T.);
#1066=EDGE_CURVE('',#1313,#1306,#112,.T.);
#1067=EDGE_CURVE('',#1268,#1313,#1545,.T.);
#1068=EDGE_CURVE('',#1312,#1313,#113,.T.);
#1069=EDGE_CURVE('',#1309,#1310,#114,.T.);
#1070=EDGE_CURVE('',#1307,#1308,#115,.T.);
#1071=EDGE_CURVE('',#1314,#1291,#1546,.T.);
#1072=EDGE_CURVE('',#1301,#1304,#116,.T.);
#1073=EDGE_CURVE('',#1302,#1315,#1547,.T.);
#1074=EDGE_CURVE('',#1315,#1314,#1548,.T.);
#1075=EDGE_CURVE('',#1316,#1316,#117,.T.);
#1076=EDGE_CURVE('',#1317,#1317,#118,.T.);
#1077=EDGE_CURVE('',#1275,#1303,#1549,.T.);
#1078=EDGE_CURVE('',#1283,#1315,#1550,.T.);
#1079=EDGE_CURVE('',#1282,#1314,#1551,.T.);
#1080=EDGE_CURVE('',#1281,#1290,#1552,.T.);
#1081=EDGE_CURVE('',#1280,#1292,#1553,.T.);
#1082=EDGE_CURVE('',#1279,#1294,#1554,.T.);
#1083=EDGE_CURVE('',#1278,#1296,#1555,.T.);
#1084=EDGE_CURVE('',#1277,#1298,#1556,.T.);
#1085=EDGE_CURVE('',#1276,#1300,#1557,.T.);
#1086=EDGE_CURVE('',#1274,#1305,#1558,.T.);
#1087=EDGE_CURVE('',#1305,#1300,#119,.T.);
#1088=EDGE_CURVE('',#1287,#1224,#1559,.T.);
#1089=EDGE_CURVE('',#1217,#1286,#1560,.T.);
#1090=EDGE_CURVE('',#1289,#1215,#1561,.T.);
#1091=EDGE_CURVE('',#1208,#1288,#1562,.T.);
#1092=EDGE_CURVE('',#1214,#1260,#1563,.T.);
#1093=EDGE_CURVE('',#1181,#1265,#1564,.T.);
#1094=EDGE_CURVE('',#1165,#1284,#1565,.T.);
#1095=EDGE_CURVE('',#1221,#1262,#1566,.T.);
#1096=EDGE_CURVE('',#1261,#1211,#1567,.T.);
#1097=EDGE_CURVE('',#1263,#1218,#1568,.T.);
#1098=EDGE_CURVE('',#1285,#1179,#1569,.T.);
#1099=EDGE_CURVE('',#1264,#1163,#1570,.T.);
#1100=EDGE_CURVE('',#1318,#1318,#120,.T.);
#1101=EDGE_CURVE('',#1319,#1319,#121,.T.);
#1102=EDGE_CURVE('',#1320,#1320,#122,.T.);
#1103=EDGE_CURVE('',#1321,#1321,#123,.T.);
#1104=EDGE_CURVE('',#1322,#1322,#124,.T.);
#1105=EDGE_CURVE('',#1323,#1323,#125,.T.);
#1106=EDGE_CURVE('',#1324,#1324,#126,.T.);
#1107=EDGE_CURVE('',#1325,#1325,#127,.T.);
#1108=EDGE_CURVE('',#1326,#1326,#128,.T.);
#1109=EDGE_CURVE('',#1327,#1327,#129,.T.);
#1110=VERTEX_POINT('',#3302);
#1111=VERTEX_POINT('',#3303);
#1112=VERTEX_POINT('',#3305);
#1113=VERTEX_POINT('',#3307);
#1114=VERTEX_POINT('',#3311);
#1115=VERTEX_POINT('',#3312);
#1116=VERTEX_POINT('',#3314);
#1117=VERTEX_POINT('',#3316);
#1118=VERTEX_POINT('',#3320);
#1119=VERTEX_POINT('',#3321);
#1120=VERTEX_POINT('',#3323);
#1121=VERTEX_POINT('',#3325);
#1122=VERTEX_POINT('',#3341);
#1123=VERTEX_POINT('',#3342);
#1124=VERTEX_POINT('',#3344);
#1125=VERTEX_POINT('',#3346);
#1126=VERTEX_POINT('',#3350);
#1127=VERTEX_POINT('',#3351);
#1128=VERTEX_POINT('',#3353);
#1129=VERTEX_POINT('',#3355);
#1130=VERTEX_POINT('',#3359);
#1131=VERTEX_POINT('',#3360);
#1132=VERTEX_POINT('',#3362);
#1133=VERTEX_POINT('',#3364);
#1134=VERTEX_POINT('',#3380);
#1135=VERTEX_POINT('',#3383);
#1136=VERTEX_POINT('',#3386);
#1137=VERTEX_POINT('',#3391);
#1138=VERTEX_POINT('',#3394);
#1139=VERTEX_POINT('',#3397);
#1140=VERTEX_POINT('',#3402);
#1141=VERTEX_POINT('',#3405);
#1142=VERTEX_POINT('',#3408);
#1143=VERTEX_POINT('',#3409);
#1144=VERTEX_POINT('',#3411);
#1145=VERTEX_POINT('',#3413);
#1146=VERTEX_POINT('',#3417);
#1147=VERTEX_POINT('',#3418);
#1148=VERTEX_POINT('',#3423);
#1149=VERTEX_POINT('',#3427);
#1150=VERTEX_POINT('',#3431);
#1151=VERTEX_POINT('',#3432);
#1152=VERTEX_POINT('',#3434);
#1153=VERTEX_POINT('',#3436);
#1154=VERTEX_POINT('',#3438);
#1155=VERTEX_POINT('',#3440);
#1156=VERTEX_POINT('',#3442);
#1157=VERTEX_POINT('',#3444);
#1158=VERTEX_POINT('',#3446);
#1159=VERTEX_POINT('',#3448);
#1160=VERTEX_POINT('',#3450);
#1161=VERTEX_POINT('',#3452);
#1162=VERTEX_POINT('',#3456);
#1163=VERTEX_POINT('',#3457);
#1164=VERTEX_POINT('',#3462);
#1165=VERTEX_POINT('',#3466);
#1166=VERTEX_POINT('',#3470);
#1167=VERTEX_POINT('',#3471);
#1168=VERTEX_POINT('',#3473);
#1169=VERTEX_POINT('',#3475);
#1170=VERTEX_POINT('',#3477);
#1171=VERTEX_POINT('',#3479);
#1172=VERTEX_POINT('',#3481);
#1173=VERTEX_POINT('',#3483);
#1174=VERTEX_POINT('',#3485);
#1175=VERTEX_POINT('',#3487);
#1176=VERTEX_POINT('',#3489);
#1177=VERTEX_POINT('',#3491);
#1178=VERTEX_POINT('',#3495);
#1179=VERTEX_POINT('',#3496);
#1180=VERTEX_POINT('',#3501);
#1181=VERTEX_POINT('',#3505);
#1182=VERTEX_POINT('',#3512);
#1183=VERTEX_POINT('',#3513);
#1184=VERTEX_POINT('',#3515);
#1185=VERTEX_POINT('',#3520);
#1186=VERTEX_POINT('',#3535);
#1187=VERTEX_POINT('',#3536);
#1188=VERTEX_POINT('',#3552);
#1189=VERTEX_POINT('',#3553);
#1190=VERTEX_POINT('',#3558);
#1191=VERTEX_POINT('',#3559);
#1192=VERTEX_POINT('',#3561);
#1193=VERTEX_POINT('',#3563);
#1194=VERTEX_POINT('',#3567);
#1195=VERTEX_POINT('',#3568);
#1196=VERTEX_POINT('',#3574);
#1197=VERTEX_POINT('',#3576);
#1198=VERTEX_POINT('',#3578);
#1199=VERTEX_POINT('',#3580);
#1200=VERTEX_POINT('',#3582);
#1201=VERTEX_POINT('',#3586);
#1202=VERTEX_POINT('',#3592);
#1203=VERTEX_POINT('',#3593);
#1204=VERTEX_POINT('',#3598);
#1205=VERTEX_POINT('',#3602);
#1206=VERTEX_POINT('',#3608);
#1207=VERTEX_POINT('',#3609);
#1208=VERTEX_POINT('',#3614);
#1209=VERTEX_POINT('',#3616);
#1210=VERTEX_POINT('',#3620);
#1211=VERTEX_POINT('',#3624);
#1212=VERTEX_POINT('',#3625);
#1213=VERTEX_POINT('',#3630);
#1214=VERTEX_POINT('',#3634);
#1215=VERTEX_POINT('',#3638);
#1216=VERTEX_POINT('',#3642);
#1217=VERTEX_POINT('',#3643);
#1218=VERTEX_POINT('',#3648);
#1219=VERTEX_POINT('',#3649);
#1220=VERTEX_POINT('',#3654);
#1221=VERTEX_POINT('',#3658);
#1222=VERTEX_POINT('',#3660);
#1223=VERTEX_POINT('',#3664);
#1224=VERTEX_POINT('',#3668);
#1225=VERTEX_POINT('',#3669);
#1226=VERTEX_POINT('',#3676);
#1227=VERTEX_POINT('',#3677);
#1228=VERTEX_POINT('',#3679);
#1229=VERTEX_POINT('',#3681);
#1230=VERTEX_POINT('',#3685);
#1231=VERTEX_POINT('',#3686);
#1232=VERTEX_POINT('',#3688);
#1233=VERTEX_POINT('',#3690);
#1234=VERTEX_POINT('',#3694);
#1235=VERTEX_POINT('',#3695);
#1236=VERTEX_POINT('',#3697);
#1237=VERTEX_POINT('',#3699);
#1238=VERTEX_POINT('',#3709);
#1239=VERTEX_POINT('',#3711);
#1240=VERTEX_POINT('',#3713);
#1241=VERTEX_POINT('',#3719);
#1242=VERTEX_POINT('',#3721);
#1243=VERTEX_POINT('',#3727);
#1244=VERTEX_POINT('',#3757);
#1245=VERTEX_POINT('',#3761);
#1246=VERTEX_POINT('',#4126);
#1247=VERTEX_POINT('',#4146);
#1248=VERTEX_POINT('',#4493);
#1249=VERTEX_POINT('',#4494);
#1250=VERTEX_POINT('',#4496);
#1251=VERTEX_POINT('',#4498);
#1252=VERTEX_POINT('',#4502);
#1253=VERTEX_POINT('',#4504);
#1254=VERTEX_POINT('',#4508);
#1255=VERTEX_POINT('',#4510);
#1256=VERTEX_POINT('',#4514);
#1257=VERTEX_POINT('',#4516);
#1258=VERTEX_POINT('',#4520);
#1259=VERTEX_POINT('',#4522);
#1260=VERTEX_POINT('',#4532);
#1261=VERTEX_POINT('',#4533);
#1262=VERTEX_POINT('',#4535);
#1263=VERTEX_POINT('',#4537);
#1264=VERTEX_POINT('',#4539);
#1265=VERTEX_POINT('',#4541);
#1266=VERTEX_POINT('',#4545);
#1267=VERTEX_POINT('',#4546);
#1268=VERTEX_POINT('',#4548);
#1269=VERTEX_POINT('',#4550);
#1270=VERTEX_POINT('',#4552);
#1271=VERTEX_POINT('',#4554);
#1272=VERTEX_POINT('',#4556);
#1273=VERTEX_POINT('',#4558);
#1274=VERTEX_POINT('',#4562);
#1275=VERTEX_POINT('',#4563);
#1276=VERTEX_POINT('',#4565);
#1277=VERTEX_POINT('',#4567);
#1278=VERTEX_POINT('',#4569);
#1279=VERTEX_POINT('',#4571);
#1280=VERTEX_POINT('',#4573);
#1281=VERTEX_POINT('',#4575);
#1282=VERTEX_POINT('',#4577);
#1283=VERTEX_POINT('',#4579);
#1284=VERTEX_POINT('',#4582);
#1285=VERTEX_POINT('',#4583);
#1286=VERTEX_POINT('',#4585);
#1287=VERTEX_POINT('',#4587);
#1288=VERTEX_POINT('',#4589);
#1289=VERTEX_POINT('',#4591);
#1290=VERTEX_POINT('',#4595);
#1291=VERTEX_POINT('',#4596);
#1292=VERTEX_POINT('',#4598);
#1293=VERTEX_POINT('',#4600);
#1294=VERTEX_POINT('',#4604);
#1295=VERTEX_POINT('',#4605);
#1296=VERTEX_POINT('',#4610);
#1297=VERTEX_POINT('',#4611);
#1298=VERTEX_POINT('',#4616);
#1299=VERTEX_POINT('',#4617);
#1300=VERTEX_POINT('',#4622);
#1301=VERTEX_POINT('',#4623);
#1302=VERTEX_POINT('',#4628);
#1303=VERTEX_POINT('',#4629);
#1304=VERTEX_POINT('',#4631);
#1305=VERTEX_POINT('',#4633);
#1306=VERTEX_POINT('',#4637);
#1307=VERTEX_POINT('',#4638);
#1308=VERTEX_POINT('',#4643);
#1309=VERTEX_POINT('',#4644);
#1310=VERTEX_POINT('',#4649);
#1311=VERTEX_POINT('',#4650);
#1312=VERTEX_POINT('',#4655);
#1313=VERTEX_POINT('',#4659);
#1314=VERTEX_POINT('',#4666);
#1315=VERTEX_POINT('',#4669);
#1316=VERTEX_POINT('',#4672);
#1317=VERTEX_POINT('',#4674);
#1318=VERTEX_POINT('',#4728);
#1319=VERTEX_POINT('',#4731);
#1320=VERTEX_POINT('',#4733);
#1321=VERTEX_POINT('',#4736);
#1322=VERTEX_POINT('',#4740);
#1323=VERTEX_POINT('',#4745);
#1324=VERTEX_POINT('',#4748);
#1325=VERTEX_POINT('',#4750);
#1326=VERTEX_POINT('',#4753);
#1327=VERTEX_POINT('',#4757);
#1328=LINE('',#3301,#1571);
#1329=LINE('',#3304,#1572);
#1330=LINE('',#3306,#1573);
#1331=LINE('',#3308,#1574);
#1332=LINE('',#3310,#1575);
#1333=LINE('',#3313,#1576);
#1334=LINE('',#3315,#1577);
#1335=LINE('',#3317,#1578);
#1336=LINE('',#3319,#1579);
#1337=LINE('',#3322,#1580);
#1338=LINE('',#3324,#1581);
#1339=LINE('',#3326,#1582);
#1340=LINE('',#3328,#1583);
#1341=LINE('',#3329,#1584);
#1342=LINE('',#3331,#1585);
#1343=LINE('',#3332,#1586);
#1344=LINE('',#3334,#1587);
#1345=LINE('',#3336,#1588);
#1346=LINE('',#3340,#1589);
#1347=LINE('',#3343,#1590);
#1348=LINE('',#3345,#1591);
#1349=LINE('',#3347,#1592);
#1350=LINE('',#3349,#1593);
#1351=LINE('',#3352,#1594);
#1352=LINE('',#3354,#1595);
#1353=LINE('',#3356,#1596);
#1354=LINE('',#3358,#1597);
#1355=LINE('',#3361,#1598);
#1356=LINE('',#3363,#1599);
#1357=LINE('',#3365,#1600);
#1358=LINE('',#3367,#1601);
#1359=LINE('',#3368,#1602);
#1360=LINE('',#3370,#1603);
#1361=LINE('',#3371,#1604);
#1362=LINE('',#3373,#1605);
#1363=LINE('',#3375,#1606);
#1364=LINE('',#3407,#1607);
#1365=LINE('',#3410,#1608);
#1366=LINE('',#3412,#1609);
#1367=LINE('',#3414,#1610);
#1368=LINE('',#3416,#1611);
#1369=LINE('',#3419,#1612);
#1370=LINE('',#3420,#1613);
#1371=LINE('',#3422,#1614);
#1372=LINE('',#3424,#1615);
#1373=LINE('',#3426,#1616);
#1374=LINE('',#3428,#1617);
#1375=LINE('',#3430,#1618);
#1376=LINE('',#3433,#1619);
#1377=LINE('',#3435,#1620);
#1378=LINE('',#3437,#1621);
#1379=LINE('',#3439,#1622);
#1380=LINE('',#3441,#1623);
#1381=LINE('',#3443,#1624);
#1382=LINE('',#3445,#1625);
#1383=LINE('',#3447,#1626);
#1384=LINE('',#3449,#1627);
#1385=LINE('',#3451,#1628);
#1386=LINE('',#3453,#1629);
#1387=LINE('',#3455,#1630);
#1388=LINE('',#3458,#1631);
#1389=LINE('',#3459,#1632);
#1390=LINE('',#3461,#1633);
#1391=LINE('',#3463,#1634);
#1392=LINE('',#3465,#1635);
#1393=LINE('',#3467,#1636);
#1394=LINE('',#3469,#1637);
#1395=LINE('',#3472,#1638);
#1396=LINE('',#3474,#1639);
#1397=LINE('',#3476,#1640);
#1398=LINE('',#3478,#1641);
#1399=LINE('',#3480,#1642);
#1400=LINE('',#3482,#1643);
#1401=LINE('',#3484,#1644);
#1402=LINE('',#3486,#1645);
#1403=LINE('',#3488,#1646);
#1404=LINE('',#3490,#1647);
#1405=LINE('',#3492,#1648);
#1406=LINE('',#3494,#1649);
#1407=LINE('',#3497,#1650);
#1408=LINE('',#3498,#1651);
#1409=LINE('',#3500,#1652);
#1410=LINE('',#3502,#1653);
#1411=LINE('',#3504,#1654);
#1412=LINE('',#3506,#1655);
#1413=LINE('',#3514,#1656);
#1414=LINE('',#3521,#1657);
#1415=LINE('',#3537,#1658);
#1416=LINE('',#3538,#1659);
#1417=LINE('',#3554,#1660);
#1418=LINE('',#3555,#1661);
#1419=LINE('',#3560,#1662);
#1420=LINE('',#3562,#1663);
#1421=LINE('',#3564,#1664);
#1422=LINE('',#3566,#1665);
#1423=LINE('',#3569,#1666);
#1424=LINE('',#3570,#1667);
#1425=LINE('',#3572,#1668);
#1426=LINE('',#3573,#1669);
#1427=LINE('',#3575,#1670);
#1428=LINE('',#3577,#1671);
#1429=LINE('',#3579,#1672);
#1430=LINE('',#3581,#1673);
#1431=LINE('',#3583,#1674);
#1432=LINE('',#3585,#1675);
#1433=LINE('',#3587,#1676);
#1434=LINE('',#3594,#1677);
#1435=LINE('',#3595,#1678);
#1436=LINE('',#3597,#1679);
#1437=LINE('',#3599,#1680);
#1438=LINE('',#3601,#1681);
#1439=LINE('',#3603,#1682);
#1440=LINE('',#3607,#1683);
#1441=LINE('',#3610,#1684);
#1442=LINE('',#3611,#1685);
#1443=LINE('',#3615,#1686);
#1444=LINE('',#3617,#1687);
#1445=LINE('',#3619,#1688);
#1446=LINE('',#3621,#1689);
#1447=LINE('',#3626,#1690);
#1448=LINE('',#3627,#1691);
#1449=LINE('',#3629,#1692);
#1450=LINE('',#3631,#1693);
#1451=LINE('',#3635,#1694);
#1452=LINE('',#3639,#1695);
#1453=LINE('',#3644,#1696);
#1454=LINE('',#3645,#1697);
#1455=LINE('',#3650,#1698);
#1456=LINE('',#3651,#1699);
#1457=LINE('',#3653,#1700);
#1458=LINE('',#3655,#1701);
#1459=LINE('',#3659,#1702);
#1460=LINE('',#3661,#1703);
#1461=LINE('',#3663,#1704);
#1462=LINE('',#3665,#1705);
#1463=LINE('',#3670,#1706);
#1464=LINE('',#3671,#1707);
#1465=LINE('',#3673,#1708);
#1466=LINE('',#3675,#1709);
#1467=LINE('',#3678,#1710);
#1468=LINE('',#3680,#1711);
#1469=LINE('',#3682,#1712);
#1470=LINE('',#3684,#1713);
#1471=LINE('',#3687,#1714);
#1472=LINE('',#3689,#1715);
#1473=LINE('',#3691,#1716);
#1474=LINE('',#3693,#1717);
#1475=LINE('',#3696,#1718);
#1476=LINE('',#3698,#1719);
#1477=LINE('',#3700,#1720);
#1478=LINE('',#3708,#1721);
#1479=LINE('',#3710,#1722);
#1480=LINE('',#3712,#1723);
#1481=LINE('',#3720,#1724);
#1482=LINE('',#3728,#1725);
#1483=LINE('',#3758,#1726);
#1484=LINE('',#3760,#1727);
#1485=LINE('',#3762,#1728);
#1486=LINE('',#4145,#1729);
#1487=LINE('',#4492,#1730);
#1488=LINE('',#4495,#1731);
#1489=LINE('',#4497,#1732);
#1490=LINE('',#4499,#1733);
#1491=LINE('',#4505,#1734);
#1492=LINE('',#4507,#1735);
#1493=LINE('',#4509,#1736);
#1494=LINE('',#4511,#1737);
#1495=LINE('',#4513,#1738);
#1496=LINE('',#4515,#1739);
#1497=LINE('',#4517,#1740);
#1498=LINE('',#4519,#1741);
#1499=LINE('',#4521,#1742);
#1500=LINE('',#4523,#1743);
#1501=LINE('',#4528,#1744);
#1502=LINE('',#4529,#1745);
#1503=LINE('',#4534,#1746);
#1504=LINE('',#4538,#1747);
#1505=LINE('',#4540,#1748);
#1506=LINE('',#4542,#1749);
#1507=LINE('',#4551,#1750);
#1508=LINE('',#4559,#1751);
#1509=LINE('',#4561,#1752);
#1510=LINE('',#4566,#1753);
#1511=LINE('',#4570,#1754);
#1512=LINE('',#4574,#1755);
#1513=LINE('',#4576,#1756);
#1514=LINE('',#4578,#1757);
#1515=LINE('',#4580,#1758);
#1516=LINE('',#4581,#1759);
#1517=LINE('',#4584,#1760);
#1518=LINE('',#4588,#1761);
#1519=LINE('',#4592,#1762);
#1520=LINE('',#4594,#1763);
#1521=LINE('',#4597,#1764);
#1522=LINE('',#4599,#1765);
#1523=LINE('',#4601,#1766);
#1524=LINE('',#4603,#1767);
#1525=LINE('',#4609,#1768);
#1526=LINE('',#4612,#1769);
#1527=LINE('',#4613,#1770);
#1528=LINE('',#4615,#1771);
#1529=LINE('',#4621,#1772);
#1530=LINE('',#4624,#1773);
#1531=LINE('',#4625,#1774);
#1532=LINE('',#4627,#1775);
#1533=LINE('',#4630,#1776);
#1534=LINE('',#4632,#1777);
#1535=LINE('',#4634,#1778);
#1536=LINE('',#4636,#1779);
#1537=LINE('',#4639,#1780);
#1538=LINE('',#4640,#1781);
#1539=LINE('',#4645,#1782);
#1540=LINE('',#4646,#1783);
#1541=LINE('',#4648,#1784);
#1542=LINE('',#4651,#1785);
#1543=LINE('',#4652,#1786);
#1544=LINE('',#4656,#1787);
#1545=LINE('',#4660,#1788);
#1546=LINE('',#4665,#1789);
#1547=LINE('',#4668,#1790);
#1548=LINE('',#4670,#1791);
#1549=LINE('',#4676,#1792);
#1550=LINE('',#4677,#1793);
#1551=LINE('',#4679,#1794);
#1552=LINE('',#4681,#1795);
#1553=LINE('',#4683,#1796);
#1554=LINE('',#4685,#1797);
#1555=LINE('',#4687,#1798);
#1556=LINE('',#4689,#1799);
#1557=LINE('',#4691,#1800);
#1558=LINE('',#4693,#1801);
#1559=LINE('',#4697,#1802);
#1560=LINE('',#4698,#1803);
#1561=LINE('',#4700,#1804);
#1562=LINE('',#4701,#1805);
#1563=LINE('',#4703,#1806);
#1564=LINE('',#4704,#1807);
#1565=LINE('',#4706,#1808);
#1566=LINE('',#4708,#1809);
#1567=LINE('',#4709,#1810);
#1568=LINE('',#4711,#1811);
#1569=LINE('',#4714,#1812);
#1570=LINE('',#4716,#1813);
#1571=VECTOR('',#2652,1.);
#1572=VECTOR('',#2653,1.);
#1573=VECTOR('',#2654,1.);
#1574=VECTOR('',#2655,1.);
#1575=VECTOR('',#2658,1.);
#1576=VECTOR('',#2659,1.);
#1577=VECTOR('',#2660,1.);
#1578=VECTOR('',#2661,1.);
#1579=VECTOR('',#2664,1.);
#1580=VECTOR('',#2665,1.);
#1581=VECTOR('',#2666,1.);
#1582=VECTOR('',#2667,1.);
#1583=VECTOR('',#2670,1.);
#1584=VECTOR('',#2671,1.);
#1585=VECTOR('',#2674,1.);
#1586=VECTOR('',#2675,1.);
#1587=VECTOR('',#2678,1.);
#1588=VECTOR('',#2681,1.);
#1589=VECTOR('',#2688,1.);
#1590=VECTOR('',#2689,1.);
#1591=VECTOR('',#2690,1.);
#1592=VECTOR('',#2691,1.);
#1593=VECTOR('',#2694,1.);
#1594=VECTOR('',#2695,1.);
#1595=VECTOR('',#2696,1.);
#1596=VECTOR('',#2697,1.);
#1597=VECTOR('',#2700,1.);
#1598=VECTOR('',#2701,1.);
#1599=VECTOR('',#2702,1.);
#1600=VECTOR('',#2703,1.);
#1601=VECTOR('',#2706,1.);
#1602=VECTOR('',#2707,1.);
#1603=VECTOR('',#2710,1.);
#1604=VECTOR('',#2711,1.);
#1605=VECTOR('',#2714,1.);
#1606=VECTOR('',#2717,1.);
#1607=VECTOR('',#2764,1.);
#1608=VECTOR('',#2765,1.);
#1609=VECTOR('',#2766,1.);
#1610=VECTOR('',#2767,1.);
#1611=VECTOR('',#2770,1.);
#1612=VECTOR('',#2771,1.);
#1613=VECTOR('',#2772,1.);
#1614=VECTOR('',#2775,1.);
#1615=VECTOR('',#2776,1.);
#1616=VECTOR('',#2779,1.);
#1617=VECTOR('',#2780,1.);
#1618=VECTOR('',#2783,1.);
#1619=VECTOR('',#2784,1.);
#1620=VECTOR('',#2785,1.);
#1621=VECTOR('',#2786,1.);
#1622=VECTOR('',#2787,1.);
#1623=VECTOR('',#2788,1.);
#1624=VECTOR('',#2789,1.);
#1625=VECTOR('',#2790,1.);
#1626=VECTOR('',#2791,1.);
#1627=VECTOR('',#2792,1.);
#1628=VECTOR('',#2793,1.);
#1629=VECTOR('',#2794,1.);
#1630=VECTOR('',#2797,1.);
#1631=VECTOR('',#2798,1.);
#1632=VECTOR('',#2799,1.);
#1633=VECTOR('',#2802,1.);
#1634=VECTOR('',#2803,1.);
#1635=VECTOR('',#2806,1.);
#1636=VECTOR('',#2807,1.);
#1637=VECTOR('',#2810,1.);
#1638=VECTOR('',#2811,1.);
#1639=VECTOR('',#2812,1.);
#1640=VECTOR('',#2813,1.);
#1641=VECTOR('',#2814,1.);
#1642=VECTOR('',#2815,1.);
#1643=VECTOR('',#2816,1.);
#1644=VECTOR('',#2817,1.);
#1645=VECTOR('',#2818,1.);
#1646=VECTOR('',#2819,1.);
#1647=VECTOR('',#2820,1.);
#1648=VECTOR('',#2821,1.);
#1649=VECTOR('',#2824,1.);
#1650=VECTOR('',#2825,1.);
#1651=VECTOR('',#2826,1.);
#1652=VECTOR('',#2829,1.);
#1653=VECTOR('',#2830,1.);
#1654=VECTOR('',#2833,1.);
#1655=VECTOR('',#2834,1.);
#1656=VECTOR('',#2837,1.);
#1657=VECTOR('',#2838,1.);
#1658=VECTOR('',#2839,1.);
#1659=VECTOR('',#2840,1.);
#1660=VECTOR('',#2841,1.);
#1661=VECTOR('',#2842,1.);
#1662=VECTOR('',#2847,1.);
#1663=VECTOR('',#2848,1.);
#1664=VECTOR('',#2849,1.);
#1665=VECTOR('',#2852,1.);
#1666=VECTOR('',#2853,1.);
#1667=VECTOR('',#2854,1.);
#1668=VECTOR('',#2857,1.);
#1669=VECTOR('',#2858,1.);
#1670=VECTOR('',#2859,1.);
#1671=VECTOR('',#2860,1.);
#1672=VECTOR('',#2861,1.);
#1673=VECTOR('',#2862,1.);
#1674=VECTOR('',#2863,1.);
#1675=VECTOR('',#2866,1.);
#1676=VECTOR('',#2867,1.);
#1677=VECTOR('',#2876,1.);
#1678=VECTOR('',#2877,1.);
#1679=VECTOR('',#2880,1.);
#1680=VECTOR('',#2881,1.);
#1681=VECTOR('',#2884,1.);
#1682=VECTOR('',#2885,1.);
#1683=VECTOR('',#2892,1.);
#1684=VECTOR('',#2893,1.);
#1685=VECTOR('',#2894,1.);
#1686=VECTOR('',#2899,1.);
#1687=VECTOR('',#2900,1.);
#1688=VECTOR('',#2903,1.);
#1689=VECTOR('',#2904,1.);
#1690=VECTOR('',#2909,1.);
#1691=VECTOR('',#2910,1.);
#1692=VECTOR('',#2913,1.);
#1693=VECTOR('',#2914,1.);
#1694=VECTOR('',#2919,1.);
#1695=VECTOR('',#2924,1.);
#1696=VECTOR('',#2929,1.);
#1697=VECTOR('',#2930,1.);
#1698=VECTOR('',#2935,1.);
#1699=VECTOR('',#2936,1.);
#1700=VECTOR('',#2939,1.);
#1701=VECTOR('',#2940,1.);
#1702=VECTOR('',#2945,1.);
#1703=VECTOR('',#2946,1.);
#1704=VECTOR('',#2949,1.);
#1705=VECTOR('',#2950,1.);
#1706=VECTOR('',#2955,1.);
#1707=VECTOR('',#2956,1.);
#1708=VECTOR('',#2959,1.);
#1709=VECTOR('',#2962,1.);
#1710=VECTOR('',#2963,1.);
#1711=VECTOR('',#2964,1.);
#1712=VECTOR('',#2965,1.);
#1713=VECTOR('',#2968,1.);
#1714=VECTOR('',#2969,1.);
#1715=VECTOR('',#2970,1.);
#1716=VECTOR('',#2971,1.);
#1717=VECTOR('',#2974,1.);
#1718=VECTOR('',#2975,1.);
#1719=VECTOR('',#2976,1.);
#1720=VECTOR('',#2977,1.);
#1721=VECTOR('',#2992,1.);
#1722=VECTOR('',#2993,1.);
#1723=VECTOR('',#2994,1.);
#1724=VECTOR('',#2995,1.);
#1725=VECTOR('',#2996,1.);
#1726=VECTOR('',#2997,1.);
#1727=VECTOR('',#3000,1.);
#1728=VECTOR('',#3001,1.);
#1729=VECTOR('',#3004,1.);
#1730=VECTOR('',#3009,1.);
#1731=VECTOR('',#3010,1.);
#1732=VECTOR('',#3011,1.);
#1733=VECTOR('',#3012,1.);
#1734=VECTOR('',#3019,1.);
#1735=VECTOR('',#3022,1.);
#1736=VECTOR('',#3023,1.);
#1737=VECTOR('',#3024,1.);
#1738=VECTOR('',#3027,1.);
#1739=VECTOR('',#3028,1.);
#1740=VECTOR('',#3029,1.);
#1741=VECTOR('',#3032,1.);
#1742=VECTOR('',#3033,1.);
#1743=VECTOR('',#3034,1.);
#1744=VECTOR('',#3043,1.);
#1745=VECTOR('',#3044,1.);
#1746=VECTOR('',#3049,1.);
#1747=VECTOR('',#3052,1.);
#1748=VECTOR('',#3053,1.);
#1749=VECTOR('',#3054,1.);
#1750=VECTOR('',#3063,1.);
#1751=VECTOR('',#3070,1.);
#1752=VECTOR('',#3073,1.);
#1753=VECTOR('',#3076,1.);
#1754=VECTOR('',#3079,1.);
#1755=VECTOR('',#3082,1.);
#1756=VECTOR('',#3083,1.);
#1757=VECTOR('',#3084,1.);
#1758=VECTOR('',#3085,1.);
#1759=VECTOR('',#3086,1.);
#1760=VECTOR('',#3087,1.);
#1761=VECTOR('',#3090,1.);
#1762=VECTOR('',#3093,1.);
#1763=VECTOR('',#3096,1.);
#1764=VECTOR('',#3097,1.);
#1765=VECTOR('',#3098,1.);
#1766=VECTOR('',#3099,1.);
#1767=VECTOR('',#3102,1.);
#1768=VECTOR('',#3109,1.);
#1769=VECTOR('',#3110,1.);
#1770=VECTOR('',#3111,1.);
#1771=VECTOR('',#3114,1.);
#1772=VECTOR('',#3121,1.);
#1773=VECTOR('',#3122,1.);
#1774=VECTOR('',#3123,1.);
#1775=VECTOR('',#3126,1.);
#1776=VECTOR('',#3127,1.);
#1777=VECTOR('',#3128,1.);
#1778=VECTOR('',#3129,1.);
#1779=VECTOR('',#3132,1.);
#1780=VECTOR('',#3133,1.);
#1781=VECTOR('',#3134,1.);
#1782=VECTOR('',#3139,1.);
#1783=VECTOR('',#3140,1.);
#1784=VECTOR('',#3143,1.);
#1785=VECTOR('',#3144,1.);
#1786=VECTOR('',#3145,1.);
#1787=VECTOR('',#3150,1.);
#1788=VECTOR('',#3155,1.);
#1789=VECTOR('',#3164,1.);
#1790=VECTOR('',#3167,1.);
#1791=VECTOR('',#3168,1.);
#1792=VECTOR('',#3175,1.);
#1793=VECTOR('',#3176,1.);
#1794=VECTOR('',#3179,1.);
#1795=VECTOR('',#3182,1.);
#1796=VECTOR('',#3185,1.);
#1797=VECTOR('',#3188,1.);
#1798=VECTOR('',#3191,1.);
#1799=VECTOR('',#3194,1.);
#1800=VECTOR('',#3197,1.);
#1801=VECTOR('',#3200,1.);
#1802=VECTOR('',#3207,1.);
#1803=VECTOR('',#3208,1.);
#1804=VECTOR('',#3211,1.);
#1805=VECTOR('',#3212,1.);
#1806=VECTOR('',#3215,1.);
#1807=VECTOR('',#3216,1.);
#1808=VECTOR('',#3219,1.);
#1809=VECTOR('',#3222,1.);
#1810=VECTOR('',#3223,1.);
#1811=VECTOR('',#3226,1.);
#1812=VECTOR('',#3231,1.);
#1813=VECTOR('',#3234,1.);
#1814=EDGE_LOOP('',(#144,#145,#146,#147));
#1815=EDGE_LOOP('',(#148,#149,#150,#151));
#1816=EDGE_LOOP('',(#152,#153,#154,#155));
#1817=EDGE_LOOP('',(#156,#157,#158,#159));
#1818=EDGE_LOOP('',(#160,#161,#162,#163,#164,#165));
#1819=EDGE_LOOP('',(#166,#167,#168,#169));
#1820=EDGE_LOOP('',(#170,#171,#172,#173,#174,#175));
#1821=EDGE_LOOP('',(#176,#177,#178,#179));
#1822=EDGE_LOOP('',(#180,#181,#182,#183));
#1823=EDGE_LOOP('',(#184,#185,#186,#187));
#1824=EDGE_LOOP('',(#188,#189,#190,#191));
#1825=EDGE_LOOP('',(#192,#193,#194,#195));
#1826=EDGE_LOOP('',(#196,#197,#198,#199));
#1827=EDGE_LOOP('',(#200,#201,#202,#203,#204,#205));
#1828=EDGE_LOOP('',(#206,#207,#208,#209));
#1829=EDGE_LOOP('',(#210,#211,#212,#213,#214,#215));
#1830=EDGE_LOOP('',(#216));
#1831=EDGE_LOOP('',(#217));
#1832=EDGE_LOOP('',(#218));
#1833=EDGE_LOOP('',(#219));
#1834=EDGE_LOOP('',(#220));
#1835=EDGE_LOOP('',(#221));
#1836=EDGE_LOOP('',(#222));
#1837=EDGE_LOOP('',(#223));
#1838=EDGE_LOOP('',(#224));
#1839=EDGE_LOOP('',(#225));
#1840=EDGE_LOOP('',(#226));
#1841=EDGE_LOOP('',(#227));
#1842=EDGE_LOOP('',(#228));
#1843=EDGE_LOOP('',(#229));
#1844=EDGE_LOOP('',(#230,#231,#232,#233));
#1845=EDGE_LOOP('',(#234,#235,#236,#237));
#1846=EDGE_LOOP('',(#238,#239,#240,#241));
#1847=EDGE_LOOP('',(#242,#243,#244,#245));
#1848=EDGE_LOOP('',(#246,#247,#248,#249,#250,#251,#252,#253,#254,#255,#256,
#257));
#1849=EDGE_LOOP('',(#258,#259,#260,#261));
#1850=EDGE_LOOP('',(#262,#263,#264,#265));
#1851=EDGE_LOOP('',(#266,#267,#268,#269));
#1852=EDGE_LOOP('',(#270,#271,#272,#273,#274,#275,#276,#277,#278,#279,#280,
#281));
#1853=EDGE_LOOP('',(#282,#283,#284,#285));
#1854=EDGE_LOOP('',(#286,#287,#288,#289));
#1855=EDGE_LOOP('',(#290,#291,#292,#293));
#1856=EDGE_LOOP('',(#294,#295,#296,#297));
#1857=EDGE_LOOP('',(#298,#299,#300,#301));
#1858=EDGE_LOOP('',(#302,#303,#304,#305));
#1859=EDGE_LOOP('',(#306,#307,#308,#309));
#1860=EDGE_LOOP('',(#310,#311,#312,#313));
#1861=EDGE_LOOP('',(#314,#315,#316,#317,#318,#319,#320,#321,#322,#323,#324,
#325));
#1862=EDGE_LOOP('',(#326,#327,#328,#329));
#1863=EDGE_LOOP('',(#330,#331,#332,#333));
#1864=EDGE_LOOP('',(#334,#335,#336,#337));
#1865=EDGE_LOOP('',(#338,#339,#340,#341));
#1866=EDGE_LOOP('',(#342,#343,#344,#345));
#1867=EDGE_LOOP('',(#346,#347,#348,#349));
#1868=EDGE_LOOP('',(#350,#351,#352,#353));
#1869=EDGE_LOOP('',(#354,#355,#356,#357,#358));
#1870=EDGE_LOOP('',(#359,#360,#361,#362));
#1871=EDGE_LOOP('',(#363,#364,#365,#366,#367));
#1872=EDGE_LOOP('',(#368,#369,#370,#371));
#1873=EDGE_LOOP('',(#372,#373,#374,#375));
#1874=EDGE_LOOP('',(#376,#377,#378,#379));
#1875=EDGE_LOOP('',(#380,#381,#382,#383));
#1876=EDGE_LOOP('',(#384,#385,#386,#387));
#1877=EDGE_LOOP('',(#388,#389,#390,#391));
#1878=EDGE_LOOP('',(#392,#393,#394,#395,#396));
#1879=EDGE_LOOP('',(#397,#398,#399,#400));
#1880=EDGE_LOOP('',(#401,#402,#403,#404,#405));
#1881=EDGE_LOOP('',(#406,#407,#408,#409));
#1882=EDGE_LOOP('',(#410,#411,#412,#413));
#1883=EDGE_LOOP('',(#414,#415,#416,#417));
#1884=EDGE_LOOP('',(#418,#419,#420,#421));
#1885=EDGE_LOOP('',(#422,#423,#424,#425));
#1886=EDGE_LOOP('',(#426,#427,#428,#429));
#1887=EDGE_LOOP('',(#430,#431,#432,#433,#434,#435,#436,#437,#438,#439,#440,
#441));
#1888=EDGE_LOOP('',(#442,#443,#444,#445,#446));
#1889=EDGE_LOOP('',(#447,#448,#449,#450,#451,#452));
#1890=EDGE_LOOP('',(#453,#454,#455,#456,#457));
#1891=EDGE_LOOP('',(#458,#459,#460,#461));
#1892=EDGE_LOOP('',(#462,#463,#464,#465));
#1893=EDGE_LOOP('',(#466,#467,#468,#469));
#1894=EDGE_LOOP('',(#470,#471,#472,#473));
#1895=EDGE_LOOP('',(#474,#475,#476,#477));
#1896=EDGE_LOOP('',(#478,#479,#480,#481));
#1897=EDGE_LOOP('',(#482,#483,#484,#485));
#1898=EDGE_LOOP('',(#486,#487,#488,#489));
#1899=EDGE_LOOP('',(#490,#491,#492,#493));
#1900=EDGE_LOOP('',(#494,#495,#496,#497));
#1901=EDGE_LOOP('',(#498,#499,#500,#501,#502,#503,#504,#505,#506,#507));
#1902=EDGE_LOOP('',(#508,#509,#510,#511,#512,#513));
#1903=EDGE_LOOP('',(#514,#515,#516,#517,#518,#519));
#1904=EDGE_LOOP('',(#520,#521,#522,#523,#524,#525));
#1905=EDGE_LOOP('',(#526,#527,#528,#529,#530,#531,#532,#533));
#1906=EDGE_LOOP('',(#534,#535,#536,#537,#538,#539,#540,#541,#542,#543));
#1907=EDGE_LOOP('',(#544,#545,#546,#547,#548,#549));
#1908=EDGE_LOOP('',(#550,#551,#552,#553));
#1909=EDGE_LOOP('',(#554,#555,#556,#557));
#1910=EDGE_LOOP('',(#558,#559,#560,#561));
#1911=EDGE_LOOP('',(#562,#563,#564,#565));
#1912=EDGE_LOOP('',(#566,#567,#568,#569));
#1913=EDGE_LOOP('',(#570,#571,#572,#573));
#1914=EDGE_LOOP('',(#574,#575,#576,#577));
#1915=EDGE_LOOP('',(#578,#579,#580,#581));
#1916=EDGE_LOOP('',(#582,#583,#584,#585));
#1917=EDGE_LOOP('',(#586,#587,#588,#589));
#1918=EDGE_LOOP('',(#590,#591,#592,#593));
#1919=EDGE_LOOP('',(#594,#595,#596,#597,#598,#599,#600,#601));
#1920=EDGE_LOOP('',(#602,#603,#604,#605,#606,#607,#608,#609,#610,#611));
#1921=EDGE_LOOP('',(#612));
#1922=EDGE_LOOP('',(#613));
#1923=EDGE_LOOP('',(#614,#615,#616,#617,#618));
#1924=EDGE_LOOP('',(#619,#620,#621,#622));
#1925=EDGE_LOOP('',(#623,#624,#625,#626,#627));
#1926=EDGE_LOOP('',(#628,#629,#630,#631));
#1927=EDGE_LOOP('',(#632,#633,#634,#635));
#1928=EDGE_LOOP('',(#636,#637,#638,#639));
#1929=EDGE_LOOP('',(#640,#641,#642,#643));
#1930=EDGE_LOOP('',(#644,#645,#646,#647));
#1931=EDGE_LOOP('',(#648,#649,#650,#651));
#1932=EDGE_LOOP('',(#652,#653,#654,#655));
#1933=EDGE_LOOP('',(#656,#657,#658,#659,#660,#661));
#1934=EDGE_LOOP('',(#662,#663,#664,#665,#666,#667));
#1935=EDGE_LOOP('',(#668,#669,#670,#671,#672,#673));
#1936=EDGE_LOOP('',(#674,#675,#676,#677,#678,#679));
#1937=EDGE_LOOP('',(#680,#681,#682,#683,#684,#685,#686,#687,#688,#689,#690,
#691));
#1938=EDGE_LOOP('',(#692,#693,#694,#695,#696,#697));
#1939=EDGE_LOOP('',(#698,#699,#700,#701,#702,#703));
#1940=EDGE_LOOP('',(#704,#705,#706,#707,#708,#709));
#1941=EDGE_LOOP('',(#710,#711,#712,#713,#714,#715));
#1942=EDGE_LOOP('',(#716,#717,#718,#719,#720,#721,#722,#723,#724,#725,#726,
#727));
#1943=EDGE_LOOP('',(#728,#729,#730,#731,#732,#733,#734,#735,#736,#737,#738,
#739,#740,#741,#742,#743,#744,#745,#746,#747));
#1944=EDGE_LOOP('',(#748,#749,#750,#751));
#1945=EDGE_LOOP('',(#752,#753,#754,#755));
#1946=EDGE_LOOP('',(#756,#757,#758,#759));
#1947=EDGE_LOOP('',(#760,#761,#762,#763));
#1948=EDGE_LOOP('',(#764));
#1949=EDGE_LOOP('',(#765));
#1950=EDGE_LOOP('',(#766));
#1951=EDGE_LOOP('',(#767));
#1952=EDGE_LOOP('',(#768));
#1953=EDGE_LOOP('',(#769));
#1954=EDGE_LOOP('',(#770));
#1955=EDGE_LOOP('',(#771));
#1956=EDGE_LOOP('',(#772));
#1957=EDGE_LOOP('',(#773));
#1958=EDGE_LOOP('',(#774));
#1959=EDGE_LOOP('',(#775));
#1960=EDGE_LOOP('',(#776));
#1961=EDGE_LOOP('',(#777));
#1962=EDGE_LOOP('',(#778));
#1963=EDGE_LOOP('',(#779));
#1964=EDGE_LOOP('',(#780));
#1965=EDGE_LOOP('',(#781));
#1966=EDGE_LOOP('',(#782));
#1967=EDGE_LOOP('',(#783));
#1968=EDGE_LOOP('',(#784));
#1969=EDGE_LOOP('',(#785));
#1970=EDGE_LOOP('',(#786));
#1971=EDGE_LOOP('',(#787));
#1972=FACE_BOUND('',#1814,.T.);
#1973=FACE_BOUND('',#1815,.T.);
#1974=FACE_BOUND('',#1816,.T.);
#1975=FACE_BOUND('',#1817,.T.);
#1976=FACE_BOUND('',#1818,.T.);
#1977=FACE_BOUND('',#1819,.T.);
#1978=FACE_BOUND('',#1820,.T.);
#1979=FACE_BOUND('',#1821,.T.);
#1980=FACE_BOUND('',#1822,.T.);
#1981=FACE_BOUND('',#1823,.T.);
#1982=FACE_BOUND('',#1824,.T.);
#1983=FACE_BOUND('',#1825,.T.);
#1984=FACE_BOUND('',#1826,.T.);
#1985=FACE_BOUND('',#1827,.T.);
#1986=FACE_BOUND('',#1828,.T.);
#1987=FACE_BOUND('',#1829,.T.);
#1988=FACE_BOUND('',#1830,.T.);
#1989=FACE_BOUND('',#1831,.T.);
#1990=FACE_BOUND('',#1832,.T.);
#1991=FACE_BOUND('',#1833,.T.);
#1992=FACE_BOUND('',#1834,.T.);
#1993=FACE_BOUND('',#1835,.T.);
#1994=FACE_BOUND('',#1836,.T.);
#1995=FACE_BOUND('',#1837,.T.);
#1996=FACE_BOUND('',#1838,.T.);
#1997=FACE_BOUND('',#1839,.T.);
#1998=FACE_BOUND('',#1840,.T.);
#1999=FACE_BOUND('',#1841,.T.);
#2000=FACE_BOUND('',#1842,.T.);
#2001=FACE_BOUND('',#1843,.T.);
#2002=FACE_BOUND('',#1844,.T.);
#2003=FACE_BOUND('',#1845,.T.);
#2004=FACE_BOUND('',#1846,.T.);
#2005=FACE_BOUND('',#1847,.T.);
#2006=FACE_BOUND('',#1848,.T.);
#2007=FACE_BOUND('',#1849,.T.);
#2008=FACE_BOUND('',#1850,.T.);
#2009=FACE_BOUND('',#1851,.T.);
#2010=FACE_BOUND('',#1852,.T.);
#2011=FACE_BOUND('',#1853,.T.);
#2012=FACE_BOUND('',#1854,.T.);
#2013=FACE_BOUND('',#1855,.T.);
#2014=FACE_BOUND('',#1856,.T.);
#2015=FACE_BOUND('',#1857,.T.);
#2016=FACE_BOUND('',#1858,.T.);
#2017=FACE_BOUND('',#1859,.T.);
#2018=FACE_BOUND('',#1860,.T.);
#2019=FACE_BOUND('',#1861,.T.);
#2020=FACE_BOUND('',#1862,.T.);
#2021=FACE_BOUND('',#1863,.T.);
#2022=FACE_BOUND('',#1864,.T.);
#2023=FACE_BOUND('',#1865,.T.);
#2024=FACE_BOUND('',#1866,.T.);
#2025=FACE_BOUND('',#1867,.T.);
#2026=FACE_BOUND('',#1868,.T.);
#2027=FACE_BOUND('',#1869,.T.);
#2028=FACE_BOUND('',#1870,.T.);
#2029=FACE_BOUND('',#1871,.T.);
#2030=FACE_BOUND('',#1872,.T.);
#2031=FACE_BOUND('',#1873,.T.);
#2032=FACE_BOUND('',#1874,.T.);
#2033=FACE_BOUND('',#1875,.T.);
#2034=FACE_BOUND('',#1876,.T.);
#2035=FACE_BOUND('',#1877,.T.);
#2036=FACE_BOUND('',#1878,.T.);
#2037=FACE_BOUND('',#1879,.T.);
#2038=FACE_BOUND('',#1880,.T.);
#2039=FACE_BOUND('',#1881,.T.);
#2040=FACE_BOUND('',#1882,.T.);
#2041=FACE_BOUND('',#1883,.T.);
#2042=FACE_BOUND('',#1884,.T.);
#2043=FACE_BOUND('',#1885,.T.);
#2044=FACE_BOUND('',#1886,.T.);
#2045=FACE_BOUND('',#1887,.T.);
#2046=FACE_BOUND('',#1888,.T.);
#2047=FACE_BOUND('',#1889,.T.);
#2048=FACE_BOUND('',#1890,.T.);
#2049=FACE_BOUND('',#1891,.T.);
#2050=FACE_BOUND('',#1892,.T.);
#2051=FACE_BOUND('',#1893,.T.);
#2052=FACE_BOUND('',#1894,.T.);
#2053=FACE_BOUND('',#1895,.T.);
#2054=FACE_BOUND('',#1896,.T.);
#2055=FACE_BOUND('',#1897,.T.);
#2056=FACE_BOUND('',#1898,.T.);
#2057=FACE_BOUND('',#1899,.T.);
#2058=FACE_BOUND('',#1900,.T.);
#2059=FACE_BOUND('',#1901,.T.);
#2060=FACE_BOUND('',#1902,.T.);
#2061=FACE_BOUND('',#1903,.T.);
#2062=FACE_BOUND('',#1904,.T.);
#2063=FACE_BOUND('',#1905,.T.);
#2064=FACE_BOUND('',#1906,.T.);
#2065=FACE_BOUND('',#1907,.T.);
#2066=FACE_BOUND('',#1908,.T.);
#2067=FACE_BOUND('',#1909,.T.);
#2068=FACE_BOUND('',#1910,.T.);
#2069=FACE_BOUND('',#1911,.T.);
#2070=FACE_BOUND('',#1912,.T.);
#2071=FACE_BOUND('',#1913,.T.);
#2072=FACE_BOUND('',#1914,.T.);
#2073=FACE_BOUND('',#1915,.T.);
#2074=FACE_BOUND('',#1916,.T.);
#2075=FACE_BOUND('',#1917,.T.);
#2076=FACE_BOUND('',#1918,.T.);
#2077=FACE_BOUND('',#1919,.T.);
#2078=FACE_BOUND('',#1920,.T.);
#2079=FACE_BOUND('',#1921,.T.);
#2080=FACE_BOUND('',#1922,.T.);
#2081=FACE_BOUND('',#1923,.T.);
#2082=FACE_BOUND('',#1924,.T.);
#2083=FACE_BOUND('',#1925,.T.);
#2084=FACE_BOUND('',#1926,.T.);
#2085=FACE_BOUND('',#1927,.T.);
#2086=FACE_BOUND('',#1928,.T.);
#2087=FACE_BOUND('',#1929,.T.);
#2088=FACE_BOUND('',#1930,.T.);
#2089=FACE_BOUND('',#1931,.T.);
#2090=FACE_BOUND('',#1932,.T.);
#2091=FACE_BOUND('',#1933,.T.);
#2092=FACE_BOUND('',#1934,.T.);
#2093=FACE_BOUND('',#1935,.T.);
#2094=FACE_BOUND('',#1936,.T.);
#2095=FACE_BOUND('',#1937,.T.);
#2096=FACE_BOUND('',#1938,.T.);
#2097=FACE_BOUND('',#1939,.T.);
#2098=FACE_BOUND('',#1940,.T.);
#2099=FACE_BOUND('',#1941,.T.);
#2100=FACE_BOUND('',#1942,.T.);
#2101=FACE_BOUND('',#1943,.T.);
#2102=FACE_BOUND('',#1944,.T.);
#2103=FACE_BOUND('',#1945,.T.);
#2104=FACE_BOUND('',#1946,.T.);
#2105=FACE_BOUND('',#1947,.T.);
#2106=FACE_BOUND('',#1948,.T.);
#2107=FACE_BOUND('',#1949,.T.);
#2108=FACE_BOUND('',#1950,.T.);
#2109=FACE_BOUND('',#1951,.T.);
#2110=FACE_BOUND('',#1952,.T.);
#2111=FACE_BOUND('',#1953,.T.);
#2112=FACE_BOUND('',#1954,.T.);
#2113=FACE_BOUND('',#1955,.T.);
#2114=FACE_BOUND('',#1956,.T.);
#2115=FACE_BOUND('',#1957,.T.);
#2116=FACE_BOUND('',#1958,.T.);
#2117=FACE_BOUND('',#1959,.T.);
#2118=FACE_BOUND('',#1960,.T.);
#2119=FACE_BOUND('',#1961,.T.);
#2120=FACE_BOUND('',#1962,.T.);
#2121=FACE_BOUND('',#1963,.T.);
#2122=FACE_BOUND('',#1964,.T.);
#2123=FACE_BOUND('',#1965,.T.);
#2124=FACE_BOUND('',#1966,.T.);
#2125=FACE_BOUND('',#1967,.T.);
#2126=FACE_BOUND('',#1968,.T.);
#2127=FACE_BOUND('',#1969,.T.);
#2128=FACE_BOUND('',#1970,.T.);
#2129=FACE_BOUND('',#1971,.T.);
#2130=PLANE('',#2445);
#2131=PLANE('',#2446);
#2132=PLANE('',#2447);
#2133=PLANE('',#2448);
#2134=PLANE('',#2449);
#2135=PLANE('',#2450);
#2136=PLANE('',#2451);
#2137=PLANE('',#2452);
#2138=PLANE('',#2454);
#2139=PLANE('',#2455);
#2140=PLANE('',#2456);
#2141=PLANE('',#2457);
#2142=PLANE('',#2458);
#2143=PLANE('',#2459);
#2144=PLANE('',#2460);
#2145=PLANE('',#2461);
#2146=PLANE('',#2463);
#2147=PLANE('',#2465);
#2148=PLANE('',#2471);
#2149=PLANE('',#2473);
#2150=PLANE('',#2479);
#2151=PLANE('',#2481);
#2152=PLANE('',#2483);
#2153=PLANE('',#2484);
#2154=PLANE('',#2485);
#2155=PLANE('',#2486);
#2156=PLANE('',#2487);
#2157=PLANE('',#2488);
#2158=PLANE('',#2489);
#2159=PLANE('',#2490);
#2160=PLANE('',#2491);
#2161=PLANE('',#2492);
#2162=PLANE('',#2493);
#2163=PLANE('',#2494);
#2164=PLANE('',#2495);
#2165=PLANE('',#2496);
#2166=PLANE('',#2498);
#2167=PLANE('',#2499);
#2168=PLANE('',#2500);
#2169=PLANE('',#2503);
#2170=PLANE('',#2505);
#2171=PLANE('',#2506);
#2172=PLANE('',#2509);
#2173=PLANE('',#2510);
#2174=PLANE('',#2512);
#2175=PLANE('',#2513);
#2176=PLANE('',#2515);
#2177=PLANE('',#2516);
#2178=PLANE('',#2518);
#2179=PLANE('',#2520);
#2180=PLANE('',#2522);
#2181=PLANE('',#2524);
#2182=PLANE('',#2525);
#2183=PLANE('',#2527);
#2184=PLANE('',#2528);
#2185=PLANE('',#2530);
#2186=PLANE('',#2531);
#2187=PLANE('',#2532);
#2188=PLANE('',#2533);
#2189=PLANE('',#2540);
#2190=PLANE('',#2541);
#2191=PLANE('',#2542);
#2192=PLANE('',#2544);
#2193=PLANE('',#2548);
#2194=PLANE('',#2549);
#2195=PLANE('',#2550);
#2196=PLANE('',#2554);
#2197=PLANE('',#2555);
#2198=PLANE('',#2558);
#2199=PLANE('',#2565);
#2200=PLANE('',#2571);
#2201=PLANE('',#2575);
#2202=PLANE('',#2579);
#2203=PLANE('',#2580);
#2204=PLANE('',#2581);
#2205=PLANE('',#2584);
#2206=PLANE('',#2589);
#2207=PLANE('',#2596);
#2208=PLANE('',#2597);
#2209=PLANE('',#2598);
#2210=PLANE('',#2599);
#2211=PLANE('',#2601);
#2212=PLANE('',#2603);
#2213=PLANE('',#2606);
#2214=PLANE('',#2609);
#2215=PLANE('',#2610);
#2216=PLANE('',#2611);
#2217=PLANE('',#2614);
#2218=PLANE('',#2615);
#2219=PLANE('',#2616);
#2220=PLANE('',#2617);
#2221=PLANE('',#2625);
#2222=PLANE('',#2627);
#2223=PLANE('',#2630);
#2224=PLANE('',#2637);
#2225=PLANE('',#2639);
#2226=PLANE('',#2642);
#2227=ADVANCED_FACE('',(#1972),#2130,.T.);
#2228=ADVANCED_FACE('',(#1973),#2131,.T.);
#2229=ADVANCED_FACE('',(#1974),#2132,.T.);
#2230=ADVANCED_FACE('',(#1975),#2133,.F.);
#2231=ADVANCED_FACE('',(#1976),#2134,.T.);
#2232=ADVANCED_FACE('',(#1977),#2135,.T.);
#2233=ADVANCED_FACE('',(#1978),#2136,.T.);
#2234=ADVANCED_FACE('',(#1979),#2137,.T.);
#2235=ADVANCED_FACE('',(#1980),#2138,.T.);
#2236=ADVANCED_FACE('',(#1981),#2139,.T.);
#2237=ADVANCED_FACE('',(#1982),#2140,.T.);
#2238=ADVANCED_FACE('',(#1983),#2141,.F.);
#2239=ADVANCED_FACE('',(#1984),#2142,.T.);
#2240=ADVANCED_FACE('',(#1985),#2143,.T.);
#2241=ADVANCED_FACE('',(#1986),#2144,.T.);
#2242=ADVANCED_FACE('',(#1987),#2145,.T.);
#2243=ADVANCED_FACE('',(#1988),#2146,.F.);
#2244=ADVANCED_FACE('',(#1989),#2147,.F.);
#2245=ADVANCED_FACE('',(#1990,#1991),#37,.T.);
#2246=ADVANCED_FACE('',(#1992,#1993),#30,.T.);
#2247=ADVANCED_FACE('',(#1994),#2148,.F.);
#2248=ADVANCED_FACE('',(#1995),#2149,.F.);
#2249=ADVANCED_FACE('',(#1996,#1997),#38,.T.);
#2250=ADVANCED_FACE('',(#1998,#1999),#31,.T.);
#2251=ADVANCED_FACE('',(#2000),#2150,.T.);
#2252=ADVANCED_FACE('',(#2001),#2151,.T.);
#2253=ADVANCED_FACE('',(#2002),#2152,.F.);
#2254=ADVANCED_FACE('',(#2003),#2153,.F.);
#2255=ADVANCED_FACE('',(#2004),#2154,.F.);
#2256=ADVANCED_FACE('',(#2005),#2155,.F.);
#2257=ADVANCED_FACE('',(#2006),#2156,.F.);
#2258=ADVANCED_FACE('',(#2007),#2157,.F.);
#2259=ADVANCED_FACE('',(#2008),#2158,.F.);
#2260=ADVANCED_FACE('',(#2009),#2159,.F.);
#2261=ADVANCED_FACE('',(#2010),#2160,.F.);
#2262=ADVANCED_FACE('',(#2011),#2161,.F.);
#2263=ADVANCED_FACE('',(#2012),#2162,.F.);
#2264=ADVANCED_FACE('',(#2013),#2163,.F.);
#2265=ADVANCED_FACE('',(#2014),#2164,.F.);
#2266=ADVANCED_FACE('',(#2015),#10,.F.);
#2267=ADVANCED_FACE('',(#2016),#11,.F.);
#2268=ADVANCED_FACE('',(#2017),#2165,.F.);
#2269=ADVANCED_FACE('',(#2018),#2166,.F.);
#2270=ADVANCED_FACE('',(#2019),#2167,.F.);
#2271=ADVANCED_FACE('',(#2020),#2168,.F.);
#2272=ADVANCED_FACE('',(#2021),#39,.F.);
#2273=ADVANCED_FACE('',(#2022),#2169,.F.);
#2274=ADVANCED_FACE('',(#2023),#2170,.F.);
#2275=ADVANCED_FACE('',(#2024),#2171,.F.);
#2276=ADVANCED_FACE('',(#2025),#40,.F.);
#2277=ADVANCED_FACE('',(#2026),#2172,.F.);
#2278=ADVANCED_FACE('',(#2027),#2173,.F.);
#2279=ADVANCED_FACE('',(#2028),#2174,.F.);
#2280=ADVANCED_FACE('',(#2029),#2175,.F.);
#2281=ADVANCED_FACE('',(#2030),#2176,.F.);
#2282=ADVANCED_FACE('',(#2031),#2177,.F.);
#2283=ADVANCED_FACE('',(#2032),#2178,.F.);
#2284=ADVANCED_FACE('',(#2033),#2179,.F.);
#2285=ADVANCED_FACE('',(#2034),#2180,.F.);
#2286=ADVANCED_FACE('',(#2035),#2181,.F.);
#2287=ADVANCED_FACE('',(#2036),#2182,.F.);
#2288=ADVANCED_FACE('',(#2037),#2183,.F.);
#2289=ADVANCED_FACE('',(#2038),#2184,.F.);
#2290=ADVANCED_FACE('',(#2039),#2185,.F.);
#2291=ADVANCED_FACE('',(#2040),#2186,.T.);
#2292=ADVANCED_FACE('',(#2041),#2187,.T.);
#2293=ADVANCED_FACE('',(#2042),#2188,.T.);
#2294=ADVANCED_FACE('',(#2043),#41,.T.);
#2295=ADVANCED_FACE('',(#2044),#42,.T.);
#2296=ADVANCED_FACE('',(#2045),#2189,.T.);
#2297=ADVANCED_FACE('',(#2046),#12,.T.);
#2298=ADVANCED_FACE('',(#2047),#2190,.T.);
#2299=ADVANCED_FACE('',(#2048),#13,.F.);
#2300=ADVANCED_FACE('',(#2049),#14,.T.);
#2301=ADVANCED_FACE('',(#2050),#2191,.F.);
#2302=ADVANCED_FACE('',(#2051),#15,.F.);
#2303=ADVANCED_FACE('',(#2052),#43,.T.);
#2304=ADVANCED_FACE('',(#2053),#2192,.T.);
#2305=ADVANCED_FACE('',(#2054),#44,.T.);
#2306=ADVANCED_FACE('',(#2055),#2193,.T.);
#2307=ADVANCED_FACE('',(#2056),#2194,.T.);
#2308=ADVANCED_FACE('',(#2057),#2195,.T.);
#2309=ADVANCED_FACE('',(#2058),#45,.T.);
#2310=ADVANCED_FACE('',(#2059,#2060),#2196,.F.);
#2311=ADVANCED_FACE('',(#2061,#2062),#2197,.T.);
#2312=ADVANCED_FACE('',(#2063),#2198,.T.);
#2313=ADVANCED_FACE('',(#2064,#2065),#2199,.T.);
#2314=ADVANCED_FACE('',(#2066),#2200,.F.);
#2315=ADVANCED_FACE('',(#2067),#32,.T.);
#2316=ADVANCED_FACE('',(#2068),#2201,.F.);
#2317=ADVANCED_FACE('',(#2069),#33,.T.);
#2318=ADVANCED_FACE('',(#2070),#2202,.F.);
#2319=ADVANCED_FACE('',(#2071),#2203,.F.);
#2320=ADVANCED_FACE('',(#2072),#2204,.F.);
#2321=ADVANCED_FACE('',(#2073),#46,.T.);
#2322=ADVANCED_FACE('',(#2074),#2205,.F.);
#2323=ADVANCED_FACE('',(#2075),#47,.F.);
#2324=ADVANCED_FACE('',(#2076),#48,.F.);
#2325=ADVANCED_FACE('',(#2077,#2078,#2079,#2080),#2206,.T.);
#2326=ADVANCED_FACE('',(#2081),#2207,.T.);
#2327=ADVANCED_FACE('',(#2082),#2208,.T.);
#2328=ADVANCED_FACE('',(#2083),#2209,.T.);
#2329=ADVANCED_FACE('',(#2084),#2210,.T.);
#2330=ADVANCED_FACE('',(#2085),#49,.T.);
#2331=ADVANCED_FACE('',(#2086),#2211,.T.);
#2332=ADVANCED_FACE('',(#2087),#50,.T.);
#2333=ADVANCED_FACE('',(#2088),#2212,.T.);
#2334=ADVANCED_FACE('',(#2089),#51,.T.);
#2335=ADVANCED_FACE('',(#2090),#2213,.T.);
#2336=ADVANCED_FACE('',(#2091),#52,.T.);
#2337=ADVANCED_FACE('',(#2092),#53,.T.);
#2338=ADVANCED_FACE('',(#2093),#2214,.T.);
#2339=ADVANCED_FACE('',(#2094),#2215,.T.);
#2340=ADVANCED_FACE('',(#2095),#2216,.T.);
#2341=ADVANCED_FACE('',(#2096),#54,.T.);
#2342=ADVANCED_FACE('',(#2097),#55,.T.);
#2343=ADVANCED_FACE('',(#2098),#2217,.T.);
#2344=ADVANCED_FACE('',(#2099),#2218,.T.);
#2345=ADVANCED_FACE('',(#2100),#2219,.F.);
#2346=ADVANCED_FACE('',(#2101),#2220,.F.);
#2347=ADVANCED_FACE('',(#2102),#56,.T.);
#2348=ADVANCED_FACE('',(#2103),#57,.F.);
#2349=ADVANCED_FACE('',(#2104),#58,.F.);
#2350=ADVANCED_FACE('',(#2105),#34,.T.);
#2351=ADVANCED_FACE('',(#2106,#2107),#59,.F.);
#2352=ADVANCED_FACE('',(#2108,#2109),#60,.F.);
#2353=ADVANCED_FACE('',(#2110),#2221,.T.);
#2354=ADVANCED_FACE('',(#2111,#2112),#2222,.T.);
#2355=ADVANCED_FACE('',(#2113),#2223,.F.);
#2356=ADVANCED_FACE('',(#2114,#2115),#61,.T.);
#2357=ADVANCED_FACE('',(#2116,#2117),#62,.F.);
#2358=ADVANCED_FACE('',(#2118,#2119),#35,.F.);
#2359=ADVANCED_FACE('',(#2120),#2224,.T.);
#2360=ADVANCED_FACE('',(#2121,#2122),#2225,.T.);
#2361=ADVANCED_FACE('',(#2123),#2226,.F.);
#2362=ADVANCED_FACE('',(#2124,#2125),#63,.T.);
#2363=ADVANCED_FACE('',(#2126,#2127),#64,.F.);
#2364=ADVANCED_FACE('',(#2128,#2129),#36,.F.);
#2365=CLOSED_SHELL('',(#2227,#2228,#2229,#2230,#2231,#2232,#2233,#2234));
#2366=CLOSED_SHELL('',(#2235,#2236,#2237,#2238,#2239,#2240,#2241,#2242));
#2367=CLOSED_SHELL('',(#2243,#2244,#2245,#2246));
#2368=CLOSED_SHELL('',(#2247,#2248,#2249,#2250));
#2369=CLOSED_SHELL('',(#2251,#2252,#2253,#2254,#2255,#2256,#2257,#2258,
#2259,#2260,#2261,#2262,#2263,#2264,#2265,#2266,#2267,#2268,#2269,#2270,
#2271,#2272,#2273,#2274,#2275,#2276,#2277,#2278,#2279,#2280,#2281,#2282,
#2283,#2284,#2285,#2286,#2287,#2288,#2289,#2290,#2291,#2292,#2293,#2294,
#2295,#2296,#2297,#2298,#2299,#2300,#2301,#2302,#2303,#2304,#2305,#2306,
#2307,#2308,#2309,#2310,#2311,#2312,#2313,#2314,#2315,#2316,#2317,#2318,
#2319,#2320,#2321,#2322,#2323,#2324,#2325,#2326,#2327,#2328,#2329,#2330,
#2331,#2332,#2333,#2334,#2335,#2336,#2337,#2338,#2339,#2340,#2341,#2342,
#2343,#2344,#2345,#2346,#2347,#2348,#2349,#2350,#2351,#2352));
#2370=CLOSED_SHELL('',(#2353,#2354,#2355,#2356,#2357,#2358));
#2371=CLOSED_SHELL('',(#2359,#2360,#2361,#2362,#2363,#2364));
#2372=STYLED_ITEM('',(#2379),#2423);
#2373=STYLED_ITEM('',(#2380),#2424);
#2374=STYLED_ITEM('',(#2381),#2425);
#2375=STYLED_ITEM('',(#2382),#2426);
#2376=STYLED_ITEM('',(#2383),#2427);
#2377=STYLED_ITEM('',(#2384),#2428);
#2378=STYLED_ITEM('',(#2385),#2429);
#2379=PRESENTATION_STYLE_ASSIGNMENT((#2386));
#2380=PRESENTATION_STYLE_ASSIGNMENT((#2387));
#2381=PRESENTATION_STYLE_ASSIGNMENT((#2388));
#2382=PRESENTATION_STYLE_ASSIGNMENT((#2389));
#2383=PRESENTATION_STYLE_ASSIGNMENT((#2390));
#2384=PRESENTATION_STYLE_ASSIGNMENT((#2391));
#2385=PRESENTATION_STYLE_ASSIGNMENT((#2392));
#2386=SURFACE_STYLE_USAGE(.BOTH.,#2393);
#2387=SURFACE_STYLE_USAGE(.BOTH.,#2394);
#2388=SURFACE_STYLE_USAGE(.BOTH.,#2395);
#2389=SURFACE_STYLE_USAGE(.BOTH.,#2396);
#2390=SURFACE_STYLE_USAGE(.BOTH.,#2397);
#2391=SURFACE_STYLE_USAGE(.BOTH.,#2398);
#2392=SURFACE_STYLE_USAGE(.BOTH.,#2399);
#2393=SURFACE_SIDE_STYLE('',(#2400));
#2394=SURFACE_SIDE_STYLE('',(#2401));
#2395=SURFACE_SIDE_STYLE('',(#2402));
#2396=SURFACE_SIDE_STYLE('',(#2403));
#2397=SURFACE_SIDE_STYLE('',(#2404));
#2398=SURFACE_SIDE_STYLE('',(#2405));
#2399=SURFACE_SIDE_STYLE('',(#2406));
#2400=SURFACE_STYLE_FILL_AREA(#2407);
#2401=SURFACE_STYLE_FILL_AREA(#2408);
#2402=SURFACE_STYLE_FILL_AREA(#2409);
#2403=SURFACE_STYLE_FILL_AREA(#2410);
#2404=SURFACE_STYLE_FILL_AREA(#2411);
#2405=SURFACE_STYLE_FILL_AREA(#2412);
#2406=SURFACE_STYLE_FILL_AREA(#2413);
#2407=FILL_AREA_STYLE('',(#2414));
#2408=FILL_AREA_STYLE('',(#2415));
#2409=FILL_AREA_STYLE('',(#2416));
#2410=FILL_AREA_STYLE('',(#2417));
#2411=FILL_AREA_STYLE('',(#2418));
#2412=FILL_AREA_STYLE('',(#2419));
#2413=FILL_AREA_STYLE('',(#2420));
#2414=FILL_AREA_STYLE_COLOUR('',#2421);
#2415=FILL_AREA_STYLE_COLOUR('',#2421);
#2416=FILL_AREA_STYLE_COLOUR('',#2421);
#2417=FILL_AREA_STYLE_COLOUR('',#2421);
#2418=FILL_AREA_STYLE_COLOUR('',#2422);
#2419=FILL_AREA_STYLE_COLOUR('',#2421);
#2420=FILL_AREA_STYLE_COLOUR('',#2421);
#2421=COLOUR_RGB('',0.701960784313725,0.701960784313725,0.701960784313725);
#2422=COLOUR_RGB('',0.980392156862745,0.713725490196078,0.00392156862745098);
#2423=MANIFOLD_SOLID_BREP('XT60PW-F_XT60PW-F',#2365);
#2424=MANIFOLD_SOLID_BREP('XT60PW-F_XT60PW-F',#2366);
#2425=MANIFOLD_SOLID_BREP('XT60PW-F_XT60PW-F',#2367);
#2426=MANIFOLD_SOLID_BREP('XT60PW-F_XT60PW-F',#2368);
#2427=MANIFOLD_SOLID_BREP('XT60PW-F_XT60PW-F',#2369);
#2428=MANIFOLD_SOLID_BREP('XT60PW-F_XT60PW-F',#2370);
#2429=MANIFOLD_SOLID_BREP('XT60PW-F_XT60PW-F',#2371);
#2430=SHAPE_DEFINITION_REPRESENTATION(#4801,#2437);
#2431=SHAPE_DEFINITION_REPRESENTATION(#4802,#2438);
#2432=SHAPE_DEFINITION_REPRESENTATION(#4803,#2439);
#2433=SHAPE_DEFINITION_REPRESENTATION(#4804,#2440);
#2434=SHAPE_DEFINITION_REPRESENTATION(#4805,#2441);
#2435=SHAPE_DEFINITION_REPRESENTATION(#4806,#2442);
#2436=SHAPE_DEFINITION_REPRESENTATION(#4807,#2443);
#2437=SHAPE_REPRESENTATION('XT60PW-F_XT60PW-F',(#2444),#4766);
#2438=SHAPE_REPRESENTATION('XT60PW-F_XT60PW-F',(#2453),#4767);
#2439=SHAPE_REPRESENTATION('XT60PW-F_XT60PW-F',(#2462),#4768);
#2440=SHAPE_REPRESENTATION('XT60PW-F_XT60PW-F',(#2470),#4769);
#2441=SHAPE_REPRESENTATION('XT60PW-F_XT60PW-F',(#2478),#4770);
#2442=SHAPE_REPRESENTATION('XT60PW-F_XT60PW-F',(#2624),#4771);
#2443=SHAPE_REPRESENTATION('XT60PW-F_XT60PW-F',(#2636),#4772);
#2444=AXIS2_PLACEMENT_3D('',#3299,#2648,#2649);
#2445=AXIS2_PLACEMENT_3D('',#3300,#2650,#2651);
#2446=AXIS2_PLACEMENT_3D('',#3309,#2656,#2657);
#2447=AXIS2_PLACEMENT_3D('',#3318,#2662,#2663);
#2448=AXIS2_PLACEMENT_3D('',#3327,#2668,#2669);
#2449=AXIS2_PLACEMENT_3D('',#3330,#2672,#2673);
#2450=AXIS2_PLACEMENT_3D('',#3333,#2676,#2677);
#2451=AXIS2_PLACEMENT_3D('',#3335,#2679,#2680);
#2452=AXIS2_PLACEMENT_3D('',#3337,#2682,#2683);
#2453=AXIS2_PLACEMENT_3D('',#3338,#2684,#2685);
#2454=AXIS2_PLACEMENT_3D('',#3339,#2686,#2687);
#2455=AXIS2_PLACEMENT_3D('',#3348,#2692,#2693);
#2456=AXIS2_PLACEMENT_3D('',#3357,#2698,#2699);
#2457=AXIS2_PLACEMENT_3D('',#3366,#2704,#2705);
#2458=AXIS2_PLACEMENT_3D('',#3369,#2708,#2709);
#2459=AXIS2_PLACEMENT_3D('',#3372,#2712,#2713);
#2460=AXIS2_PLACEMENT_3D('',#3374,#2715,#2716);
#2461=AXIS2_PLACEMENT_3D('',#3376,#2718,#2719);
#2462=AXIS2_PLACEMENT_3D('',#3377,#2720,#2721);
#2463=AXIS2_PLACEMENT_3D('',#3378,#2722,#2723);
#2464=AXIS2_PLACEMENT_3D('',#3379,#2724,#2725);
#2465=AXIS2_PLACEMENT_3D('',#3381,#2726,#2727);
#2466=AXIS2_PLACEMENT_3D('',#3382,#2728,#2729);
#2467=AXIS2_PLACEMENT_3D('',#3384,#2730,#2731);
#2468=AXIS2_PLACEMENT_3D('',#3385,#2732,#2733);
#2469=AXIS2_PLACEMENT_3D('',#3387,#2734,#2735);
#2470=AXIS2_PLACEMENT_3D('',#3388,#2736,#2737);
#2471=AXIS2_PLACEMENT_3D('',#3389,#2738,#2739);
#2472=AXIS2_PLACEMENT_3D('',#3390,#2740,#2741);
#2473=AXIS2_PLACEMENT_3D('',#3392,#2742,#2743);
#2474=AXIS2_PLACEMENT_3D('',#3393,#2744,#2745);
#2475=AXIS2_PLACEMENT_3D('',#3395,#2746,#2747);
#2476=AXIS2_PLACEMENT_3D('',#3396,#2748,#2749);
#2477=AXIS2_PLACEMENT_3D('',#3398,#2750,#2751);
#2478=AXIS2_PLACEMENT_3D('',#3399,#2752,#2753);
#2479=AXIS2_PLACEMENT_3D('',#3400,#2754,#2755);
#2480=AXIS2_PLACEMENT_3D('',#3401,#2756,#2757);
#2481=AXIS2_PLACEMENT_3D('',#3403,#2758,#2759);
#2482=AXIS2_PLACEMENT_3D('',#3404,#2760,#2761);
#2483=AXIS2_PLACEMENT_3D('',#3406,#2762,#2763);
#2484=AXIS2_PLACEMENT_3D('',#3415,#2768,#2769);
#2485=AXIS2_PLACEMENT_3D('',#3421,#2773,#2774);
#2486=AXIS2_PLACEMENT_3D('',#3425,#2777,#2778);
#2487=AXIS2_PLACEMENT_3D('',#3429,#2781,#2782);
#2488=AXIS2_PLACEMENT_3D('',#3454,#2795,#2796);
#2489=AXIS2_PLACEMENT_3D('',#3460,#2800,#2801);
#2490=AXIS2_PLACEMENT_3D('',#3464,#2804,#2805);
#2491=AXIS2_PLACEMENT_3D('',#3468,#2808,#2809);
#2492=AXIS2_PLACEMENT_3D('',#3493,#2822,#2823);
#2493=AXIS2_PLACEMENT_3D('',#3499,#2827,#2828);
#2494=AXIS2_PLACEMENT_3D('',#3503,#2831,#2832);
#2495=AXIS2_PLACEMENT_3D('',#3507,#2835,#2836);
#2496=AXIS2_PLACEMENT_3D('',#3556,#2843,#2844);
#2497=AXIS2_PLACEMENT_3D('',#3557,#2845,#2846);
#2498=AXIS2_PLACEMENT_3D('',#3565,#2850,#2851);
#2499=AXIS2_PLACEMENT_3D('',#3571,#2855,#2856);
#2500=AXIS2_PLACEMENT_3D('',#3584,#2864,#2865);
#2501=AXIS2_PLACEMENT_3D('',#3588,#2868,#2869);
#2502=AXIS2_PLACEMENT_3D('',#3589,#2870,#2871);
#2503=AXIS2_PLACEMENT_3D('',#3590,#2872,#2873);
#2504=AXIS2_PLACEMENT_3D('',#3591,#2874,#2875);
#2505=AXIS2_PLACEMENT_3D('',#3596,#2878,#2879);
#2506=AXIS2_PLACEMENT_3D('',#3600,#2882,#2883);
#2507=AXIS2_PLACEMENT_3D('',#3604,#2886,#2887);
#2508=AXIS2_PLACEMENT_3D('',#3605,#2888,#2889);
#2509=AXIS2_PLACEMENT_3D('',#3606,#2890,#2891);
#2510=AXIS2_PLACEMENT_3D('',#3612,#2895,#2896);
#2511=AXIS2_PLACEMENT_3D('',#3613,#2897,#2898);
#2512=AXIS2_PLACEMENT_3D('',#3618,#2901,#2902);
#2513=AXIS2_PLACEMENT_3D('',#3622,#2905,#2906);
#2514=AXIS2_PLACEMENT_3D('',#3623,#2907,#2908);
#2515=AXIS2_PLACEMENT_3D('',#3628,#2911,#2912);
#2516=AXIS2_PLACEMENT_3D('',#3632,#2915,#2916);
#2517=AXIS2_PLACEMENT_3D('',#3633,#2917,#2918);
#2518=AXIS2_PLACEMENT_3D('',#3636,#2920,#2921);
#2519=AXIS2_PLACEMENT_3D('',#3637,#2922,#2923);
#2520=AXIS2_PLACEMENT_3D('',#3640,#2925,#2926);
#2521=AXIS2_PLACEMENT_3D('',#3641,#2927,#2928);
#2522=AXIS2_PLACEMENT_3D('',#3646,#2931,#2932);
#2523=AXIS2_PLACEMENT_3D('',#3647,#2933,#2934);
#2524=AXIS2_PLACEMENT_3D('',#3652,#2937,#2938);
#2525=AXIS2_PLACEMENT_3D('',#3656,#2941,#2942);
#2526=AXIS2_PLACEMENT_3D('',#3657,#2943,#2944);
#2527=AXIS2_PLACEMENT_3D('',#3662,#2947,#2948);
#2528=AXIS2_PLACEMENT_3D('',#3666,#2951,#2952);
#2529=AXIS2_PLACEMENT_3D('',#3667,#2953,#2954);
#2530=AXIS2_PLACEMENT_3D('',#3672,#2957,#2958);
#2531=AXIS2_PLACEMENT_3D('',#3674,#2960,#2961);
#2532=AXIS2_PLACEMENT_3D('',#3683,#2966,#2967);
#2533=AXIS2_PLACEMENT_3D('',#3692,#2972,#2973);
#2534=AXIS2_PLACEMENT_3D('',#3701,#2978,#2979);
#2535=AXIS2_PLACEMENT_3D('',#3702,#2980,#2981);
#2536=AXIS2_PLACEMENT_3D('',#3703,#2982,#2983);
#2537=AXIS2_PLACEMENT_3D('',#3704,#2984,#2985);
#2538=AXIS2_PLACEMENT_3D('',#3705,#2986,#2987);
#2539=AXIS2_PLACEMENT_3D('',#3706,#2988,#2989);
#2540=AXIS2_PLACEMENT_3D('',#3707,#2990,#2991);
#2541=AXIS2_PLACEMENT_3D('',#3759,#2998,#2999);
#2542=AXIS2_PLACEMENT_3D('',#4144,#3002,#3003);
#2543=AXIS2_PLACEMENT_3D('',#4490,#3005,#3006);
#2544=AXIS2_PLACEMENT_3D('',#4491,#3007,#3008);
#2545=AXIS2_PLACEMENT_3D('',#4500,#3013,#3014);
#2546=AXIS2_PLACEMENT_3D('',#4501,#3015,#3016);
#2547=AXIS2_PLACEMENT_3D('',#4503,#3017,#3018);
#2548=AXIS2_PLACEMENT_3D('',#4506,#3020,#3021);
#2549=AXIS2_PLACEMENT_3D('',#4512,#3025,#3026);
#2550=AXIS2_PLACEMENT_3D('',#4518,#3030,#3031);
#2551=AXIS2_PLACEMENT_3D('',#4524,#3035,#3036);
#2552=AXIS2_PLACEMENT_3D('',#4525,#3037,#3038);
#2553=AXIS2_PLACEMENT_3D('',#4526,#3039,#3040);
#2554=AXIS2_PLACEMENT_3D('',#4527,#3041,#3042);
#2555=AXIS2_PLACEMENT_3D('',#4530,#3045,#3046);
#2556=AXIS2_PLACEMENT_3D('',#4531,#3047,#3048);
#2557=AXIS2_PLACEMENT_3D('',#4536,#3050,#3051);
#2558=AXIS2_PLACEMENT_3D('',#4543,#3055,#3056);
#2559=AXIS2_PLACEMENT_3D('',#4544,#3057,#3058);
#2560=AXIS2_PLACEMENT_3D('',#4547,#3059,#3060);
#2561=AXIS2_PLACEMENT_3D('',#4549,#3061,#3062);
#2562=AXIS2_PLACEMENT_3D('',#4553,#3064,#3065);
#2563=AXIS2_PLACEMENT_3D('',#4555,#3066,#3067);
#2564=AXIS2_PLACEMENT_3D('',#4557,#3068,#3069);
#2565=AXIS2_PLACEMENT_3D('',#4560,#3071,#3072);
#2566=AXIS2_PLACEMENT_3D('',#4564,#3074,#3075);
#2567=AXIS2_PLACEMENT_3D('',#4568,#3077,#3078);
#2568=AXIS2_PLACEMENT_3D('',#4572,#3080,#3081);
#2569=AXIS2_PLACEMENT_3D('',#4586,#3088,#3089);
#2570=AXIS2_PLACEMENT_3D('',#4590,#3091,#3092);
#2571=AXIS2_PLACEMENT_3D('',#4593,#3094,#3095);
#2572=AXIS2_PLACEMENT_3D('',#4602,#3100,#3101);
#2573=AXIS2_PLACEMENT_3D('',#4606,#3103,#3104);
#2574=AXIS2_PLACEMENT_3D('',#4607,#3105,#3106);
#2575=AXIS2_PLACEMENT_3D('',#4608,#3107,#3108);
#2576=AXIS2_PLACEMENT_3D('',#4614,#3112,#3113);
#2577=AXIS2_PLACEMENT_3D('',#4618,#3115,#3116);
#2578=AXIS2_PLACEMENT_3D('',#4619,#3117,#3118);
#2579=AXIS2_PLACEMENT_3D('',#4620,#3119,#3120);
#2580=AXIS2_PLACEMENT_3D('',#4626,#3124,#3125);
#2581=AXIS2_PLACEMENT_3D('',#4635,#3130,#3131);
#2582=AXIS2_PLACEMENT_3D('',#4641,#3135,#3136);
#2583=AXIS2_PLACEMENT_3D('',#4642,#3137,#3138);
#2584=AXIS2_PLACEMENT_3D('',#4647,#3141,#3142);
#2585=AXIS2_PLACEMENT_3D('',#4653,#3146,#3147);
#2586=AXIS2_PLACEMENT_3D('',#4654,#3148,#3149);
#2587=AXIS2_PLACEMENT_3D('',#4657,#3151,#3152);
#2588=AXIS2_PLACEMENT_3D('',#4658,#3153,#3154);
#2589=AXIS2_PLACEMENT_3D('',#4661,#3156,#3157);
#2590=AXIS2_PLACEMENT_3D('',#4662,#3158,#3159);
#2591=AXIS2_PLACEMENT_3D('',#4663,#3160,#3161);
#2592=AXIS2_PLACEMENT_3D('',#4664,#3162,#3163);
#2593=AXIS2_PLACEMENT_3D('',#4667,#3165,#3166);
#2594=AXIS2_PLACEMENT_3D('',#4671,#3169,#3170);
#2595=AXIS2_PLACEMENT_3D('',#4673,#3171,#3172);
#2596=AXIS2_PLACEMENT_3D('',#4675,#3173,#3174);
#2597=AXIS2_PLACEMENT_3D('',#4678,#3177,#3178);
#2598=AXIS2_PLACEMENT_3D('',#4680,#3180,#3181);
#2599=AXIS2_PLACEMENT_3D('',#4682,#3183,#3184);
#2600=AXIS2_PLACEMENT_3D('',#4684,#3186,#3187);
#2601=AXIS2_PLACEMENT_3D('',#4686,#3189,#3190);
#2602=AXIS2_PLACEMENT_3D('',#4688,#3192,#3193);
#2603=AXIS2_PLACEMENT_3D('',#4690,#3195,#3196);
#2604=AXIS2_PLACEMENT_3D('',#4692,#3198,#3199);
#2605=AXIS2_PLACEMENT_3D('',#4694,#3201,#3202);
#2606=AXIS2_PLACEMENT_3D('',#4695,#3203,#3204);
#2607=AXIS2_PLACEMENT_3D('',#4696,#3205,#3206);
#2608=AXIS2_PLACEMENT_3D('',#4699,#3209,#3210);
#2609=AXIS2_PLACEMENT_3D('',#4702,#3213,#3214);
#2610=AXIS2_PLACEMENT_3D('',#4705,#3217,#3218);
#2611=AXIS2_PLACEMENT_3D('',#4707,#3220,#3221);
#2612=AXIS2_PLACEMENT_3D('',#4710,#3224,#3225);
#2613=AXIS2_PLACEMENT_3D('',#4712,#3227,#3228);
#2614=AXIS2_PLACEMENT_3D('',#4713,#3229,#3230);
#2615=AXIS2_PLACEMENT_3D('',#4715,#3232,#3233);
#2616=AXIS2_PLACEMENT_3D('',#4717,#3235,#3236);
#2617=AXIS2_PLACEMENT_3D('',#4718,#3237,#3238);
#2618=AXIS2_PLACEMENT_3D('',#4719,#3239,#3240);
#2619=AXIS2_PLACEMENT_3D('',#4720,#3241,#3242);
#2620=AXIS2_PLACEMENT_3D('',#4721,#3243,#3244);
#2621=AXIS2_PLACEMENT_3D('',#4722,#3245,#3246);
#2622=AXIS2_PLACEMENT_3D('',#4723,#3247,#3248);
#2623=AXIS2_PLACEMENT_3D('',#4724,#3249,#3250);
#2624=AXIS2_PLACEMENT_3D('',#4725,#3251,#3252);
#2625=AXIS2_PLACEMENT_3D('',#4726,#3253,#3254);
#2626=AXIS2_PLACEMENT_3D('',#4727,#3255,#3256);
#2627=AXIS2_PLACEMENT_3D('',#4729,#3257,#3258);
#2628=AXIS2_PLACEMENT_3D('',#4730,#3259,#3260);
#2629=AXIS2_PLACEMENT_3D('',#4732,#3261,#3262);
#2630=AXIS2_PLACEMENT_3D('',#4734,#3263,#3264);
#2631=AXIS2_PLACEMENT_3D('',#4735,#3265,#3266);
#2632=AXIS2_PLACEMENT_3D('',#4737,#3267,#3268);
#2633=AXIS2_PLACEMENT_3D('',#4738,#3269,#3270);
#2634=AXIS2_PLACEMENT_3D('',#4739,#3271,#3272);
#2635=AXIS2_PLACEMENT_3D('',#4741,#3273,#3274);
#2636=AXIS2_PLACEMENT_3D('',#4742,#3275,#3276);
#2637=AXIS2_PLACEMENT_3D('',#4743,#3277,#3278);
#2638=AXIS2_PLACEMENT_3D('',#4744,#3279,#3280);
#2639=AXIS2_PLACEMENT_3D('',#4746,#3281,#3282);
#2640=AXIS2_PLACEMENT_3D('',#4747,#3283,#3284);
#2641=AXIS2_PLACEMENT_3D('',#4749,#3285,#3286);
#2642=AXIS2_PLACEMENT_3D('',#4751,#3287,#3288);
#2643=AXIS2_PLACEMENT_3D('',#4752,#3289,#3290);
#2644=AXIS2_PLACEMENT_3D('',#4754,#3291,#3292);
#2645=AXIS2_PLACEMENT_3D('',#4755,#3293,#3294);
#2646=AXIS2_PLACEMENT_3D('',#4756,#3295,#3296);
#2647=AXIS2_PLACEMENT_3D('',#4758,#3297,#3298);
#2648=DIRECTION('',(0.,0.,1.));
#2649=DIRECTION('',(1.,0.,0.));
#2650=DIRECTION('',(0.,-0.173648177666928,0.984807753012209));
#2651=DIRECTION('',(1.,0.,0.));
#2652=DIRECTION('',(0.,-0.984807753012209,-0.173648177666928));
#2653=DIRECTION('',(1.,0.,0.));
#2654=DIRECTION('',(0.,0.984807753012209,0.173648177666928));
#2655=DIRECTION('',(-1.,0.,0.));
#2656=DIRECTION('',(0.,-0.173648177666927,-0.984807753012209));
#2657=DIRECTION('',(-1.,0.,0.));
#2658=DIRECTION('',(0.,-0.984807753012209,0.173648177666927));
#2659=DIRECTION('',(-1.,0.,0.));
#2660=DIRECTION('',(0.,0.984807753012209,-0.173648177666927));
#2661=DIRECTION('',(1.,0.,0.));
#2662=DIRECTION('',(0.,1.,0.));
#2663=DIRECTION('',(0.,0.,1.));
#2664=DIRECTION('',(0.,0.,1.));
#2665=DIRECTION('',(1.,0.,0.));
#2666=DIRECTION('',(0.,0.,-1.));
#2667=DIRECTION('',(-1.,0.,0.));
#2668=DIRECTION('',(0.,1.,0.));
#2669=DIRECTION('',(0.,0.,1.));
#2670=DIRECTION('',(0.,0.,-1.));
#2671=DIRECTION('',(0.,0.,1.));
#2672=DIRECTION('',(1.,0.,0.));
#2673=DIRECTION('',(0.,0.,-1.));
#2674=DIRECTION('',(0.,1.,0.));
#2675=DIRECTION('',(0.,1.,0.));
#2676=DIRECTION('',(0.,0.,-1.));
#2677=DIRECTION('',(-1.,0.,0.));
#2678=DIRECTION('',(0.,1.,0.));
#2679=DIRECTION('',(-1.,0.,0.));
#2680=DIRECTION('',(0.,0.,1.));
#2681=DIRECTION('',(0.,1.,0.));
#2682=DIRECTION('',(0.,0.,1.));
#2683=DIRECTION('',(1.,0.,0.));
#2684=DIRECTION('',(0.,0.,1.));
#2685=DIRECTION('',(1.,0.,0.));
#2686=DIRECTION('',(0.,-0.173648177666928,0.984807753012209));
#2687=DIRECTION('',(1.,0.,0.));
#2688=DIRECTION('',(0.,-0.984807753012209,-0.173648177666928));
#2689=DIRECTION('',(1.,0.,0.));
#2690=DIRECTION('',(0.,0.984807753012209,0.173648177666928));
#2691=DIRECTION('',(-1.,0.,0.));
#2692=DIRECTION('',(0.,-0.173648177666927,-0.984807753012209));
#2693=DIRECTION('',(-1.,0.,0.));
#2694=DIRECTION('',(0.,-0.984807753012209,0.173648177666927));
#2695=DIRECTION('',(-1.,0.,0.));
#2696=DIRECTION('',(0.,0.984807753012209,-0.173648177666927));
#2697=DIRECTION('',(1.,0.,0.));
#2698=DIRECTION('',(0.,1.,0.));
#2699=DIRECTION('',(0.,0.,1.));
#2700=DIRECTION('',(1.,0.,0.));
#2701=DIRECTION('',(0.,0.,-1.));
#2702=DIRECTION('',(-1.,0.,0.));
#2703=DIRECTION('',(0.,0.,1.));
#2704=DIRECTION('',(0.,1.,0.));
#2705=DIRECTION('',(0.,0.,1.));
#2706=DIRECTION('',(0.,0.,-1.));
#2707=DIRECTION('',(0.,0.,1.));
#2708=DIRECTION('',(0.,0.,-1.));
#2709=DIRECTION('',(-1.,0.,0.));
#2710=DIRECTION('',(0.,1.,0.));
#2711=DIRECTION('',(0.,1.,0.));
#2712=DIRECTION('',(-1.,0.,0.));
#2713=DIRECTION('',(0.,0.,1.));
#2714=DIRECTION('',(0.,1.,0.));
#2715=DIRECTION('',(0.,0.,1.));
#2716=DIRECTION('',(1.,0.,0.));
#2717=DIRECTION('',(0.,1.,0.));
#2718=DIRECTION('',(1.,0.,0.));
#2719=DIRECTION('',(0.,0.,-1.));
#2720=DIRECTION('',(0.,0.,1.));
#2721=DIRECTION('',(1.,0.,0.));
#2722=DIRECTION('',(0.,-1.,0.));
#2723=DIRECTION('',(0.,0.,-1.));
#2724=DIRECTION('',(0.,1.,0.));
#2725=DIRECTION('',(0.,0.,-1.));
#2726=DIRECTION('',(0.,1.,0.));
#2727=DIRECTION('',(0.,0.,1.));
#2728=DIRECTION('',(0.,-1.,0.));
#2729=DIRECTION('',(0.,0.,1.));
#2730=DIRECTION('',(0.,1.,0.));
#2731=DIRECTION('',(0.,0.,1.));
#2732=DIRECTION('',(0.,1.,0.));
#2733=DIRECTION('',(0.,0.,1.));
#2734=DIRECTION('',(0.,1.,0.));
#2735=DIRECTION('',(0.,0.,1.));
#2736=DIRECTION('',(0.,0.,1.));
#2737=DIRECTION('',(1.,0.,0.));
#2738=DIRECTION('',(0.,-1.,0.));
#2739=DIRECTION('',(0.,0.,-1.));
#2740=DIRECTION('',(0.,-1.,0.));
#2741=DIRECTION('',(0.,0.,-1.));
#2742=DIRECTION('',(0.,1.,0.));
#2743=DIRECTION('',(0.,0.,1.));
#2744=DIRECTION('',(0.,1.,0.));
#2745=DIRECTION('',(0.,0.,1.));
#2746=DIRECTION('',(0.,1.,0.));
#2747=DIRECTION('',(0.,0.,1.));
#2748=DIRECTION('',(0.,-1.,0.));
#2749=DIRECTION('',(0.,0.,1.));
#2750=DIRECTION('',(0.,1.,0.));
#2751=DIRECTION('',(0.,0.,1.));
#2752=DIRECTION('',(0.,0.,1.));
#2753=DIRECTION('',(1.,0.,0.));
#2754=DIRECTION('',(0.,0.,1.));
#2755=DIRECTION('',(1.,0.,0.));
#2756=DIRECTION('',(0.,0.,1.));
#2757=DIRECTION('',(1.,0.,0.));
#2758=DIRECTION('',(0.,0.,1.));
#2759=DIRECTION('',(1.,0.,0.));
#2760=DIRECTION('',(0.,0.,1.));
#2761=DIRECTION('',(1.,0.,0.));
#2762=DIRECTION('',(0.,1.,0.));
#2763=DIRECTION('',(0.,0.,1.));
#2764=DIRECTION('',(0.,0.,-1.));
#2765=DIRECTION('',(1.,0.,0.));
#2766=DIRECTION('',(0.,0.,1.));
#2767=DIRECTION('',(-1.,0.,0.));
#2768=DIRECTION('',(-1.,-3.77113799125393E-16,0.));
#2769=DIRECTION('',(3.77113799125393E-16,-1.,0.));
#2770=DIRECTION('',(0.,0.,1.));
#2771=DIRECTION('',(-3.77113799125393E-16,1.,0.));
#2772=DIRECTION('',(-3.77113799125393E-16,1.,0.));
#2773=DIRECTION('',(0.,0.,1.));
#2774=DIRECTION('',(1.,0.,0.));
#2775=DIRECTION('',(1.,0.,0.));
#2776=DIRECTION('',(0.,1.,0.));
#2777=DIRECTION('',(1.,0.,0.));
#2778=DIRECTION('',(0.,0.,-1.));
#2779=DIRECTION('',(0.,0.,-1.));
#2780=DIRECTION('',(0.,1.,0.));
#2781=DIRECTION('',(0.,1.,0.));
#2782=DIRECTION('',(0.,0.,1.));
#2783=DIRECTION('',(0.,0.,-1.));
#2784=DIRECTION('',(-1.,0.,3.46944695195361E-15));
#2785=DIRECTION('',(0.,0.,1.));
#2786=DIRECTION('',(1.,0.,3.46944695195361E-15));
#2787=DIRECTION('',(0.,0.,-1.));
#2788=DIRECTION('',(1.,0.,2.31296463463574E-15));
#2789=DIRECTION('',(0.,0.,1.));
#2790=DIRECTION('',(-1.,0.,0.));
#2791=DIRECTION('',(0.,0.,-1.));
#2792=DIRECTION('',(1.,0.,1.15648231731787E-15));
#2793=DIRECTION('',(0.,0.,1.));
#2794=DIRECTION('',(-1.,0.,-2.31296463463574E-15));
#2795=DIRECTION('',(-1.15648231731787E-15,0.,1.));
#2796=DIRECTION('',(1.,0.,1.15648231731787E-15));
#2797=DIRECTION('',(1.,0.,1.15648231731787E-15));
#2798=DIRECTION('',(0.,1.,0.));
#2799=DIRECTION('',(0.,1.,0.));
#2800=DIRECTION('',(1.,0.,0.));
#2801=DIRECTION('',(0.,0.,-1.));
#2802=DIRECTION('',(0.,0.,-1.));
#2803=DIRECTION('',(0.,1.,0.));
#2804=DIRECTION('',(0.,0.,-1.));
#2805=DIRECTION('',(-1.,0.,0.));
#2806=DIRECTION('',(-1.,0.,0.));
#2807=DIRECTION('',(0.,1.,0.));
#2808=DIRECTION('',(0.,1.,0.));
#2809=DIRECTION('',(0.,0.,1.));
#2810=DIRECTION('',(0.,0.,-1.));
#2811=DIRECTION('',(-1.,0.,3.46944695195361E-15));
#2812=DIRECTION('',(0.,0.,1.));
#2813=DIRECTION('',(-1.,0.,-2.31296463463574E-15));
#2814=DIRECTION('',(0.,0.,-1.));
#2815=DIRECTION('',(1.,0.,1.15648231731787E-15));
#2816=DIRECTION('',(0.,0.,1.));
#2817=DIRECTION('',(-1.,0.,0.));
#2818=DIRECTION('',(0.,0.,-1.));
#2819=DIRECTION('',(1.,0.,2.31296463463574E-15));
#2820=DIRECTION('',(0.,0.,1.));
#2821=DIRECTION('',(1.,0.,3.46944695195361E-15));
#2822=DIRECTION('',(0.,0.,-1.));
#2823=DIRECTION('',(-1.,0.,0.));
#2824=DIRECTION('',(-1.,0.,0.));
#2825=DIRECTION('',(0.,1.,0.));
#2826=DIRECTION('',(0.,1.,0.));
#2827=DIRECTION('',(-1.,0.,0.));
#2828=DIRECTION('',(0.,0.,1.));
#2829=DIRECTION('',(0.,0.,1.));
#2830=DIRECTION('',(0.,1.,0.));
#2831=DIRECTION('',(-1.15648231731787E-15,0.,1.));
#2832=DIRECTION('',(1.,0.,1.15648231731787E-15));
#2833=DIRECTION('',(1.,0.,1.15648231731787E-15));
#2834=DIRECTION('',(0.,1.,0.));
#2835=DIRECTION('',(0.,1.,0.));
#2836=DIRECTION('',(0.,0.,1.));
#2837=DIRECTION('',(-1.,0.,1.58252211041702E-14));
#2838=DIRECTION('',(1.,0.,0.));
#2839=DIRECTION('',(0.,1.,0.));
#2840=DIRECTION('',(0.,1.,0.));
#2841=DIRECTION('',(0.,1.,0.));
#2842=DIRECTION('',(0.,1.,0.));
#2843=DIRECTION('',(0.,1.,0.));
#2844=DIRECTION('',(0.,0.,1.));
#2845=DIRECTION('',(0.,-1.,0.));
#2846=DIRECTION('',(0.,0.,1.));
#2847=DIRECTION('',(0.,0.,-1.));
#2848=DIRECTION('',(1.,0.,0.));
#2849=DIRECTION('',(-2.9909025447876E-16,0.,1.));
#2850=DIRECTION('',(-1.,0.,0.));
#2851=DIRECTION('',(0.,0.,1.));
#2852=DIRECTION('',(0.,0.,-1.));
#2853=DIRECTION('',(0.,-1.,0.));
#2854=DIRECTION('',(0.,-1.,0.));
#2855=DIRECTION('',(0.,0.,-1.));
#2856=DIRECTION('',(-1.,0.,0.));
#2857=DIRECTION('',(-1.,0.,1.58252211041702E-14));
#2858=DIRECTION('',(-1.,0.,1.58252211041702E-14));
#2859=DIRECTION('',(0.,-1.,0.));
#2860=DIRECTION('',(1.,0.,0.));
#2861=DIRECTION('',(0.,-1.,0.));
#2862=DIRECTION('',(-1.,0.,1.58252211041702E-14));
#2863=DIRECTION('',(0.,-1.,0.));
#2864=DIRECTION('',(1.,0.,2.9909025447876E-16));
#2865=DIRECTION('',(2.9909025447876E-16,0.,-1.));
#2866=DIRECTION('',(-2.9909025447876E-16,0.,1.));
#2867=DIRECTION('',(0.,-1.,0.));
#2868=DIRECTION('',(0.,-1.,0.));
#2869=DIRECTION('',(0.,0.,-1.));
#2870=DIRECTION('',(0.,-1.,0.));
#2871=DIRECTION('',(0.,0.,-1.));
#2872=DIRECTION('',(0.,1.,0.));
#2873=DIRECTION('',(0.,0.,1.));
#2874=DIRECTION('',(0.,-1.,0.));
#2875=DIRECTION('',(0.,0.,1.));
#2876=DIRECTION('',(-2.9909025447876E-16,0.,-1.));
#2877=DIRECTION('',(0.,0.,1.));
#2878=DIRECTION('',(-1.,0.,2.9909025447876E-16));
#2879=DIRECTION('',(2.9909025447876E-16,0.,1.));
#2880=DIRECTION('',(-2.9909025447876E-16,0.,-1.));
#2881=DIRECTION('',(0.,-1.,0.));
#2882=DIRECTION('',(1.,0.,0.));
#2883=DIRECTION('',(0.,0.,-1.));
#2884=DIRECTION('',(0.,0.,1.));
#2885=DIRECTION('',(0.,-1.,0.));
#2886=DIRECTION('',(0.,-1.,0.));
#2887=DIRECTION('',(0.,0.,-1.));
#2888=DIRECTION('',(0.,-1.,0.));
#2889=DIRECTION('',(0.,0.,1.));
#2890=DIRECTION('',(-1.,0.,0.));
#2891=DIRECTION('',(0.,0.,1.));
#2892=DIRECTION('',(0.,0.,1.));
#2893=DIRECTION('',(0.,1.,0.));
#2894=DIRECTION('',(0.,1.,0.));
#2895=DIRECTION('',(-3.46944695195361E-15,0.,1.));
#2896=DIRECTION('',(1.,0.,3.46944695195361E-15));
#2897=DIRECTION('',(3.46944695195361E-15,0.,-1.));
#2898=DIRECTION('',(1.,0.,3.46944695195361E-15));
#2899=DIRECTION('',(1.,0.,3.46944695195361E-15));
#2900=DIRECTION('',(0.,1.,0.));
#2901=DIRECTION('',(1.,0.,0.));
#2902=DIRECTION('',(0.,0.,-1.));
#2903=DIRECTION('',(0.,0.,-1.));
#2904=DIRECTION('',(0.,1.,0.));
#2905=DIRECTION('',(-3.46944695195361E-15,0.,-1.));
#2906=DIRECTION('',(-1.,0.,3.46944695195361E-15));
#2907=DIRECTION('',(3.46944695195361E-15,0.,1.));
#2908=DIRECTION('',(-1.,0.,3.46944695195361E-15));
#2909=DIRECTION('',(0.,1.,0.));
#2910=DIRECTION('',(-1.,0.,3.46944695195361E-15));
#2911=DIRECTION('',(-1.,0.,0.));
#2912=DIRECTION('',(0.,0.,1.));
#2913=DIRECTION('',(0.,0.,1.));
#2914=DIRECTION('',(0.,1.,0.));
#2915=DIRECTION('',(2.31296463463574E-15,0.,-1.));
#2916=DIRECTION('',(-1.,0.,-2.31296463463574E-15));
#2917=DIRECTION('',(-2.31296463463574E-15,0.,1.));
#2918=DIRECTION('',(-1.,0.,-2.31296463463574E-15));
#2919=DIRECTION('',(0.,1.,0.));
#2920=DIRECTION('',(-2.31296463463574E-15,0.,1.));
#2921=DIRECTION('',(1.,0.,2.31296463463574E-15));
#2922=DIRECTION('',(2.31296463463574E-15,0.,-1.));
#2923=DIRECTION('',(1.,0.,2.31296463463574E-15));
#2924=DIRECTION('',(0.,1.,0.));
#2925=DIRECTION('',(-2.31296463463574E-15,0.,1.));
#2926=DIRECTION('',(1.,0.,2.31296463463574E-15));
#2927=DIRECTION('',(2.31296463463574E-15,0.,-1.));
#2928=DIRECTION('',(1.,0.,1.73472347597681E-15));
#2929=DIRECTION('',(0.,1.,0.));
#2930=DIRECTION('',(0.,1.,0.));
#2931=DIRECTION('',(2.31296463463574E-15,0.,-1.));
#2932=DIRECTION('',(-1.,0.,-2.31296463463574E-15));
#2933=DIRECTION('',(-2.31296463463574E-15,0.,1.));
#2934=DIRECTION('',(-1.,0.,-1.73472347597681E-15));
#2935=DIRECTION('',(0.,1.,0.));
#2936=DIRECTION('',(0.,1.,0.));
#2937=DIRECTION('',(1.,0.,0.));
#2938=DIRECTION('',(0.,0.,-1.));
#2939=DIRECTION('',(0.,0.,-1.));
#2940=DIRECTION('',(0.,1.,0.));
#2941=DIRECTION('',(-3.46944695195361E-15,0.,-1.));
#2942=DIRECTION('',(-1.,0.,3.46944695195361E-15));
#2943=DIRECTION('',(3.46944695195361E-15,0.,1.));
#2944=DIRECTION('',(-1.,4.33680868994202E-15,3.46944695195361E-15));
#2945=DIRECTION('',(-1.,0.,3.46944695195361E-15));
#2946=DIRECTION('',(0.,1.,0.));
#2947=DIRECTION('',(-1.,0.,0.));
#2948=DIRECTION('',(0.,0.,1.));
#2949=DIRECTION('',(0.,0.,1.));
#2950=DIRECTION('',(0.,1.,0.));
#2951=DIRECTION('',(-3.46944695195361E-15,0.,1.));
#2952=DIRECTION('',(1.,0.,3.46944695195361E-15));
#2953=DIRECTION('',(3.46944695195361E-15,0.,-1.));
#2954=DIRECTION('',(1.,0.,3.46944695195361E-15));
#2955=DIRECTION('',(0.,1.,0.));
#2956=DIRECTION('',(1.,0.,3.46944695195361E-15));
#2957=DIRECTION('',(1.,0.,0.));
#2958=DIRECTION('',(0.,0.,-1.));
#2959=DIRECTION('',(0.,0.,-1.));
#2960=DIRECTION('',(0.,1.,0.));
#2961=DIRECTION('',(0.,0.,1.));
#2962=DIRECTION('',(1.,0.,0.));
#2963=DIRECTION('',(0.,0.,-1.));
#2964=DIRECTION('',(-1.,0.,-8.67361737988416E-15));
#2965=DIRECTION('',(0.,0.,1.));
#2966=DIRECTION('',(1.,0.,0.));
#2967=DIRECTION('',(0.,0.,-1.));
#2968=DIRECTION('',(0.,-1.,0.));
#2969=DIRECTION('',(0.,0.,1.));
#2970=DIRECTION('',(0.,1.,0.));
#2971=DIRECTION('',(0.,0.,1.));
#2972=DIRECTION('',(-1.,0.,0.));
#2973=DIRECTION('',(0.,0.,1.));
#2974=DIRECTION('',(0.,1.,0.));
#2975=DIRECTION('',(0.,0.,-1.));
#2976=DIRECTION('',(0.,1.,0.));
#2977=DIRECTION('',(0.,0.,-1.));
#2978=DIRECTION('',(0.,0.,1.));
#2979=DIRECTION('',(1.,0.,0.));
#2980=DIRECTION('',(0.,0.,-1.));
#2981=DIRECTION('',(-1.,0.,0.));
#2982=DIRECTION('',(0.,0.,-1.));
#2983=DIRECTION('',(-1.,0.,0.));
#2984=DIRECTION('',(0.,0.,-1.));
#2985=DIRECTION('',(-1.,0.,0.));
#2986=DIRECTION('',(0.,0.,-1.));
#2987=DIRECTION('',(-1.,0.,0.));
#2988=DIRECTION('',(0.,0.,-1.));
#2989=DIRECTION('',(-1.,0.,0.));
#2990=DIRECTION('',(0.,0.,-1.));
#2991=DIRECTION('',(-1.,0.,0.));
#2992=DIRECTION('',(1.,0.,0.));
#2993=DIRECTION('',(1.,0.,0.));
#2994=DIRECTION('',(0.,1.,0.));
#2995=DIRECTION('',(-1.,0.,-1.14882349402437E-16));
#2996=DIRECTION('',(0.,1.,0.));
#2997=DIRECTION('',(0.,1.,0.));
#2998=DIRECTION('',(0.,0.,-1.));
#2999=DIRECTION('',(1.,0.,0.));
#3000=DIRECTION('',(0.,1.,0.));
#3001=DIRECTION('',(1.,0.,-3.50449187066021E-16));
#3002=DIRECTION('',(0.,-1.,0.));
#3003=DIRECTION('',(0.,0.,-1.));
#3004=DIRECTION('',(1.,0.,-3.50449187066021E-16));
#3005=DIRECTION('',(1.,0.,-3.50449187066021E-16));
#3006=DIRECTION('',(0.,0.,1.));
#3007=DIRECTION('',(6.42490176287706E-17,1.,0.));
#3008=DIRECTION('',(-1.,6.42490176287706E-17,0.));
#3009=DIRECTION('',(1.,-6.42490176287706E-17,0.));
#3010=DIRECTION('',(0.,0.,-1.));
#3011=DIRECTION('',(1.,-6.42490176287706E-17,0.));
#3012=DIRECTION('',(0.,0.,-1.));
#3013=DIRECTION('',(0.,0.,-1.));
#3014=DIRECTION('',(-1.,0.,0.));
#3015=DIRECTION('',(0.,0.,-1.));
#3016=DIRECTION('',(-1.,0.,0.));
#3017=DIRECTION('',(0.,0.,-1.));
#3018=DIRECTION('',(-1.,0.,0.));
#3019=DIRECTION('',(0.,0.,-1.));
#3020=DIRECTION('',(1.,1.23908819712629E-16,0.));
#3021=DIRECTION('',(-1.23908819712629E-16,1.,0.));
#3022=DIRECTION('',(1.23908819712629E-16,-1.,0.));
#3023=DIRECTION('',(1.23908819712629E-16,-1.,0.));
#3024=DIRECTION('',(0.,0.,-1.));
#3025=DIRECTION('',(-1.41725774181112E-16,-1.,0.));
#3026=DIRECTION('',(1.,-1.41725774181112E-16,0.));
#3027=DIRECTION('',(-1.,1.41725774181112E-16,0.));
#3028=DIRECTION('',(-1.,1.41725774181112E-16,0.));
#3029=DIRECTION('',(0.,0.,-1.));
#3030=DIRECTION('',(-1.,1.23908819712629E-16,0.));
#3031=DIRECTION('',(-1.23908819712629E-16,-1.,0.));
#3032=DIRECTION('',(1.23908819712629E-16,1.,0.));
#3033=DIRECTION('',(1.23908819712629E-16,1.,0.));
#3034=DIRECTION('',(0.,0.,-1.));
#3035=DIRECTION('',(0.,0.,-1.));
#3036=DIRECTION('',(-1.,0.,0.));
#3037=DIRECTION('',(0.,0.,-1.));
#3038=DIRECTION('',(-1.,0.,0.));
#3039=DIRECTION('',(0.,0.,-1.));
#3040=DIRECTION('',(-1.,0.,0.));
#3041=DIRECTION('',(0.,0.,-1.));
#3042=DIRECTION('',(-1.,0.,0.));
#3043=DIRECTION('',(-1.,0.,0.));
#3044=DIRECTION('',(-1.,0.,0.));
#3045=DIRECTION('',(0.,0.,-1.));
#3046=DIRECTION('',(-1.,0.,0.));
#3047=DIRECTION('',(0.,0.,-1.));
#3048=DIRECTION('',(-1.,0.,0.));
#3049=DIRECTION('',(1.,0.,0.));
#3050=DIRECTION('',(0.,0.,-1.));
#3051=DIRECTION('',(-1.,0.,0.));
#3052=DIRECTION('',(0.,-1.,0.));
#3053=DIRECTION('',(-1.,0.,0.));
#3054=DIRECTION('',(0.,1.,0.));
#3055=DIRECTION('',(0.,0.,1.));
#3056=DIRECTION('',(1.,0.,0.));
#3057=DIRECTION('',(0.,0.,1.));
#3058=DIRECTION('',(-1.,0.,0.));
#3059=DIRECTION('',(0.,0.,-1.));
#3060=DIRECTION('',(-1.,0.,0.));
#3061=DIRECTION('',(0.,0.,1.));
#3062=DIRECTION('',(-1.,0.,0.));
#3063=DIRECTION('',(1.,0.,0.));
#3064=DIRECTION('',(0.,0.,1.));
#3065=DIRECTION('',(1.,0.,0.));
#3066=DIRECTION('',(0.,0.,-1.));
#3067=DIRECTION('',(1.,0.,0.));
#3068=DIRECTION('',(0.,0.,1.));
#3069=DIRECTION('',(1.,0.,0.));
#3070=DIRECTION('',(-1.,-1.85174100497794E-16,0.));
#3071=DIRECTION('',(0.,0.,1.));
#3072=DIRECTION('',(1.,0.,0.));
#3073=DIRECTION('',(1.,0.,0.));
#3074=DIRECTION('',(0.,0.,1.));
#3075=DIRECTION('',(1.,0.,0.));
#3076=DIRECTION('',(-1.,0.,0.));
#3077=DIRECTION('',(0.,0.,1.));
#3078=DIRECTION('',(-1.,0.,0.));
#3079=DIRECTION('',(-1.92747052886312E-16,1.,0.));
#3080=DIRECTION('',(0.,0.,1.));
#3081=DIRECTION('',(-1.,0.,0.));
#3082=DIRECTION('',(1.,0.,0.));
#3083=DIRECTION('',(3.77113799125393E-16,-1.,0.));
#3084=DIRECTION('',(1.,1.0842021724855E-16,0.));
#3085=DIRECTION('',(0.,1.,0.));
#3086=DIRECTION('',(-1.,0.,0.));
#3087=DIRECTION('',(0.,1.,0.));
#3088=DIRECTION('',(0.,0.,1.));
#3089=DIRECTION('',(1.,0.,0.));
#3090=DIRECTION('',(1.,0.,0.));
#3091=DIRECTION('',(0.,0.,1.));
#3092=DIRECTION('',(1.,0.,0.));
#3093=DIRECTION('',(0.,1.,0.));
#3094=DIRECTION('',(0.,0.866025403784439,-0.5));
#3095=DIRECTION('',(1.,0.,0.));
#3096=DIRECTION('',(-1.88556899562696E-16,0.5,0.866025403784439));
#3097=DIRECTION('',(-1.,0.,0.));
#3098=DIRECTION('',(0.,0.5,0.866025403784439));
#3099=DIRECTION('',(1.,0.,0.));
#3100=DIRECTION('',(0.,0.,-1.));
#3101=DIRECTION('',(-1.,0.,0.));
#3102=DIRECTION('',(-0.5,-3.75578649684287E-15,0.866025403784438));
#3103=DIRECTION('',(0.,0.,1.));
#3104=DIRECTION('',(1.,0.,0.));
#3105=DIRECTION('',(0.,0.,-1.));
#3106=DIRECTION('',(1.,0.,0.));
#3107=DIRECTION('',(-0.866025403784439,-1.66923844304129E-16,-0.5));
#3108=DIRECTION('',(-1.92747052886312E-16,1.,0.));
#3109=DIRECTION('',(-0.5,0.,0.866025403784439));
#3110=DIRECTION('',(-1.92747052886312E-16,1.,0.));
#3111=DIRECTION('',(1.92747052886312E-16,-1.,0.));
#3112=DIRECTION('',(0.,0.,-1.));
#3113=DIRECTION('',(-1.,0.,0.));
#3114=DIRECTION('',(3.75578649684288E-15,-0.5,0.866025403784439));
#3115=DIRECTION('',(0.,0.,1.));
#3116=DIRECTION('',(1.,0.,0.));
#3117=DIRECTION('',(0.,0.,-1.));
#3118=DIRECTION('',(1.,2.12503625807159E-14,0.));
#3119=DIRECTION('',(0.,-0.866025403784439,-0.5));
#3120=DIRECTION('',(-1.,0.,0.));
#3121=DIRECTION('',(0.,-0.5,0.866025403784439));
#3122=DIRECTION('',(-1.,0.,0.));
#3123=DIRECTION('',(1.,0.,0.));
#3124=DIRECTION('',(0.,0.866025403784439,-0.5));
#3125=DIRECTION('',(1.,0.,0.));
#3126=DIRECTION('',(0.,-0.5,-0.866025403784439));
#3127=DIRECTION('',(1.,0.,0.));
#3128=DIRECTION('',(0.,0.5,0.866025403784439));
#3129=DIRECTION('',(-1.,0.,0.));
#3130=DIRECTION('',(0.,-1.,0.));
#3131=DIRECTION('',(0.,0.,-1.));
#3132=DIRECTION('',(1.,0.,0.));
#3133=DIRECTION('',(0.,0.,1.));
#3134=DIRECTION('',(0.,0.,1.));
#3135=DIRECTION('',(0.,0.,1.));
#3136=DIRECTION('',(1.,0.,0.));
#3137=DIRECTION('',(0.,0.,-1.));
#3138=DIRECTION('',(1.,0.,0.));
#3139=DIRECTION('',(0.,0.,1.));
#3140=DIRECTION('',(0.,0.,1.));
#3141=DIRECTION('',(-1.85174100497794E-16,1.,0.));
#3142=DIRECTION('',(-1.,-1.85174100497794E-16,0.));
#3143=DIRECTION('',(-1.,-1.85174100497794E-16,0.));
#3144=DIRECTION('',(0.,0.,1.));
#3145=DIRECTION('',(0.,0.,1.));
#3146=DIRECTION('',(0.,0.,1.));
#3147=DIRECTION('',(1.,0.,0.));
#3148=DIRECTION('',(0.,0.,1.));
#3149=DIRECTION('',(-1.,0.,0.));
#3150=DIRECTION('',(0.,0.,1.));
#3151=DIRECTION('',(0.,0.,1.));
#3152=DIRECTION('',(1.,0.,0.));
#3153=DIRECTION('',(0.,0.,1.));
#3154=DIRECTION('',(-1.,0.,0.));
#3155=DIRECTION('',(0.,0.,1.));
#3156=DIRECTION('',(0.,0.,1.));
#3157=DIRECTION('',(1.,0.,0.));
#3158=DIRECTION('',(0.,0.,-1.));
#3159=DIRECTION('',(-1.,0.,0.));
#3160=DIRECTION('',(0.,0.,1.));
#3161=DIRECTION('',(1.,0.,0.));
#3162=DIRECTION('',(0.,0.,1.));
#3163=DIRECTION('',(1.,0.,0.));
#3164=DIRECTION('',(3.77113799125393E-16,-1.,0.));
#3165=DIRECTION('',(0.,0.,1.));
#3166=DIRECTION('',(1.,0.,0.));
#3167=DIRECTION('',(0.,1.,0.));
#3168=DIRECTION('',(1.,1.0842021724855E-16,0.));
#3169=DIRECTION('',(0.,0.,1.));
#3170=DIRECTION('',(1.,0.,0.));
#3171=DIRECTION('',(0.,0.,1.));
#3172=DIRECTION('',(1.,0.,0.));
#3173=DIRECTION('',(1.,0.,0.));
#3174=DIRECTION('',(0.,0.,-1.));
#3175=DIRECTION('',(0.,0.,1.));
#3176=DIRECTION('',(0.,0.,1.));
#3177=DIRECTION('',(1.0842021724855E-16,-1.,0.));
#3178=DIRECTION('',(1.,1.0842021724855E-16,0.));
#3179=DIRECTION('',(0.,0.,1.));
#3180=DIRECTION('',(-1.,-3.77113799125393E-16,0.));
#3181=DIRECTION('',(3.77113799125393E-16,-1.,0.));
#3182=DIRECTION('',(0.,0.,1.));
#3183=DIRECTION('',(0.,-1.,0.));
#3184=DIRECTION('',(0.,0.,-1.));
#3185=DIRECTION('',(0.,0.,1.));
#3186=DIRECTION('',(0.,0.,1.));
#3187=DIRECTION('',(1.,0.,0.));
#3188=DIRECTION('',(0.,0.,1.));
#3189=DIRECTION('',(1.,1.92747052886312E-16,0.));
#3190=DIRECTION('',(-1.92747052886312E-16,1.,0.));
#3191=DIRECTION('',(0.,0.,1.));
#3192=DIRECTION('',(0.,0.,1.));
#3193=DIRECTION('',(1.,0.,0.));
#3194=DIRECTION('',(0.,0.,1.));
#3195=DIRECTION('',(0.,1.,0.));
#3196=DIRECTION('',(0.,0.,1.));
#3197=DIRECTION('',(0.,0.,1.));
#3198=DIRECTION('',(0.,0.,1.));
#3199=DIRECTION('',(1.,0.,0.));
#3200=DIRECTION('',(0.,0.,1.));
#3201=DIRECTION('',(0.,0.,-1.));
#3202=DIRECTION('',(1.,0.,0.));
#3203=DIRECTION('',(0.,-1.,0.));
#3204=DIRECTION('',(0.,0.,-1.));
#3205=DIRECTION('',(0.,0.,-1.));
#3206=DIRECTION('',(-1.,0.,0.));
#3207=DIRECTION('',(0.,0.,-1.));
#3208=DIRECTION('',(0.,0.,1.));
#3209=DIRECTION('',(0.,0.,1.));
#3210=DIRECTION('',(1.,0.,0.));
#3211=DIRECTION('',(0.,0.,-1.));
#3212=DIRECTION('',(0.,0.,1.));
#3213=DIRECTION('',(-1.,0.,0.));
#3214=DIRECTION('',(0.,0.,1.));
#3215=DIRECTION('',(0.,0.,-1.));
#3216=DIRECTION('',(0.,0.,-1.));
#3217=DIRECTION('',(1.,0.,0.));
#3218=DIRECTION('',(0.,0.,-1.));
#3219=DIRECTION('',(0.,0.,1.));
#3220=DIRECTION('',(0.,1.,0.));
#3221=DIRECTION('',(0.,0.,1.));
#3222=DIRECTION('',(0.,0.,-1.));
#3223=DIRECTION('',(0.,0.,1.));
#3224=DIRECTION('',(0.,0.,-1.));
#3225=DIRECTION('',(-1.,0.,0.));
#3226=DIRECTION('',(0.,0.,1.));
#3227=DIRECTION('',(0.,0.,1.));
#3228=DIRECTION('',(1.,0.,0.));
#3229=DIRECTION('',(-1.,0.,0.));
#3230=DIRECTION('',(0.,0.,1.));
#3231=DIRECTION('',(0.,0.,-1.));
#3232=DIRECTION('',(1.,0.,0.));
#3233=DIRECTION('',(0.,0.,-1.));
#3234=DIRECTION('',(0.,0.,1.));
#3235=DIRECTION('',(0.,1.,0.));
#3236=DIRECTION('',(0.,0.,1.));
#3237=DIRECTION('',(0.,1.,0.));
#3238=DIRECTION('',(0.,0.,1.));
#3239=DIRECTION('',(0.,0.,1.));
#3240=DIRECTION('',(1.,0.,0.));
#3241=DIRECTION('',(0.,0.,1.));
#3242=DIRECTION('',(1.,0.,0.));
#3243=DIRECTION('',(0.,0.,1.));
#3244=DIRECTION('',(1.,0.,0.));
#3245=DIRECTION('',(0.,0.,-1.));
#3246=DIRECTION('',(-1.,0.,0.));
#3247=DIRECTION('',(0.,0.,1.));
#3248=DIRECTION('',(1.,0.,0.));
#3249=DIRECTION('',(0.,0.,1.));
#3250=DIRECTION('',(1.,0.,0.));
#3251=DIRECTION('',(0.,0.,1.));
#3252=DIRECTION('',(1.,0.,0.));
#3253=DIRECTION('',(0.,0.,1.));
#3254=DIRECTION('',(1.,0.,0.));
#3255=DIRECTION('',(0.,0.,-1.));
#3256=DIRECTION('',(1.,0.,0.));
#3257=DIRECTION('',(0.,0.,1.));
#3258=DIRECTION('',(1.,0.,0.));
#3259=DIRECTION('',(0.,0.,1.));
#3260=DIRECTION('',(1.,0.,0.));
#3261=DIRECTION('',(0.,0.,-1.));
#3262=DIRECTION('',(1.,0.,0.));
#3263=DIRECTION('',(0.,0.,1.));
#3264=DIRECTION('',(1.,0.,0.));
#3265=DIRECTION('',(0.,0.,-1.));
#3266=DIRECTION('',(1.,0.,0.));
#3267=DIRECTION('',(0.,0.,1.));
#3268=DIRECTION('',(1.,0.,0.));
#3269=DIRECTION('',(0.,0.,1.));
#3270=DIRECTION('',(1.,0.,0.));
#3271=DIRECTION('',(0.,0.,1.));
#3272=DIRECTION('',(1.,0.,0.));
#3273=DIRECTION('',(0.,0.,1.));
#3274=DIRECTION('',(1.,0.,0.));
#3275=DIRECTION('',(0.,0.,1.));
#3276=DIRECTION('',(1.,0.,0.));
#3277=DIRECTION('',(0.,0.,1.));
#3278=DIRECTION('',(1.,0.,0.));
#3279=DIRECTION('',(0.,0.,-1.));
#3280=DIRECTION('',(1.,0.,0.));
#3281=DIRECTION('',(0.,0.,1.));
#3282=DIRECTION('',(1.,0.,0.));
#3283=DIRECTION('',(0.,0.,1.));
#3284=DIRECTION('',(1.,0.,0.));
#3285=DIRECTION('',(0.,0.,-1.));
#3286=DIRECTION('',(1.,0.,0.));
#3287=DIRECTION('',(0.,0.,1.));
#3288=DIRECTION('',(1.,0.,0.));
#3289=DIRECTION('',(0.,0.,-1.));
#3290=DIRECTION('',(1.,0.,0.));
#3291=DIRECTION('',(0.,0.,1.));
#3292=DIRECTION('',(1.,0.,0.));
#3293=DIRECTION('',(0.,0.,1.));
#3294=DIRECTION('',(1.,0.,0.));
#3295=DIRECTION('',(0.,0.,1.));
#3296=DIRECTION('',(1.,0.,0.));
#3297=DIRECTION('',(0.,0.,1.));
#3298=DIRECTION('',(1.,0.,0.));
#3299=CARTESIAN_POINT('',(0.,0.,0.));
#3300=CARTESIAN_POINT('',(-0.00683896076284076,-0.00675,-0.00886449047106297));
#3301=CARTESIAN_POINT('',(0.007,-0.0191145633324627,-0.0110446965912547));
#3302=CARTESIAN_POINT('',(0.007,-0.00525,-0.00860000000000027));
#3303=CARTESIAN_POINT('',(0.007,-0.00675,-0.00886449047106297));
#3304=CARTESIAN_POINT('',(0.007,-0.00525,-0.00860000000000027));
#3305=CARTESIAN_POINT('',(0.0065,-0.00525,-0.00860000000000027));
#3306=CARTESIAN_POINT('',(0.0065,-0.0188580482249684,-0.0109994660568441));
#3307=CARTESIAN_POINT('',(0.0065,-0.00675,-0.00886449047106297));
#3308=CARTESIAN_POINT('',(0.0065,-0.00675,-0.00886449047106297));
#3309=CARTESIAN_POINT('',(-0.00683896076284076,-0.00675,-0.00983550952893757));
#3310=CARTESIAN_POINT('',(0.0065,-0.0191145633324627,-0.00765530340874587));
#3311=CARTESIAN_POINT('',(0.0065,-0.00525,-0.0101000000000003));
#3312=CARTESIAN_POINT('',(0.0065,-0.00675,-0.00983550952893757));
#3313=CARTESIAN_POINT('',(0.0065,-0.00525,-0.0101000000000003));
#3314=CARTESIAN_POINT('',(0.007,-0.00525,-0.0101000000000003));
#3315=CARTESIAN_POINT('',(0.007,-0.0188580482249685,-0.00770053394315643));
#3316=CARTESIAN_POINT('',(0.007,-0.00675,-0.00983550952893757));
#3317=CARTESIAN_POINT('',(0.007,-0.00675,-0.00983550952893757));
#3318=CARTESIAN_POINT('',(0.,0.004,0.));
#3319=CARTESIAN_POINT('',(0.0065,0.004,-0.0101000000000003));
#3320=CARTESIAN_POINT('',(0.0065,0.004,-0.0101000000000003));
#3321=CARTESIAN_POINT('',(0.0065,0.004,-0.00860000000000027));
#3322=CARTESIAN_POINT('',(0.0065,0.004,-0.00860000000000027));
#3323=CARTESIAN_POINT('',(0.007,0.004,-0.00860000000000027));
#3324=CARTESIAN_POINT('',(0.007,0.004,-0.00860000000000027));
#3325=CARTESIAN_POINT('',(0.007,0.004,-0.0101000000000003));
#3326=CARTESIAN_POINT('',(0.007,0.004,-0.0101000000000003));
#3327=CARTESIAN_POINT('',(-0.00683896076284076,-0.00675,-0.0156062135977565));
#3328=CARTESIAN_POINT('',(0.0065,-0.00675,-0.00860000000000027));
#3329=CARTESIAN_POINT('',(0.007,-0.00675,-0.0101000000000003));
#3330=CARTESIAN_POINT('',(0.007,-0.0192811388300842,-0.0101000000000003));
#3331=CARTESIAN_POINT('',(0.007,-0.0192811388300842,-0.0101000000000003));
#3332=CARTESIAN_POINT('',(0.007,-0.0192811388300842,-0.00860000000000027));
#3333=CARTESIAN_POINT('',(0.0065,-0.0192811388300842,-0.0101000000000003));
#3334=CARTESIAN_POINT('',(0.0065,-0.0192811388300842,-0.0101000000000003));
#3335=CARTESIAN_POINT('',(0.0065,-0.0192811388300842,-0.00860000000000027));
#3336=CARTESIAN_POINT('',(0.0065,-0.0192811388300842,-0.00860000000000027));
#3337=CARTESIAN_POINT('',(0.007,-0.0192811388300842,-0.00860000000000027));
#3338=CARTESIAN_POINT('',(0.,0.,0.));
#3339=CARTESIAN_POINT('',(-0.00683896076284076,-0.00675,-0.00886449047106297));
#3340=CARTESIAN_POINT('',(-0.0065,-0.0188580482249684,-0.0109994660568441));
#3341=CARTESIAN_POINT('',(-0.0065,-0.00525,-0.00860000000000027));
#3342=CARTESIAN_POINT('',(-0.0065,-0.00675,-0.00886449047106297));
#3343=CARTESIAN_POINT('',(-0.0065,-0.00525,-0.00860000000000027));
#3344=CARTESIAN_POINT('',(-0.007,-0.00525,-0.00860000000000027));
#3345=CARTESIAN_POINT('',(-0.007,-0.0191145633324627,-0.0110446965912547));
#3346=CARTESIAN_POINT('',(-0.007,-0.00675,-0.00886449047106297));
#3347=CARTESIAN_POINT('',(-0.007,-0.00675,-0.00886449047106297));
#3348=CARTESIAN_POINT('',(-0.00683896076284076,-0.00675,-0.00983550952893757));
#3349=CARTESIAN_POINT('',(-0.007,-0.0188580482249685,-0.00770053394315643));
#3350=CARTESIAN_POINT('',(-0.007,-0.00525,-0.0101000000000003));
#3351=CARTESIAN_POINT('',(-0.007,-0.00675,-0.00983550952893757));
#3352=CARTESIAN_POINT('',(-0.007,-0.00525,-0.0101000000000003));
#3353=CARTESIAN_POINT('',(-0.0065,-0.00525,-0.0101000000000003));
#3354=CARTESIAN_POINT('',(-0.0065,-0.0191145633324627,-0.00765530340874587));
#3355=CARTESIAN_POINT('',(-0.0065,-0.00675,-0.00983550952893757));
#3356=CARTESIAN_POINT('',(-0.0065,-0.00675,-0.00983550952893757));
#3357=CARTESIAN_POINT('',(0.,0.004,0.));
#3358=CARTESIAN_POINT('',(-0.007,0.004,-0.00860000000000027));
#3359=CARTESIAN_POINT('',(-0.007,0.004,-0.00860000000000027));
#3360=CARTESIAN_POINT('',(-0.0065,0.004,-0.00860000000000027));
#3361=CARTESIAN_POINT('',(-0.0065,0.004,-0.00860000000000027));
#3362=CARTESIAN_POINT('',(-0.0065,0.004,-0.0101000000000003));
#3363=CARTESIAN_POINT('',(-0.0065,0.004,-0.0101000000000003));
#3364=CARTESIAN_POINT('',(-0.007,0.004,-0.0101000000000003));
#3365=CARTESIAN_POINT('',(-0.007,0.004,-0.0101000000000003));
#3366=CARTESIAN_POINT('',(-0.00683896076284076,-0.00675,-0.0156062135977565));
#3367=CARTESIAN_POINT('',(-0.007,-0.00675,-0.0101000000000003));
#3368=CARTESIAN_POINT('',(-0.0065,-0.00675,-0.00860000000000027));
#3369=CARTESIAN_POINT('',(-0.0065,-0.0192811388300842,-0.0101000000000003));
#3370=CARTESIAN_POINT('',(-0.0065,-0.0192811388300842,-0.0101000000000003));
#3371=CARTESIAN_POINT('',(-0.007,-0.0192811388300842,-0.0101000000000003));
#3372=CARTESIAN_POINT('',(-0.007,-0.0192811388300842,-0.0101000000000003));
#3373=CARTESIAN_POINT('',(-0.007,-0.0192811388300842,-0.00860000000000027));
#3374=CARTESIAN_POINT('',(-0.007,-0.0192811388300842,-0.00860000000000027));
#3375=CARTESIAN_POINT('',(-0.0065,-0.0192811388300842,-0.00860000000000027));
#3376=CARTESIAN_POINT('',(-0.0065,-0.0192811388300842,-0.00860000000000027));
#3377=CARTESIAN_POINT('',(0.,0.,0.));
#3378=CARTESIAN_POINT('',(-0.0036,-0.0036,-0.01535));
#3379=CARTESIAN_POINT('',(-0.0036,-0.0036,-0.01535));
#3380=CARTESIAN_POINT('',(-0.0036,-0.0036,-0.0166));
#3381=CARTESIAN_POINT('',(-0.00683896076284076,-0.0067,-0.0156062135977565));
#3382=CARTESIAN_POINT('',(-0.0036,-0.0067,-0.01535));
#3383=CARTESIAN_POINT('',(-0.0036,-0.0067,-0.0144));
#3384=CARTESIAN_POINT('',(-0.0036,-0.0211355339059328,-0.01535));
#3385=CARTESIAN_POINT('',(-0.0036,-0.0064,-0.01535));
#3386=CARTESIAN_POINT('',(-0.0036,-0.0064,-0.0141));
#3387=CARTESIAN_POINT('',(-0.0036,-0.0064,-0.01535));
#3388=CARTESIAN_POINT('',(0.,0.,0.));
#3389=CARTESIAN_POINT('',(0.0036,-0.0036,-0.01535));
#3390=CARTESIAN_POINT('',(0.0036,-0.0036,-0.01535));
#3391=CARTESIAN_POINT('',(0.0036,-0.0036,-0.0166));
#3392=CARTESIAN_POINT('',(0.00683896076284076,-0.0067,-0.0156062135977565));
#3393=CARTESIAN_POINT('',(0.0036,-0.0067,-0.01535));
#3394=CARTESIAN_POINT('',(0.0036,-0.0067,-0.0144));
#3395=CARTESIAN_POINT('',(0.0036,-0.0211355339059328,-0.01535));
#3396=CARTESIAN_POINT('',(0.0036,-0.0064,-0.01535));
#3397=CARTESIAN_POINT('',(0.0036,-0.0064,-0.0141));
#3398=CARTESIAN_POINT('',(0.0036,-0.0064,-0.01535));
#3399=CARTESIAN_POINT('',(0.,0.,0.));
#3400=CARTESIAN_POINT('',(-0.0036,0.00015,-0.0113));
#3401=CARTESIAN_POINT('',(0.0036,0.00015,-0.0113));
#3402=CARTESIAN_POINT('',(0.00565,0.00015,-0.0113));
#3403=CARTESIAN_POINT('',(-0.0036,0.00015,-0.0113));
#3404=CARTESIAN_POINT('',(-0.0036,0.00015,-0.0113));
#3405=CARTESIAN_POINT('',(-0.00155,0.00015,-0.0113));
#3406=CARTESIAN_POINT('',(0.00545746536419326,-0.0042,-0.0170919051648072));
#3407=CARTESIAN_POINT('',(-0.001,-0.0042,-0.0170919051648072));
#3408=CARTESIAN_POINT('',(-0.001,-0.0042,-0.0131));
#3409=CARTESIAN_POINT('',(-0.001,-0.0042,-0.0146));
#3410=CARTESIAN_POINT('',(0.00545746536419326,-0.0042,-0.0146));
#3411=CARTESIAN_POINT('',(0.001,-0.0042,-0.0146));
#3412=CARTESIAN_POINT('',(0.001,-0.0042,-0.0170919051648072));
#3413=CARTESIAN_POINT('',(0.001,-0.0042,-0.0131));
#3414=CARTESIAN_POINT('',(0.00545746536419326,-0.0042,-0.0131));
#3415=CARTESIAN_POINT('',(0.001,-0.0031,-0.0077));
#3416=CARTESIAN_POINT('',(0.001,-0.0039,-0.0077));
#3417=CARTESIAN_POINT('',(0.001,-0.0039,-0.0146));
#3418=CARTESIAN_POINT('',(0.001,-0.0039,-0.0131));
#3419=CARTESIAN_POINT('',(0.001,0.0032,-0.0131));
#3420=CARTESIAN_POINT('',(0.001,-0.0031,-0.0146));
#3421=CARTESIAN_POINT('',(0.001,-0.0042,-0.0146));
#3422=CARTESIAN_POINT('',(0.001,-0.0039,-0.0146));
#3423=CARTESIAN_POINT('',(-0.001,-0.0039,-0.0146));
#3424=CARTESIAN_POINT('',(-0.001,-0.0042,-0.0146));
#3425=CARTESIAN_POINT('',(-0.001,-0.0031,-0.0077));
#3426=CARTESIAN_POINT('',(-0.001,-0.0039,-0.0077));
#3427=CARTESIAN_POINT('',(-0.001,-0.0039,-0.0131));
#3428=CARTESIAN_POINT('',(-0.001,-0.0031,-0.0131));
#3429=CARTESIAN_POINT('',(0.00545746536419326,-0.0042,-0.0170919051648072));
#3430=CARTESIAN_POINT('',(0.007,-0.0042,-0.0170919051648072));
#3431=CARTESIAN_POINT('',(0.007,-0.0042,-0.00985));
#3432=CARTESIAN_POINT('',(0.007,-0.0042,-0.0101));
#3433=CARTESIAN_POINT('',(0.00545746536419329,-0.0042,-0.0101));
#3434=CARTESIAN_POINT('',(0.0065,-0.0042,-0.0101));
#3435=CARTESIAN_POINT('',(0.0065,-0.0042,-0.0170919051648072));
#3436=CARTESIAN_POINT('',(0.0065,-0.0042,-0.0086));
#3437=CARTESIAN_POINT('',(0.00545746536419323,-0.0042,-0.0086));
#3438=CARTESIAN_POINT('',(0.007,-0.0042,-0.0086));
#3439=CARTESIAN_POINT('',(0.007,-0.0042,-0.0170919051648072));
#3440=CARTESIAN_POINT('',(0.007,-0.0042,-0.00885));
#3441=CARTESIAN_POINT('',(0.00545746536419324,-0.0042,-0.00885));
#3442=CARTESIAN_POINT('',(0.00775,-0.0042,-0.00885));
#3443=CARTESIAN_POINT('',(0.00775,-0.0042,-0.0170919051648072));
#3444=CARTESIAN_POINT('',(0.00775,-0.0042,-0.00835));
#3445=CARTESIAN_POINT('',(0.00545746536419326,-0.0042,-0.00835));
#3446=CARTESIAN_POINT('',(0.00625,-0.0042,-0.00835));
#3447=CARTESIAN_POINT('',(0.00625,-0.0042,-0.0170919051648072));
#3448=CARTESIAN_POINT('',(0.00625,-0.0042,-0.01035));
#3449=CARTESIAN_POINT('',(0.00545746536419325,-0.0042,-0.01035));
#3450=CARTESIAN_POINT('',(0.00775,-0.0042,-0.01035));
#3451=CARTESIAN_POINT('',(0.00775,-0.0042,-0.0170919051648072));
#3452=CARTESIAN_POINT('',(0.00775,-0.0042,-0.00985));
#3453=CARTESIAN_POINT('',(0.00545746536419325,-0.0042,-0.00985));
#3454=CARTESIAN_POINT('',(-0.00625,-0.0042,-0.01035));
#3455=CARTESIAN_POINT('',(-0.00625,-0.0039,-0.01035));
#3456=CARTESIAN_POINT('',(0.00625,-0.0039,-0.01035));
#3457=CARTESIAN_POINT('',(0.00775,-0.0039,-0.01035));
#3458=CARTESIAN_POINT('',(0.00775,-0.0042,-0.01035));
#3459=CARTESIAN_POINT('',(0.00625,-0.0042,-0.01035));
#3460=CARTESIAN_POINT('',(0.00625,-0.0042,-0.00835));
#3461=CARTESIAN_POINT('',(0.00625,-0.0039,-0.00835));
#3462=CARTESIAN_POINT('',(0.00625,-0.0039,-0.00835));
#3463=CARTESIAN_POINT('',(0.00625,-0.0042,-0.00835));
#3464=CARTESIAN_POINT('',(-0.00775,-0.0042,-0.00835));
#3465=CARTESIAN_POINT('',(-0.00775,-0.0039,-0.00835));
#3466=CARTESIAN_POINT('',(0.00775,-0.0039,-0.00835));
#3467=CARTESIAN_POINT('',(0.00775,-0.0042,-0.00835));
#3468=CARTESIAN_POINT('',(0.00545746536419326,-0.0042,-0.0170919051648072));
#3469=CARTESIAN_POINT('',(-0.0065,-0.0042,-0.0170919051648072));
#3470=CARTESIAN_POINT('',(-0.0065,-0.0042,-0.0086));
#3471=CARTESIAN_POINT('',(-0.0065,-0.0042,-0.0101));
#3472=CARTESIAN_POINT('',(0.00545746536419329,-0.0042,-0.0101));
#3473=CARTESIAN_POINT('',(-0.007,-0.0042,-0.0101));
#3474=CARTESIAN_POINT('',(-0.007,-0.0042,-0.0170919051648072));
#3475=CARTESIAN_POINT('',(-0.007,-0.0042,-0.00985));
#3476=CARTESIAN_POINT('',(0.00545746536419325,-0.0042,-0.00985));
#3477=CARTESIAN_POINT('',(-0.00775,-0.0042,-0.00985));
#3478=CARTESIAN_POINT('',(-0.00775,-0.0042,-0.0170919051648072));
#3479=CARTESIAN_POINT('',(-0.00775,-0.0042,-0.01035));
#3480=CARTESIAN_POINT('',(0.00545746536419325,-0.0042,-0.01035));
#3481=CARTESIAN_POINT('',(-0.00625,-0.0042,-0.01035));
#3482=CARTESIAN_POINT('',(-0.00625,-0.0042,-0.0170919051648072));
#3483=CARTESIAN_POINT('',(-0.00625,-0.0042,-0.00835));
#3484=CARTESIAN_POINT('',(0.00545746536419326,-0.0042,-0.00835));
#3485=CARTESIAN_POINT('',(-0.00775,-0.0042,-0.00835));
#3486=CARTESIAN_POINT('',(-0.00775,-0.0042,-0.0170919051648072));
#3487=CARTESIAN_POINT('',(-0.00775,-0.0042,-0.00885));
#3488=CARTESIAN_POINT('',(0.00545746536419324,-0.0042,-0.00885));
#3489=CARTESIAN_POINT('',(-0.007,-0.0042,-0.00885));
#3490=CARTESIAN_POINT('',(-0.007,-0.0042,-0.0170919051648072));
#3491=CARTESIAN_POINT('',(-0.007,-0.0042,-0.0086));
#3492=CARTESIAN_POINT('',(0.00545746536419323,-0.0042,-0.0086));
#3493=CARTESIAN_POINT('',(-0.00775,-0.0042,-0.00835));
#3494=CARTESIAN_POINT('',(-0.00775,-0.0039,-0.00835));
#3495=CARTESIAN_POINT('',(-0.00625,-0.0039,-0.00835));
#3496=CARTESIAN_POINT('',(-0.00775,-0.0039,-0.00835));
#3497=CARTESIAN_POINT('',(-0.00775,-0.0042,-0.00835));
#3498=CARTESIAN_POINT('',(-0.00625,-0.0042,-0.00835));
#3499=CARTESIAN_POINT('',(-0.00625,-0.0042,-0.00835));
#3500=CARTESIAN_POINT('',(-0.00625,-0.0039,-0.00835));
#3501=CARTESIAN_POINT('',(-0.00625,-0.0039,-0.01035));
#3502=CARTESIAN_POINT('',(-0.00625,-0.0042,-0.01035));
#3503=CARTESIAN_POINT('',(-0.00625,-0.0042,-0.01035));
#3504=CARTESIAN_POINT('',(-0.00625,-0.0039,-0.01035));
#3505=CARTESIAN_POINT('',(-0.00775,-0.0039,-0.01035));
#3506=CARTESIAN_POINT('',(-0.00775,-0.0042,-0.01035));
#3507=CARTESIAN_POINT('',(0.00545746536419326,-0.0042,-0.0170919051648072));
#3508=CARTESIAN_POINT('',(0.00494999999999647,-0.0042,-0.0172));
#3509=CARTESIAN_POINT('',(0.00530997242169815,-0.0042,-0.0172000000000021));
#3510=CARTESIAN_POINT('',(0.00564479375673154,-0.0042,-0.0170304202457586));
#3511=CARTESIAN_POINT('',(0.00591935274715683,-0.0042,-0.0168000000893803));
#3512=CARTESIAN_POINT('',(0.00495,-0.0042,-0.0172));
#3513=CARTESIAN_POINT('',(0.0059193528536635,-0.0042,-0.0167999999999959));
#3514=CARTESIAN_POINT('',(-0.00591935285365865,-0.0042,-0.0168));
#3515=CARTESIAN_POINT('',(-0.00591935285365792,-0.0042,-0.0168000000000004));
#3516=CARTESIAN_POINT('',(-0.00591935274715127,-0.0042,-0.0168000000893849));
#3517=CARTESIAN_POINT('',(-0.00564481032956746,-0.0042,-0.0170304063103449));
#3518=CARTESIAN_POINT('',(-0.00531007896642202,-0.0042,-0.0172000000000011));
#3519=CARTESIAN_POINT('',(-0.00494999999999647,-0.0042,-0.0172));
#3520=CARTESIAN_POINT('',(-0.00495,-0.0042,-0.0172));
#3521=CARTESIAN_POINT('',(-0.00495,-0.0042,-0.0172));
#3522=CARTESIAN_POINT('',(-0.00494999999999294,-0.0039,-0.0172));
#3523=CARTESIAN_POINT('',(-0.00494999999999294,-0.0042,-0.0172));
#3524=CARTESIAN_POINT('',(-0.00530282454687391,-0.0039,-0.0172000000000021));
#3525=CARTESIAN_POINT('',(-0.00530282454687391,-0.0042,-0.0172000000000021));
#3526=CARTESIAN_POINT('',(-0.00562732516116198,-0.0039,-0.017045080514829));
#3527=CARTESIAN_POINT('',(-0.00562732516116198,-0.0042,-0.017045080514829));
#3528=CARTESIAN_POINT('',(-0.00591935264064474,-0.0039,-0.0168000001787692));
#3529=CARTESIAN_POINT('',(-0.00591935264064474,-0.0042,-0.0168000001787692));
#3530=CARTESIAN_POINT('',(-0.00591935285365792,-0.0039,-0.0168000000000006));
#3531=CARTESIAN_POINT('',(-0.00587524724951549,-0.0039,-0.0168370150741492));
#3532=CARTESIAN_POINT('',(-0.00557829121386102,-0.0039,-0.0170684783044184));
#3533=CARTESIAN_POINT('',(-0.00524953670007178,-0.0039,-0.0172));
#3534=CARTESIAN_POINT('',(-0.00495,-0.0039,-0.0172));
#3535=CARTESIAN_POINT('',(-0.00591935285365792,-0.0039,-0.0168000000000002));
#3536=CARTESIAN_POINT('',(-0.00495,-0.0039,-0.0172));
#3537=CARTESIAN_POINT('',(-0.00495,-0.0042,-0.0172));
#3538=CARTESIAN_POINT('',(-0.00591935285365792,-0.0042,-0.0168000000000006));
#3539=CARTESIAN_POINT('',(0.00592460574917195,-0.0039,-0.0167955789911018));
#3540=CARTESIAN_POINT('',(0.00592460574917195,-0.0042,-0.0167955789911018));
#3541=CARTESIAN_POINT('',(0.00563121478814441,-0.0039,-0.0170432038510241));
#3542=CARTESIAN_POINT('',(0.00563121478814441,-0.0042,-0.0170432038510241));
#3543=CARTESIAN_POINT('',(0.00530494153730817,-0.0039,-0.0172000000000021));
#3544=CARTESIAN_POINT('',(0.00530494153730817,-0.0042,-0.0172000000000021));
#3545=CARTESIAN_POINT('',(0.00494999999999293,-0.0039,-0.0172));
#3546=CARTESIAN_POINT('',(0.00494999999999293,-0.0042,-0.0172));
#3547=CARTESIAN_POINT('',(0.00495,-0.0039,-0.0172));
#3548=CARTESIAN_POINT('',(0.00524953670007178,-0.0039,-0.0172));
#3549=CARTESIAN_POINT('',(0.005578291213865,-0.0039,-0.0170684783044168));
#3550=CARTESIAN_POINT('',(0.00587524724952267,-0.0039,-0.0168370150741436));
#3551=CARTESIAN_POINT('',(0.00591935285365848,-0.0039,-0.0168));
#3552=CARTESIAN_POINT('',(0.00495,-0.0039,-0.0172));
#3553=CARTESIAN_POINT('',(0.00591935285365849,-0.0039,-0.0168));
#3554=CARTESIAN_POINT('',(0.00591935285365849,-0.0042,-0.0168));
#3555=CARTESIAN_POINT('',(0.00495,-0.0042,-0.0172));
#3556=CARTESIAN_POINT('',(0.0036,-0.0036,-0.01535));
#3557=CARTESIAN_POINT('',(-0.0036,-0.0036,-0.01535));
#3558=CARTESIAN_POINT('',(-0.00215,-0.0036,-0.01535));
#3559=CARTESIAN_POINT('',(-0.00505,-0.0036,-0.01535));
#3560=CARTESIAN_POINT('',(-0.00505,-0.0036,-0.01535));
#3561=CARTESIAN_POINT('',(-0.00505,-0.0036,-0.0168));
#3562=CARTESIAN_POINT('',(0.0036,-0.0036,-0.0168));
#3563=CARTESIAN_POINT('',(-0.00215,-0.0036,-0.0168));
#3564=CARTESIAN_POINT('',(-0.00215,-0.0036,-0.01535));
#3565=CARTESIAN_POINT('',(-0.00505,-0.0036,-0.01535));
#3566=CARTESIAN_POINT('',(-0.00505,-0.0039,-0.01535));
#3567=CARTESIAN_POINT('',(-0.00505,-0.0039,-0.01535));
#3568=CARTESIAN_POINT('',(-0.00505,-0.0039,-0.0168));
#3569=CARTESIAN_POINT('',(-0.00505,-0.0036,-0.0168));
#3570=CARTESIAN_POINT('',(-0.00505,-0.0036,-0.01535));
#3571=CARTESIAN_POINT('',(-0.00505,-0.0036,-0.0168));
#3572=CARTESIAN_POINT('',(-0.00591935285365865,-0.0039,-0.0168));
#3573=CARTESIAN_POINT('',(-0.00591935285365865,-0.0039,-0.0168));
#3574=CARTESIAN_POINT('',(0.00505,-0.0039,-0.0168));
#3575=CARTESIAN_POINT('',(0.00505,-0.0036,-0.0168));
#3576=CARTESIAN_POINT('',(0.00505,-0.0036,-0.0168));
#3577=CARTESIAN_POINT('',(0.00505,-0.0036,-0.0168));
#3578=CARTESIAN_POINT('',(0.00215,-0.0036,-0.0168));
#3579=CARTESIAN_POINT('',(0.00215,-0.0036,-0.0168));
#3580=CARTESIAN_POINT('',(0.00215,-0.0039,-0.0168));
#3581=CARTESIAN_POINT('',(-0.00591935285365865,-0.0039,-0.0168));
#3582=CARTESIAN_POINT('',(-0.00215,-0.0039,-0.0168));
#3583=CARTESIAN_POINT('',(-0.00215,-0.0036,-0.0168));
#3584=CARTESIAN_POINT('',(-0.00215,-0.0036,-0.01535));
#3585=CARTESIAN_POINT('',(-0.00215,-0.0039,-0.01535));
#3586=CARTESIAN_POINT('',(-0.00215,-0.0039,-0.01535));
#3587=CARTESIAN_POINT('',(-0.00215,-0.0036,-0.01535));
#3588=CARTESIAN_POINT('',(-0.0036,-0.0036,-0.01535));
#3589=CARTESIAN_POINT('',(-0.0036,-0.0039,-0.01535));
#3590=CARTESIAN_POINT('',(0.0036,-0.0036,-0.01535));
#3591=CARTESIAN_POINT('',(0.0036,-0.0036,-0.01535));
#3592=CARTESIAN_POINT('',(0.00505,-0.0036,-0.01535));
#3593=CARTESIAN_POINT('',(0.00215,-0.0036,-0.01535));
#3594=CARTESIAN_POINT('',(0.00215,-0.0036,-0.01535));
#3595=CARTESIAN_POINT('',(0.00505,-0.0036,-0.01535));
#3596=CARTESIAN_POINT('',(0.00215,-0.0036,-0.01535));
#3597=CARTESIAN_POINT('',(0.00215,-0.0039,-0.01535));
#3598=CARTESIAN_POINT('',(0.00215,-0.0039,-0.01535));
#3599=CARTESIAN_POINT('',(0.00215,-0.0036,-0.01535));
#3600=CARTESIAN_POINT('',(0.00505,-0.0036,-0.01535));
#3601=CARTESIAN_POINT('',(0.00505,-0.0039,-0.01535));
#3602=CARTESIAN_POINT('',(0.00505,-0.0039,-0.01535));
#3603=CARTESIAN_POINT('',(0.00505,-0.0036,-0.01535));
#3604=CARTESIAN_POINT('',(0.0036,-0.0036,-0.01535));
#3605=CARTESIAN_POINT('',(0.0036,-0.0039,-0.01535));
#3606=CARTESIAN_POINT('',(-0.007,-0.0039005,-0.00985));
#3607=CARTESIAN_POINT('',(-0.007,0.00416824583655186,-0.0156062135977565));
#3608=CARTESIAN_POINT('',(-0.007,0.00416824583655186,-0.00885));
#3609=CARTESIAN_POINT('',(-0.007,0.00416824583655186,-0.0086));
#3610=CARTESIAN_POINT('',(-0.007,-0.0039005,-0.0086));
#3611=CARTESIAN_POINT('',(-0.007,-0.0039005,-0.00885));
#3612=CARTESIAN_POINT('',(0.007,-0.0039005,-0.0086));
#3613=CARTESIAN_POINT('',(-0.00675,0.0032,-0.0086));
#3614=CARTESIAN_POINT('',(-0.00675,0.0042,-0.0086));
#3615=CARTESIAN_POINT('',(0.007,0.0042,-0.0086));
#3616=CARTESIAN_POINT('',(-0.0065,0.0042,-0.0086));
#3617=CARTESIAN_POINT('',(-0.0065,-0.0039005,-0.0086));
#3618=CARTESIAN_POINT('',(-0.0065,-0.0039005,-0.0086));
#3619=CARTESIAN_POINT('',(-0.0065,0.0042,-0.0086));
#3620=CARTESIAN_POINT('',(-0.0065,0.0042,-0.0101));
#3621=CARTESIAN_POINT('',(-0.0065,-0.0039005,-0.0101));
#3622=CARTESIAN_POINT('',(0.007,-0.0039005,-0.0101));
#3623=CARTESIAN_POINT('',(-0.00675,0.0032,-0.0101));
#3624=CARTESIAN_POINT('',(-0.00675,0.0042,-0.0101));
#3625=CARTESIAN_POINT('',(-0.007,0.00416824583655186,-0.0101));
#3626=CARTESIAN_POINT('',(-0.007,-0.0039005,-0.0101));
#3627=CARTESIAN_POINT('',(0.007,0.0042,-0.0101));
#3628=CARTESIAN_POINT('',(-0.007,-0.0039005,-0.00985));
#3629=CARTESIAN_POINT('',(-0.007,0.00416824583655186,-0.0156062135977565));
#3630=CARTESIAN_POINT('',(-0.007,0.00416824583655186,-0.00985));
#3631=CARTESIAN_POINT('',(-0.007,-0.0039005,-0.00985));
#3632=CARTESIAN_POINT('',(0.00775,-0.0039005,-0.00985));
#3633=CARTESIAN_POINT('',(-0.00675,0.0032,-0.00985));
#3634=CARTESIAN_POINT('',(-0.00775,0.0032,-0.00985));
#3635=CARTESIAN_POINT('',(-0.00775,-0.0042,-0.00985));
#3636=CARTESIAN_POINT('',(0.00775,-0.0039005,-0.00885));
#3637=CARTESIAN_POINT('',(-0.00675,0.0032,-0.00885));
#3638=CARTESIAN_POINT('',(-0.00775,0.0032,-0.00885));
#3639=CARTESIAN_POINT('',(-0.00775,-0.0039005,-0.00885));
#3640=CARTESIAN_POINT('',(0.00775,-0.0039005,-0.00885));
#3641=CARTESIAN_POINT('',(0.00675,0.0032,-0.00885));
#3642=CARTESIAN_POINT('',(0.007,0.00416824583655186,-0.00885));
#3643=CARTESIAN_POINT('',(0.00775,0.0032,-0.00885));
#3644=CARTESIAN_POINT('',(0.00775,-0.0039005,-0.00885));
#3645=CARTESIAN_POINT('',(0.007,-0.0039005,-0.00885));
#3646=CARTESIAN_POINT('',(0.00775,-0.0039005,-0.00985));
#3647=CARTESIAN_POINT('',(0.00675,0.0032,-0.00985));
#3648=CARTESIAN_POINT('',(0.00775,0.0032,-0.00985));
#3649=CARTESIAN_POINT('',(0.007,0.00416824583655186,-0.00985));
#3650=CARTESIAN_POINT('',(0.007,-0.0039005,-0.00985));
#3651=CARTESIAN_POINT('',(0.00775,-0.0039005,-0.00985));
#3652=CARTESIAN_POINT('',(0.007,-0.0039005,-0.00885));
#3653=CARTESIAN_POINT('',(0.007,0.00416824583655186,-0.0156062135977565));
#3654=CARTESIAN_POINT('',(0.007,0.00416824583655186,-0.0101));
#3655=CARTESIAN_POINT('',(0.007,-0.0039005,-0.0101));
#3656=CARTESIAN_POINT('',(0.007,-0.0039005,-0.0101));
#3657=CARTESIAN_POINT('',(0.00675,0.0032,-0.0101));
#3658=CARTESIAN_POINT('',(0.00675,0.0042,-0.0101));
#3659=CARTESIAN_POINT('',(0.007,0.0042,-0.0101));
#3660=CARTESIAN_POINT('',(0.0065,0.0042,-0.0101));
#3661=CARTESIAN_POINT('',(0.0065,-0.0039005,-0.0101));
#3662=CARTESIAN_POINT('',(0.0065,-0.0039005,-0.0086));
#3663=CARTESIAN_POINT('',(0.0065,0.0042,-0.0086));
#3664=CARTESIAN_POINT('',(0.0065,0.0042,-0.0086));
#3665=CARTESIAN_POINT('',(0.0065,-0.0039005,-0.0086));
#3666=CARTESIAN_POINT('',(0.007,-0.0039005,-0.0086));
#3667=CARTESIAN_POINT('',(0.00675,0.0032,-0.0086));
#3668=CARTESIAN_POINT('',(0.00675,0.0042,-0.0086));
#3669=CARTESIAN_POINT('',(0.007,0.00416824583655186,-0.0086));
#3670=CARTESIAN_POINT('',(0.007,-0.0039005,-0.0086));
#3671=CARTESIAN_POINT('',(0.007,0.0042,-0.0086));
#3672=CARTESIAN_POINT('',(0.007,-0.0039005,-0.00885));
#3673=CARTESIAN_POINT('',(0.007,0.00416824583655186,-0.0156062135977565));
#3674=CARTESIAN_POINT('',(-0.00683896076284076,0.0042,-0.0156062135977565));
#3675=CARTESIAN_POINT('',(0.00675,0.0042,-0.0131));
#3676=CARTESIAN_POINT('',(-0.00675,0.0042,-0.0131));
#3677=CARTESIAN_POINT('',(0.00675,0.0042,-0.0131));
#3678=CARTESIAN_POINT('',(0.00675,0.0042,-0.0156062135977565));
#3679=CARTESIAN_POINT('',(0.00675,0.0042,-0.0137));
#3680=CARTESIAN_POINT('',(0.00775,0.0042,-0.0137));
#3681=CARTESIAN_POINT('',(-0.00675,0.0042,-0.0137000000000001));
#3682=CARTESIAN_POINT('',(-0.00675,0.0042,-0.0156062135977565));
#3683=CARTESIAN_POINT('',(0.00775,-0.0042,-0.0077));
#3684=CARTESIAN_POINT('',(0.00775,-0.0039,-0.0131));
#3685=CARTESIAN_POINT('',(0.00775,0.0032,-0.0131));
#3686=CARTESIAN_POINT('',(0.00775,-0.0039,-0.0131));
#3687=CARTESIAN_POINT('',(0.00775,-0.0039,-0.0137));
#3688=CARTESIAN_POINT('',(0.00775,-0.0039,-0.0137));
#3689=CARTESIAN_POINT('',(0.00775,-0.0042,-0.0137));
#3690=CARTESIAN_POINT('',(0.00775,0.0032,-0.0137));
#3691=CARTESIAN_POINT('',(0.00775,0.0032,-0.0077));
#3692=CARTESIAN_POINT('',(-0.00775,-0.0042,-0.0077));
#3693=CARTESIAN_POINT('',(-0.00775,0.0032,-0.0131));
#3694=CARTESIAN_POINT('',(-0.00775,-0.0039,-0.0131));
#3695=CARTESIAN_POINT('',(-0.00775,0.0032,-0.0131));
#3696=CARTESIAN_POINT('',(-0.00775,0.0032,-0.0077));
#3697=CARTESIAN_POINT('',(-0.00775,0.0032,-0.0137));
#3698=CARTESIAN_POINT('',(-0.00775,-0.0042,-0.0137));
#3699=CARTESIAN_POINT('',(-0.00775,-0.0039,-0.0137));
#3700=CARTESIAN_POINT('',(-0.00775,-0.0039,-0.0077));
#3701=CARTESIAN_POINT('',(-0.00675,0.0032,-0.0156062135977565));
#3702=CARTESIAN_POINT('',(-0.00675,0.0032,-0.0131));
#3703=CARTESIAN_POINT('',(-0.00675,0.0032,-0.0137));
#3704=CARTESIAN_POINT('',(0.00675,0.0032,-0.0156062135977565));
#3705=CARTESIAN_POINT('',(0.00675,0.0032,-0.0131));
#3706=CARTESIAN_POINT('',(0.00675,0.0032,-0.0137));
#3707=CARTESIAN_POINT('',(-0.00775,0.0042,-0.0137));
#3708=CARTESIAN_POINT('',(-0.00775,-0.0039,-0.0137));
#3709=CARTESIAN_POINT('',(-0.00755,-0.0039,-0.0137));
#3710=CARTESIAN_POINT('',(0.00755,-0.0039,-0.0137));
#3711=CARTESIAN_POINT('',(0.00755,-0.0039,-0.0137));
#3712=CARTESIAN_POINT('',(0.00755,-0.0042,-0.0137));
#3713=CARTESIAN_POINT('',(0.00755000001682411,0.00300029282903443,-0.0136999999979717));
#3714=CARTESIAN_POINT('',(0.00755001776557667,0.0030002939077651,-0.0136999999999997));
#3715=CARTESIAN_POINT('',(0.00753410187266557,0.00326216395734625,-0.0136999999999997));
#3716=CARTESIAN_POINT('',(0.00733328974753223,0.00378998800065317,-0.0136999999999999));
#3717=CARTESIAN_POINT('',(0.00680471297619756,0.00398404336770116,-0.0137000000000003));
#3718=CARTESIAN_POINT('',(0.00653939443563627,0.00399999948353494,-0.0137000000000003));
#3719=CARTESIAN_POINT('',(0.00653939445116689,0.00399999974176738,-0.0136999999987957));
#3720=CARTESIAN_POINT('',(0.00755,0.004,-0.0137));
#3721=CARTESIAN_POINT('',(-0.00653939447444493,0.00399999999999986,-0.0136999999980566));
#3722=CARTESIAN_POINT('',(-0.00755001774881285,0.00300029418358653,-0.0136999999999994));
#3723=CARTESIAN_POINT('',(-0.00753410185819559,0.00326216419337667,-0.0136999999999994));
#3724=CARTESIAN_POINT('',(-0.00733328956950263,0.00378998808524693,-0.0137));
#3725=CARTESIAN_POINT('',(-0.00680471293401844,0.00398404337022812,-0.0137000000000003));
#3726=CARTESIAN_POINT('',(-0.00653939444335642,0.00399999948307066,-0.0137000000000003));
#3727=CARTESIAN_POINT('',(-0.00755,0.00300029310485216,-0.0137));
#3728=CARTESIAN_POINT('',(-0.00755,-0.0042,-0.0137));
#3729=CARTESIAN_POINT('',(-0.00495000001696176,-0.0039,-0.0172));
#3730=CARTESIAN_POINT('',(-0.00495000001696176,0.00304288237565646,-0.0172));
#3731=CARTESIAN_POINT('',(-0.00652406567344623,-0.0039,-0.017199999977849));
#3732=CARTESIAN_POINT('',(-0.00652406567344623,0.00304288237565646,-0.017199999977849));
#3733=CARTESIAN_POINT('',(-0.0075500000039783,-0.0039,-0.0141165695806086));
#3734=CARTESIAN_POINT('',(-0.0075500000039783,0.00304288237565646,-0.0141165695806086));
#3735=CARTESIAN_POINT('',(-0.00755,-0.0039,-0.0136999999975859));
#3736=CARTESIAN_POINT('',(-0.00755,0.00304288237565646,-0.0136999999975859));
#3737=CARTESIAN_POINT('',(-0.00755,-0.0039,-0.013699999998793));
#3738=CARTESIAN_POINT('',(-0.00755000000144943,-0.0039,-0.013851769136574));
#3739=CARTESIAN_POINT('',(-0.00745607099376934,-0.0039,-0.0141371018813733));
#3740=CARTESIAN_POINT('',(-0.00727569202486166,-0.0039,-0.0147016717385785));
#3741=CARTESIAN_POINT('',(-0.00685483911413601,-0.0039,-0.015646586083074));
#3742=CARTESIAN_POINT('',(-0.00637998979394336,-0.0039,-0.0164134162377584));
#3743=CARTESIAN_POINT('',(-0.00591935284750287,-0.0039,-0.0168000000051662));
#3744=CARTESIAN_POINT('',(-0.00495000000848152,0.00300000000000182,-0.0172));
#3745=CARTESIAN_POINT('',(-0.00499825551604555,0.00298310592794322,-0.0171999999993209));
#3746=CARTESIAN_POINT('',(-0.00509668141163601,0.00300327634414091,-0.0171940380172122));
#3747=CARTESIAN_POINT('',(-0.00528828927237976,0.0029805569147423,-0.0171588276291605));
#3748=CARTESIAN_POINT('',(-0.00560702374284394,0.00299356853696469,-0.0170417374933147));
#3749=CARTESIAN_POINT('',(-0.0060026660411808,0.00300231024663158,-0.0167551780987025));
#3750=CARTESIAN_POINT('',(-0.0063896208304429,0.00300267649859539,-0.0163213616789899));
#3751=CARTESIAN_POINT('',(-0.0068190848189414,0.00299266588592294,-0.0156851994330099));
#3752=CARTESIAN_POINT('',(-0.00715739798396541,0.00300166980336334,-0.0149887748267903));
#3753=CARTESIAN_POINT('',(-0.00739457472631475,0.00299712213953273,-0.0143558077948178));
#3754=CARTESIAN_POINT('',(-0.00749928856015692,0.00300658963737793,-0.0139851138726135));
#3755=CARTESIAN_POINT('',(-0.0075499827082449,0.00298530532203324,-0.0137994077144868));
#3756=CARTESIAN_POINT('',(-0.00754999999617055,0.00300057941660898,-0.0137000440101607));
#3757=CARTESIAN_POINT('',(-0.00495,0.003,-0.0172000000000002));
#3758=CARTESIAN_POINT('',(-0.00495,-0.0042,-0.0172));
#3759=CARTESIAN_POINT('',(0.00495,-0.0042,-0.0172));
#3760=CARTESIAN_POINT('',(0.00495,-0.0042,-0.0172));
#3761=CARTESIAN_POINT('',(0.00495,0.003,-0.0172000000000002));
#3762=CARTESIAN_POINT('',(-0.00495,0.003,-0.0172000000000002));
#3763=CARTESIAN_POINT('',(0.00495,-0.0039,-0.0172));
#3764=CARTESIAN_POINT('',(0.00495,0.00304955823668127,-0.0172));
#3765=CARTESIAN_POINT('',(0.00652406566619227,-0.0039,-0.0171999999999999));
#3766=CARTESIAN_POINT('',(0.00652406566619227,0.00304955823668127,-0.0171999999999999));
#3767=CARTESIAN_POINT('',(0.0075500000039783,-0.0039,-0.0141165695821048));
#3768=CARTESIAN_POINT('',(0.0075500000039783,0.00304955823668127,-0.0141165695821048));
#3769=CARTESIAN_POINT('',(0.00755,-0.0039,-0.0136999999975859));
#3770=CARTESIAN_POINT('',(0.00755,0.00304955823668127,-0.0136999999975859));
#3771=CARTESIAN_POINT('',(0.00591935284750327,-0.0039,-0.0168000000051658));
#3772=CARTESIAN_POINT('',(0.00637845402370045,-0.0039,-0.0164147051162276));
#3773=CARTESIAN_POINT('',(0.00685371556074654,-0.0039,-0.0156490102002057));
#3774=CARTESIAN_POINT('',(0.00727636149450546,-0.0039,-0.0147005993339544));
#3775=CARTESIAN_POINT('',(0.00745636168216519,-0.0039,-0.0141350345076221));
#3776=CARTESIAN_POINT('',(0.00755000000073472,-0.0039,-0.0138538743592975));
#3777=CARTESIAN_POINT('',(0.00755,-0.0039,-0.013699999998793));
#3778=CARTESIAN_POINT('',(0.00754999999616374,0.00300057941038532,-0.0137000440492795));
#3779=CARTESIAN_POINT('',(0.00754998300438723,0.00298557992087586,-0.0137976219711986));
#3780=CARTESIAN_POINT('',(0.00749933121065427,0.00300646534798775,-0.013985757784327));
#3781=CARTESIAN_POINT('',(0.00739447245972636,0.00299719273983493,-0.0143557241486737));
#3782=CARTESIAN_POINT('',(0.00715703873466313,0.00300162611790413,-0.0149896947748648));
#3783=CARTESIAN_POINT('',(0.00682174734358365,0.00299262548207339,-0.0156799481171572));
#3784=CARTESIAN_POINT('',(0.00639245537341911,0.00300275932123926,-0.0163181339158042));
#3785=CARTESIAN_POINT('',(0.00600265981855539,0.00300219063015067,-0.0167547892986975));
#3786=CARTESIAN_POINT('',(0.00561114729640076,0.0029937036288199,-0.0170398174315463));
#3787=CARTESIAN_POINT('',(0.00528852483546637,0.00298067418451851,-0.0171587149350515));
#3788=CARTESIAN_POINT('',(0.00509818916229331,0.00300302300555728,-0.0171939058216511));
#3789=CARTESIAN_POINT('',(0.00499753786167717,0.00298335716731414,-0.0171999999996842));
#3790=CARTESIAN_POINT('',(0.0049500000080072,0.00299999999720079,-0.0172));
#3791=CARTESIAN_POINT('',(0.00495,0.00297420110510379,-0.0172015800632074));
#3792=CARTESIAN_POINT('',(0.00497681120989308,0.00297420110510383,-0.0172010057509054));
#3793=CARTESIAN_POINT('',(0.00503043362967925,0.00297420110510393,-0.0171998571263014));
#3794=CARTESIAN_POINT('',(0.00512405100025365,0.00297420110510402,-0.0171899386888396));
#3795=CARTESIAN_POINT('',(0.00527014691272322,0.00297420110510407,-0.0171626633876889));
#3796=CARTESIAN_POINT('',(0.00544315986674777,0.00297420110510399,-0.0171037359092605));
#3797=CARTESIAN_POINT('',(0.00562035919467825,0.00297420110510386,-0.0170160125755573));
#3798=CARTESIAN_POINT('',(0.00582775177092239,0.00297420110510376,-0.016882900701155));
#3799=CARTESIAN_POINT('',(0.00604866489403473,0.0029742011051037,-0.0166950760306734));
#3800=CARTESIAN_POINT('',(0.00635343828156851,0.00297420110510362,-0.0163673277739199));
#3801=CARTESIAN_POINT('',(0.00666917754005526,0.00297420110510402,-0.01592116383181));
#3802=CARTESIAN_POINT('',(0.0069852644598041,0.00297420110510374,-0.0153506458789559));
#3803=CARTESIAN_POINT('',(0.00720754225378121,0.00297420110510382,-0.0148522132840896));
#3804=CARTESIAN_POINT('',(0.0073625103998021,0.00297420110510383,-0.0144406860034001));
#3805=CARTESIAN_POINT('',(0.0074485105829385,0.00297420110510376,-0.0141774108284031));
#3806=CARTESIAN_POINT('',(0.00749675253792762,0.00297420110510375,-0.014001999100216));
#3807=CARTESIAN_POINT('',(0.00751662920388528,0.00297420110510379,-0.0139197040861856));
#3808=CARTESIAN_POINT('',(0.0075291125968108,0.00297420110510382,-0.0138644101799669));
#3809=CARTESIAN_POINT('',(0.00754273117914657,0.00297420110510378,-0.0137941854494002));
#3810=CARTESIAN_POINT('',(0.00755235630558423,0.00297420110510379,-0.0137256098873371));
#3811=CARTESIAN_POINT('',(0.00755155109596254,0.00297420110510379,-0.0136823389891192));
#3812=CARTESIAN_POINT('',(0.00755105889989549,0.00297420110510379,-0.0136703803027292));
#3813=CARTESIAN_POINT('',(0.00495,0.00298280073673586,-0.0172010533754717));
#3814=CARTESIAN_POINT('',(0.00497680872711777,0.0029828007367359,-0.0172004789270358));
#3815=CARTESIAN_POINT('',(0.00503042618135333,0.002982800736736,-0.017199330030164));
#3816=CARTESIAN_POINT('',(0.00512403030449344,0.00298280073673609,-0.0171894098324416));
#3817=CARTESIAN_POINT('',(0.00527010119761344,0.00298280073673614,-0.0171621312681134));
#3818=CARTESIAN_POINT('',(0.00544307795810857,0.00298280073673606,-0.0171032005549173));
#3819=CARTESIAN_POINT('',(0.00562023720409261,0.00298280073673593,-0.0170154766620507));
#3820=CARTESIAN_POINT('',(0.00582758124949341,0.00298280073673583,-0.0168823681646066));
#3821=CARTESIAN_POINT('',(0.00604844436567043,0.00298280073673577,-0.0166945555080947));
#3822=CARTESIAN_POINT('',(0.00635315225940153,0.00298280073673569,-0.0163668369219919));
#3823=CARTESIAN_POINT('',(0.00666882797749319,0.00298280073673609,-0.0159207234254022));
#3824=CARTESIAN_POINT('',(0.00698485644654248,0.00298280073673581,-0.0153502789608971));
#3825=CARTESIAN_POINT('',(0.00720709463351096,0.00298280073673588,-0.0148519146537658));
#3826=CARTESIAN_POINT('',(0.00736203602935889,0.0029828007367359,-0.0144404458516655));
#3827=CARTESIAN_POINT('',(0.00744802128543378,0.00298280073673583,-0.0141772087424514));
#3828=CARTESIAN_POINT('',(0.00749625419374703,0.00298280073673581,-0.0140018224879539));
#3829=CARTESIAN_POINT('',(0.0075161274991687,0.00298280073673586,-0.0139195397268636));
#3830=CARTESIAN_POINT('',(0.00752860325760352,0.00298280073673589,-0.0138642514215041));
#3831=CARTESIAN_POINT('',(0.00754222845884535,0.00298280073673585,-0.0137940417720595));
#3832=CARTESIAN_POINT('',(0.00755183934457274,0.00298280073673586,-0.0137254700512408));
#3833=CARTESIAN_POINT('',(0.00755102647717907,0.00298280073673586,-0.0136822018712869));
#3834=CARTESIAN_POINT('',(0.00755053235400137,0.00298280073673586,-0.0136702440246624));
#3835=CARTESIAN_POINT('',(0.00495,0.00299140036836793,-0.017200526687736));
#3836=CARTESIAN_POINT('',(0.00497680624434247,0.00299140036836798,-0.0171999521031661));
#3837=CARTESIAN_POINT('',(0.0050304187330274,0.00299140036836807,-0.0171988029340265));
#3838=CARTESIAN_POINT('',(0.00512400960873324,0.00299140036836816,-0.0171888809760436));
#3839=CARTESIAN_POINT('',(0.00527005548250364,0.00299140036836822,-0.0171615991485381));
#3840=CARTESIAN_POINT('',(0.00544299604946937,0.00299140036836813,-0.0171026652005741));
#3841=CARTESIAN_POINT('',(0.00562011521350695,0.00299140036836801,-0.0170149407485442));
#3842=CARTESIAN_POINT('',(0.00582741072806444,0.0029914003683679,-0.0168818356280582));
#3843=CARTESIAN_POINT('',(0.00604822383730613,0.00299140036836784,-0.0166940349855161));
#3844=CARTESIAN_POINT('',(0.00635286623723454,0.00299140036836777,-0.016366346070064));
#3845=CARTESIAN_POINT('',(0.00666847841493112,0.00299140036836816,-0.0159202830189943));
#3846=CARTESIAN_POINT('',(0.00698444843328085,0.00299140036836788,-0.0153499120428383));
#3847=CARTESIAN_POINT('',(0.00720664701324071,0.00299140036836796,-0.014851616023442));
#3848=CARTESIAN_POINT('',(0.00736156165891568,0.00299140036836798,-0.014440205699931));
#3849=CARTESIAN_POINT('',(0.00744753198792906,0.00299140036836791,-0.0141770066564997));
#3850=CARTESIAN_POINT('',(0.00749575584956645,0.00299140036836789,-0.0140016458756918));
#3851=CARTESIAN_POINT('',(0.0075156257944521,0.00299140036836793,-0.0139193753675416));
#3852=CARTESIAN_POINT('',(0.00752809391839624,0.00299140036836796,-0.0138640926630413));
#3853=CARTESIAN_POINT('',(0.00754172573854412,0.00299140036836792,-0.0137938980947187));
#3854=CARTESIAN_POINT('',(0.00755132238356124,0.00299140036836793,-0.0137253302151446));
#3855=CARTESIAN_POINT('',(0.00755050185839561,0.00299140036836793,-0.0136820647534546));
#3856=CARTESIAN_POINT('',(0.00755000580810725,0.00299140036836793,-0.0136701077465957));
#3857=CARTESIAN_POINT('',(0.00495,0.003,-0.0172000000000002));
#3858=CARTESIAN_POINT('',(0.00497680376156716,0.00300000000000005,-0.0171994252792965));
#3859=CARTESIAN_POINT('',(0.00503041128470148,0.00300000000000014,-0.017198275837889));
#3860=CARTESIAN_POINT('',(0.00512398891297304,0.00300000000000023,-0.0171883521196456));
#3861=CARTESIAN_POINT('',(0.00527000976739385,0.00300000000000028,-0.0171610670289627));
#3862=CARTESIAN_POINT('',(0.00544291414083017,0.00300000000000021,-0.0171021298462309));
#3863=CARTESIAN_POINT('',(0.0056199932229213,0.00300000000000008,-0.0170144048350376));
#3864=CARTESIAN_POINT('',(0.00582724020663546,0.003,-0.0168813030915097));
#3865=CARTESIAN_POINT('',(0.00604800330894183,0.00299999999999991,-0.0166935144629374));
#3866=CARTESIAN_POINT('',(0.00635258021506756,0.00299999999999984,-0.016365855218136));
#3867=CARTESIAN_POINT('',(0.00666812885236906,0.00300000000000024,-0.0159198426125865));
#3868=CARTESIAN_POINT('',(0.00698404042001923,0.00299999999999995,-0.0153495451247794));
#3869=CARTESIAN_POINT('',(0.00720619939297047,0.003,-0.0148513173931183));
#3870=CARTESIAN_POINT('',(0.00736108728847247,0.00300000000000005,-0.0144399655481964));
#3871=CARTESIAN_POINT('',(0.00744704269042434,0.003,-0.0141768045705481));
#3872=CARTESIAN_POINT('',(0.00749525750538586,0.00299999999999996,-0.0140014692634297));
#3873=CARTESIAN_POINT('',(0.00751512408973552,0.003,-0.0139192110082196));
#3874=CARTESIAN_POINT('',(0.00752758457918895,0.00300000000000004,-0.0138639339045785));
#3875=CARTESIAN_POINT('',(0.00754122301824289,0.003,-0.0137937544173779));
#3876=CARTESIAN_POINT('',(0.00755080542254975,0.003,-0.0137251903790484));
#3877=CARTESIAN_POINT('',(0.00754997723961215,0.003,-0.0136819276356223));
#3878=CARTESIAN_POINT('',(0.00754947926221313,0.003,-0.0136699714685289));
#3879=CARTESIAN_POINT('',(0.00495,0.00306728233173515,-0.0171958792678025));
#3880=CARTESIAN_POINT('',(0.0049767843366756,0.00306728233173519,-0.0171953034820057));
#3881=CARTESIAN_POINT('',(0.00503035301002681,0.00306728233173529,-0.0171941519104123));
#3882=CARTESIAN_POINT('',(0.00512382699219979,0.00306728233173538,-0.0171842144201335));
#3883=CARTESIAN_POINT('',(0.00526965209868035,0.00306728233173543,-0.0171569037988007));
#3884=CARTESIAN_POINT('',(0.00544227329893477,0.00306728233173535,-0.0170979413076915));
#3885=CARTESIAN_POINT('',(0.00561903878540543,0.00306728233173522,-0.0170102119216812));
#3886=CARTESIAN_POINT('',(0.00582590607049532,0.00306728233173512,-0.0168771365990079));
#3887=CARTESIAN_POINT('',(0.00604627792543718,0.00306728233173505,-0.0166894419660783));
#3888=CARTESIAN_POINT('',(0.00635034241708435,0.00306728233173498,-0.0163620148603553));
#3889=CARTESIAN_POINT('',(0.00666539392309888,0.00306728233173538,-0.0159163969335973));
#3890=CARTESIAN_POINT('',(0.00698084818053789,0.0030672823317351,-0.0153466744084965));
#3891=CARTESIAN_POINT('',(0.00720269727371667,0.00306728233173518,-0.0148489809506554));
#3892=CARTESIAN_POINT('',(0.00735737587955509,0.00306728233173519,-0.0144380866341493));
#3893=CARTESIAN_POINT('',(0.00744321449423663,0.00306728233173512,-0.0141752234779361));
#3894=CARTESIAN_POINT('',(0.00749135852925398,0.00306728233173511,-0.0140000874734513));
#3895=CARTESIAN_POINT('',(0.00751119882123348,0.00306728233173515,-0.0139179250835543));
#3896=CARTESIAN_POINT('',(0.00752359957948473,0.00306728233173518,-0.0138626918002635));
#3897=CARTESIAN_POINT('',(0.00753728980394671,0.00306728233173514,-0.0137926303056812));
#3898=CARTESIAN_POINT('',(0.00754676079090068,0.00306728233173514,-0.0137240963207192));
#3899=CARTESIAN_POINT('',(0.00754587269461146,0.00306728233173514,-0.0136808548446151));
#3900=CARTESIAN_POINT('',(0.00754535963976445,0.00306728233173514,-0.0136689052477314));
#3901=CARTESIAN_POINT('',(0.00495,0.00320184699520543,-0.017187637803407));
#3902=CARTESIAN_POINT('',(0.00497674548689248,0.00320184699520548,-0.0171870598874242));
#3903=CARTESIAN_POINT('',(0.00503023646067745,0.00320184699520557,-0.0171859040554588));
#3904=CARTESIAN_POINT('',(0.00512350315065331,0.00320184699520566,-0.0171759390211093));
#3905=CARTESIAN_POINT('',(0.00526893676125336,0.00320184699520572,-0.0171485773384766));
#3906=CARTESIAN_POINT('',(0.00544099161514398,0.00320184699520563,-0.0170895642306126));
#3907=CARTESIAN_POINT('',(0.00561712991037369,0.0032018469952055,-0.0170018260949684));
#3908=CARTESIAN_POINT('',(0.00582323779821503,0.00320184699520541,-0.0168688036140043));
#3909=CARTESIAN_POINT('',(0.0060428271584279,0.00320184699520534,-0.0166812969723601));
#3910=CARTESIAN_POINT('',(0.00634586682111794,0.00320184699520527,-0.0163543341447938));
#3911=CARTESIAN_POINT('',(0.00665992406455854,0.00320184699520566,-0.0159095055756189));
#3912=CARTESIAN_POINT('',(0.00697446370157521,0.00320184699520539,-0.0153409329759305));
#3913=CARTESIAN_POINT('',(0.00719569303520906,0.00320184699520546,-0.0148443080657296));
#3914=CARTESIAN_POINT('',(0.00734995306172033,0.00320184699520547,-0.0144343288060552));
#3915=CARTESIAN_POINT('',(0.00743555810186121,0.00320184699520541,-0.0141720612927123));
#3916=CARTESIAN_POINT('',(0.0074835605769902,0.00320184699520539,-0.0139973238934946));
#3917=CARTESIAN_POINT('',(0.0075033482842294,0.00320184699520543,-0.0139153532342237));
#3918=CARTESIAN_POINT('',(0.00751562958007628,0.00320184699520546,-0.0138602075916334));
#3919=CARTESIAN_POINT('',(0.00752942337535436,0.00320184699520543,-0.0137903820822877));
#3920=CARTESIAN_POINT('',(0.00753867152760255,0.00320184699520543,-0.0137219082040608));
#3921=CARTESIAN_POINT('',(0.00753766360461007,0.00320184699520543,-0.0136787092626007));
#3922=CARTESIAN_POINT('',(0.0075371203948671,0.00320184699520543,-0.0136667728061365));
#3923=CARTESIAN_POINT('',(0.00495,0.00345108757687113,-0.0171050363354144));
#3924=CARTESIAN_POINT('',(0.0049763502114598,0.00345108757687117,-0.0171044328506136));
#3925=CARTESIAN_POINT('',(0.00502905063437941,0.00345108757687126,-0.017103225881012));
#3926=CARTESIAN_POINT('',(0.00512019534469034,0.00345108757687134,-0.0170929620487926));
#3927=CARTESIAN_POINT('',(0.0052616421526281,0.00345108757687139,-0.0170650586332919));
#3928=CARTESIAN_POINT('',(0.0054279248545743,0.00345108757687131,-0.0170054995443271));
#3929=CARTESIAN_POINT('',(0.00559775215618885,0.00345108757687119,-0.0169176760070212));
#3930=CARTESIAN_POINT('',(0.0057962185291498,0.0034510875768711,-0.0167851850002488));
#3931=CARTESIAN_POINT('',(0.00600802445022097,0.00345108757687102,-0.0165996097822128));
#3932=CARTESIAN_POINT('',(0.00630085685003844,0.00345108757687099,-0.0162773471449676));
#3933=CARTESIAN_POINT('',(0.00660499558435058,0.00345108757687134,-0.0158404583311605));
#3934=CARTESIAN_POINT('',(0.00691041767222499,0.00345108757687108,-0.0152834277348907));
#3935=CARTESIAN_POINT('',(0.00712545855692022,0.00345108757687116,-0.0147975116678177));
#3936=CARTESIAN_POINT('',(0.00727553731596646,0.00345108757687117,-0.0143966976240246));
#3937=CARTESIAN_POINT('',(0.00735880651726516,0.00345108757687111,-0.0141403941899306));
#3938=CARTESIAN_POINT('',(0.00740539125756711,0.00345108757687109,-0.0139696463765645));
#3939=CARTESIAN_POINT('',(0.00742446294659461,0.00345108757687114,-0.013889512185607));
#3940=CARTESIAN_POINT('',(0.00743688704661903,0.00345108757687116,-0.013835879157992));
#3941=CARTESIAN_POINT('',(0.00744948222595073,0.00345108757687111,-0.0137673513025112));
#3942=CARTESIAN_POINT('',(0.00745559488478791,0.00345108757687112,-0.0136988990678043));
#3943=CARTESIAN_POINT('',(0.00745405433936902,0.00345108757687113,-0.0136564965966789));
#3944=CARTESIAN_POINT('',(0.00745342563420312,0.00345108757687113,-0.0136448136560762));
#3945=CARTESIAN_POINT('',(0.00495,0.00372173753029082,-0.016921737530291));
#3946=CARTESIAN_POINT('',(0.00497549794714324,0.00372173753029086,-0.0169210794966519));
#3947=CARTESIAN_POINT('',(0.00502649384142971,0.00372173753029093,-0.0169197634293738));
#3948=CARTESIAN_POINT('',(0.005112790041656,0.00372173753029101,-0.0169087473232606));
#3949=CARTESIAN_POINT('',(0.00524501904756307,0.00372173753029103,-0.0168794570058349));
#3950=CARTESIAN_POINT('',(0.00539816537943639,0.00372173753029095,-0.0168185562053886));
#3951=CARTESIAN_POINT('',(0.00555360066693196,0.00372173753029086,-0.0167303958571305));
#3952=CARTESIAN_POINT('',(0.00573526305276563,0.00372173753029077,-0.0165992528406252));
#3953=CARTESIAN_POINT('',(0.0059297378022257,0.00372173753029069,-0.0164180040705058));
#3954=CARTESIAN_POINT('',(0.00620030564165602,0.00372173753029074,-0.0161064531573592));
#3955=CARTESIAN_POINT('',(0.00648260619476962,0.003721737530291,-0.0156872960221927));
#3956=CARTESIAN_POINT('',(0.00676804855356619,0.00372173753029078,-0.0151559814568409));
#3957=CARTESIAN_POINT('',(0.00696946525893969,0.00372173753029085,-0.0146938328493853));
#3958=CARTESIAN_POINT('',(0.00711029294679699,0.00372173753029085,-0.0143133162748511));
#3959=CARTESIAN_POINT('',(0.00718850293519838,0.00372173753029079,-0.0140702737960012));
#3960=CARTESIAN_POINT('',(0.00723177712677979,0.0037217375302908,-0.0139082703238658));
#3961=CARTESIAN_POINT('',(0.00725036577717533,0.00372173753029083,-0.0138327014881974));
#3962=CARTESIAN_POINT('',(0.00725579211168522,0.00372173753029087,-0.0137789100416718));
#3963=CARTESIAN_POINT('',(0.00728135502798395,0.00372173753029081,-0.0137210051853902));
#3964=CARTESIAN_POINT('',(0.00726886056702229,0.00372173753029081,-0.0136467497788353));
#3965=CARTESIAN_POINT('',(0.00726605625955317,0.00372173753029082,-0.0136061131584982));
#3966=CARTESIAN_POINT('',(0.00726547425372399,0.00372173753029082,-0.0135951229969916));
#3967=CARTESIAN_POINT('',(0.00495,0.00390503633541408,-0.0166510875768712));
#3968=CARTESIAN_POINT('',(0.00497409038705357,0.00390503633541412,-0.0166502396678888));
#3969=CARTESIAN_POINT('',(0.00502227116116072,0.00390503633541419,-0.0166485438499242));
#3970=CARTESIAN_POINT('',(0.00509999421732931,0.00390503633541423,-0.0166357237488103));
#3971=CARTESIAN_POINT('',(0.00521657108737523,0.00390503633541425,-0.0166034718119103));
#3972=CARTESIAN_POINT('',(0.00534786035497001,0.00390503633541415,-0.0165396841219173));
#3973=CARTESIAN_POINT('',(0.00548164752825337,0.00390503633541407,-0.0164512585335703));
#3974=CARTESIAN_POINT('',(0.00563857558656822,0.00390503633541397,-0.0163226003382224));
#3975=CARTESIAN_POINT('',(0.00580885171686704,0.00390503633541395,-0.0161488342330349));
#3976=CARTESIAN_POINT('',(0.00604818677389214,0.00390503633541408,-0.0158542103532229));
#3977=CARTESIAN_POINT('',(0.00629940395365712,0.00390503633541419,-0.0154618888656266));
#3978=CARTESIAN_POINT('',(0.00655647691755134,0.00390503633541405,-0.0149688525573614));
#3979=CARTESIAN_POINT('',(0.00673825022063284,0.0039050363354141,-0.0145416985793691));
#3980=CARTESIAN_POINT('',(0.00686597734510587,0.00390503633541408,-0.0141911010655258));
#3981=CARTESIAN_POINT('',(0.00693624145608618,0.0039050363354141,-0.0139671620521022));
#3982=CARTESIAN_POINT('',(0.00697566090052717,0.00390503633541401,-0.0138184775321247));
#3983=CARTESIAN_POINT('',(0.00698887725276236,0.00390503633541414,-0.0137474434833082));
#3984=CARTESIAN_POINT('',(0.00701222974891378,0.00390503633541405,-0.0137070082050512));
#3985=CARTESIAN_POINT('',(0.00699323831746408,0.00390503633541409,-0.0136327181443839));
#3986=CARTESIAN_POINT('',(0.00699402025296863,0.00390503633541409,-0.0135715454518982));
#3987=CARTESIAN_POINT('',(0.0069924385244302,0.0039050363354141,-0.0135351038324606));
#3988=CARTESIAN_POINT('',(0.00699192252889834,0.0039050363354141,-0.0135251184043839));
#3989=CARTESIAN_POINT('',(0.00495,0.00398763780340657,-0.0164018469952055));
#3990=CARTESIAN_POINT('',(0.00497274472256763,0.00398763780340661,-0.0164007419186265));
#3991=CARTESIAN_POINT('',(0.0050182341677029,0.00398763780340669,-0.0163985317654687));
#3992=CARTESIAN_POINT('',(0.00508517872475497,0.00398763780340671,-0.0163827241849559));
#3993=CARTESIAN_POINT('',(0.00518304799310366,0.00398763780340669,-0.0163460298486165));
#3994=CARTESIAN_POINT('',(0.00529271127017837,0.0039876378034066,-0.016279471892105));
#3995=CARTESIAN_POINT('',(0.00540721949907228,0.00398763780340649,-0.0161915926660002));
#3996=CARTESIAN_POINT('',(0.0055425780776471,0.00398763780340645,-0.0160663037357592));
#3997=CARTESIAN_POINT('',(0.00569251321576103,0.00398763780340645,-0.0159006556659305));
#3998=CARTESIAN_POINT('',(0.00590389307859764,0.00398763780340667,-0.0156222094387461));
#3999=CARTESIAN_POINT('',(0.00612850484269181,0.00398763780340662,-0.0152555525731277));
#4000=CARTESIAN_POINT('',(0.00636019302400235,0.00398763780340658,-0.0147977665737295));
#4001=CARTESIAN_POINT('',(0.00652444526782818,0.00398763780340656,-0.0144027212628175));
#4002=CARTESIAN_POINT('',(0.00664063682719657,0.00398763780340662,-0.0140795348025073));
#4003=CARTESIAN_POINT('',(0.00670311787589366,0.00398763780340647,-0.0138727537983467));
#4004=CARTESIAN_POINT('',(0.00674002344332856,0.00398763780340666,-0.0137366266030308));
#4005=CARTESIAN_POINT('',(0.00675439755650329,0.00398763780340655,-0.0136724131997024));
#4006=CARTESIAN_POINT('',(0.00674376661828331,0.00398763780340658,-0.0136200889430298));
#4007=CARTESIAN_POINT('',(0.00674503537302921,0.00398763780340658,-0.01356171961841));
#4008=CARTESIAN_POINT('',(0.00674086696639663,0.0039876378034066,-0.0135036387576809));
#4009=CARTESIAN_POINT('',(0.00673902621586929,0.0039876378034066,-0.0134702916979305));
#4010=CARTESIAN_POINT('',(0.0067385477521951,0.0039876378034066,-0.0134612047396987));
#4011=CARTESIAN_POINT('',(0.00495,0.00399587926780201,-0.0162672823317352));
#4012=CARTESIAN_POINT('',(0.00497117148647872,0.00399587926780206,-0.0162656563427561));
#4013=CARTESIAN_POINT('',(0.00501351445943616,0.00399587926780215,-0.016262404364798));
#4014=CARTESIAN_POINT('',(0.00507106001185184,0.00399587926780213,-0.0162436516893238));
#4015=CARTESIAN_POINT('',(0.0051579424378989,0.0039958792678021,-0.0162045566101073));
#4016=CARTESIAN_POINT('',(0.00525732729517953,0.00399587926780199,-0.016137505759748));
#4017=CARTESIAN_POINT('',(0.00536177832075318,0.00399587926780192,-0.016050346985322));
#4018=CARTESIAN_POINT('',(0.00548702351547157,0.0039958792678019,-0.0159277842522922));
#4019=CARTESIAN_POINT('',(0.00562658922355801,0.00399587926780193,-0.0157668977814549));
#4020=CARTESIAN_POINT('',(0.00582356521734151,0.00399587926780213,-0.0154975753914545));
#4021=CARTESIAN_POINT('',(0.00603494812094921,0.00399587926780204,-0.0151451633709422));
#4022=CARTESIAN_POINT('',(0.0062533345949224,0.00399587926780202,-0.0147063240468043));
#4023=CARTESIAN_POINT('',(0.00640850233279331,0.003995879267802,-0.0143284989021339));
#4024=CARTESIAN_POINT('',(0.0065186982618825,0.00399587926780204,-0.0140199365982508));
#4025=CARTESIAN_POINT('',(0.00657688895946014,0.00399587926780196,-0.0138222618630329));
#4026=CARTESIAN_POINT('',(0.00661274717507627,0.00399587926780204,-0.013692877523833));
#4027=CARTESIAN_POINT('',(0.00661398710814706,0.00399587926780201,-0.0136263261367151));
#4028=CARTESIAN_POINT('',(0.00660908350767304,0.00399587926780203,-0.0135792320727698));
#4029=CARTESIAN_POINT('',(0.00660746075872058,0.00399587926780204,-0.0135225570329511));
#4030=CARTESIAN_POINT('',(0.00660424487306965,0.00399587926780204,-0.0134678874964474));
#4031=CARTESIAN_POINT('',(0.00660256161650809,0.00399587926780204,-0.0134363228163637));
#4032=CARTESIAN_POINT('',(0.00660210976516643,0.00399587926780204,-0.0134277141723244));
#4033=CARTESIAN_POINT('',(0.00495,0.00399999999999973,-0.0162));
#4034=CARTESIAN_POINT('',(0.00497038486843427,0.00399999999999978,-0.0161981135548209));
#4035=CARTESIAN_POINT('',(0.0050111546053028,0.00399999999999988,-0.0161943406644626));
#4036=CARTESIAN_POINT('',(0.00506400065540028,0.00399999999999984,-0.0161741154415077));
#4037=CARTESIAN_POINT('',(0.00514538966029652,0.0039999999999998,-0.0161338199908527));
#4038=CARTESIAN_POINT('',(0.00523963530768012,0.00399999999999969,-0.0160665226935696));
#4039=CARTESIAN_POINT('',(0.00533905773159364,0.00399999999999964,-0.0159797241449829));
#4040=CARTESIAN_POINT('',(0.0054592462343838,0.00399999999999961,-0.0158585245105587));
#4041=CARTESIAN_POINT('',(0.00559362722745649,0.00399999999999967,-0.015700018839217));
#4042=CARTESIAN_POINT('',(0.00578340128671345,0.00399999999999986,-0.0154352583678087));
#4043=CARTESIAN_POINT('',(0.00598816976007791,0.00399999999999976,-0.0150899687698494));
#4044=CARTESIAN_POINT('',(0.00619990538038243,0.00399999999999974,-0.0146606027833417));
#4045=CARTESIAN_POINT('',(0.00635053086527588,0.00399999999999973,-0.0142913877217921));
#4046=CARTESIAN_POINT('',(0.00645772897922547,0.00399999999999975,-0.0139901374961226));
#4047=CARTESIAN_POINT('',(0.00651377450124338,0.0039999999999997,-0.0137970158953761));
#4048=CARTESIAN_POINT('',(0.00654910904095012,0.00399999999999974,-0.0136710029842341));
#4049=CARTESIAN_POINT('',(0.00654378188396895,0.00399999999999975,-0.0136032826052214));
#4050=CARTESIAN_POINT('',(0.00654174195236791,0.00399999999999975,-0.0135588036376398));
#4051=CARTESIAN_POINT('',(0.00653867345156627,0.00399999999999977,-0.0135029757402217));
#4052=CARTESIAN_POINT('',(0.00653593382640616,0.00399999999999976,-0.0134500118658306));
#4053=CARTESIAN_POINT('',(0.00653432931682749,0.00399999999999976,-0.0134193383755804));
#4054=CARTESIAN_POINT('',(0.0065338907716521,0.00399999999999976,-0.0134109688886373));
#4055=CARTESIAN_POINT('',(0.00495,0.00400020307769685,-0.0161966841958347));
#4056=CARTESIAN_POINT('',(0.00497034610236714,0.0040002030776969,-0.0161947849148675));
#4057=CARTESIAN_POINT('',(0.00501103830710143,0.004000203077697,-0.0161909863529331));
#4058=CARTESIAN_POINT('',(0.00506365275658461,0.00400020307769696,-0.0161706885599744));
#4059=CARTESIAN_POINT('',(0.00514477103500238,0.00400020307769692,-0.0161303339526802));
#4060=CARTESIAN_POINT('',(0.00523876341212701,0.0040002030776968,-0.0160630245100134));
#4061=CARTESIAN_POINT('',(0.00533793801677059,0.00400020307769675,-0.0159762437140566));
#4062=CARTESIAN_POINT('',(0.00545787731594778,0.00400020307769673,-0.0158551112557828));
#4063=CARTESIAN_POINT('',(0.00559200279618084,0.00400020307769678,-0.0156967229148707));
#4064=CARTESIAN_POINT('',(0.00578142193009729,0.00400020307769697,-0.0154321872636831));
#4065=CARTESIAN_POINT('',(0.00598586443147497,0.00400020307769687,-0.0150872486725597));
#4066=CARTESIAN_POINT('',(0.00619727228477545,0.00400020307769685,-0.014658349550555));
#4067=CARTESIAN_POINT('',(0.00634767391860795,0.00400020307769685,-0.0142895588106473));
#4068=CARTESIAN_POINT('',(0.00645472429439701,0.00400020307769687,-0.0139886689384134));
#4069=CARTESIAN_POINT('',(0.00651066409799118,0.00400020307769682,-0.0137957717249891));
#4070=CARTESIAN_POINT('',(0.00654597282993061,0.00400020307769685,-0.0136699249643789));
#4071=CARTESIAN_POINT('',(0.00654032203397935,0.00400020307769686,-0.013602146975172));
#4072=CARTESIAN_POINT('',(0.00653842322954991,0.00400020307769687,-0.0135577968846254));
#4073=CARTESIAN_POINT('',(0.00653528347928531,0.00400020307769688,-0.0135020107360323));
#4074=CARTESIAN_POINT('',(0.00653256732516846,0.00400020307769688,-0.0134491309199875));
#4075=CARTESIAN_POINT('',(0.00653096669639427,0.00400020307769687,-0.0134185013493055));
#4076=CARTESIAN_POINT('',(0.00653052880697263,0.00400020307769687,-0.0134101436484893));
#4077=CARTESIAN_POINT('',(0.00495,0.00400040615539396,-0.0161933683916695));
#4078=CARTESIAN_POINT('',(0.00497030733630002,0.00400040615539401,-0.0161914562749141));
#4079=CARTESIAN_POINT('',(0.00501092200890006,0.00400040615539411,-0.0161876320414035));
#4080=CARTESIAN_POINT('',(0.00506330485776894,0.00400040615539407,-0.016167261678441));
#4081=CARTESIAN_POINT('',(0.00514415240970825,0.00400040615539403,-0.0161268479145077));
#4082=CARTESIAN_POINT('',(0.0052378915165739,0.00400040615539391,-0.0160595263264572));
#4083=CARTESIAN_POINT('',(0.00533681830194755,0.00400040615539387,-0.0159727632831304));
#4084=CARTESIAN_POINT('',(0.00545650839751175,0.00400040615539384,-0.0158516980010069));
#4085=CARTESIAN_POINT('',(0.00559037836490519,0.00400040615539389,-0.0156934269905244));
#4086=CARTESIAN_POINT('',(0.00577944257348114,0.00400040615539409,-0.0154291161595575));
#4087=CARTESIAN_POINT('',(0.00598355910287202,0.00400040615539398,-0.0150845285752699));
#4088=CARTESIAN_POINT('',(0.00619463918916847,0.00400040615539397,-0.0146560963177683));
#4089=CARTESIAN_POINT('',(0.00634481697194001,0.00400040615539396,-0.0142877298995026));
#4090=CARTESIAN_POINT('',(0.00645171960956854,0.00400040615539398,-0.0139872003807043));
#4091=CARTESIAN_POINT('',(0.00650755369473898,0.00400040615539393,-0.0137945275546021));
#4092=CARTESIAN_POINT('',(0.0065428366189111,0.00400040615539396,-0.0136688469445237));
#4093=CARTESIAN_POINT('',(0.00653686218398975,0.00400040615539398,-0.0136010113451227));
#4094=CARTESIAN_POINT('',(0.00653510450673192,0.00400040615539398,-0.0135567901316109));
#4095=CARTESIAN_POINT('',(0.00653189350700434,0.00400040615539399,-0.0135010457318429));
#4096=CARTESIAN_POINT('',(0.00652920082393077,0.00400040615539399,-0.0134482499741444));
#4097=CARTESIAN_POINT('',(0.00652760407596104,0.00400040615539399,-0.0134176643230307));
#4098=CARTESIAN_POINT('',(0.00652716684229316,0.00400040615539398,-0.0134093184083413));
#4099=CARTESIAN_POINT('',(0.00495,0.00400060923309107,-0.0161900525875042));
#4100=CARTESIAN_POINT('',(0.0049702685702329,0.00400060923309113,-0.0161881276349608));
#4101=CARTESIAN_POINT('',(0.00501080571069868,0.00400060923309123,-0.0161842777298739));
#4102=CARTESIAN_POINT('',(0.00506295695895326,0.00400060923309118,-0.0161638347969076));
#4103=CARTESIAN_POINT('',(0.00514353378441411,0.00400060923309115,-0.0161233618763352));
#4104=CARTESIAN_POINT('',(0.00523701962102079,0.00400060923309102,-0.016056028142901));
#4105=CARTESIAN_POINT('',(0.00533569858712451,0.00400060923309098,-0.0159692828522042));
#4106=CARTESIAN_POINT('',(0.00545513947907572,0.00400060923309096,-0.0158482847462311));
#4107=CARTESIAN_POINT('',(0.00558875393362954,0.00400060923309101,-0.0156901310661781));
#4108=CARTESIAN_POINT('',(0.00577746321686498,0.0040006092330912,-0.0154260450554319));
#4109=CARTESIAN_POINT('',(0.00598125377426907,0.00400060923309109,-0.0150818084779801));
#4110=CARTESIAN_POINT('',(0.00619200609356148,0.00400060923309108,-0.0146538430849816));
#4111=CARTESIAN_POINT('',(0.00634196002527208,0.00400060923309107,-0.0142859009883578));
#4112=CARTESIAN_POINT('',(0.00644871492474008,0.00400060923309109,-0.0139857318229952));
#4113=CARTESIAN_POINT('',(0.00650444329148679,0.00400060923309104,-0.0137932833842151));
#4114=CARTESIAN_POINT('',(0.00653970040789159,0.00400060923309107,-0.0136677689246685));
#4115=CARTESIAN_POINT('',(0.00653340233400015,0.00400060923309109,-0.0135998757150733));
#4116=CARTESIAN_POINT('',(0.00653178578391393,0.00400060923309109,-0.0135557833785965));
#4117=CARTESIAN_POINT('',(0.00652850353472338,0.00400060923309111,-0.0135000807276536));
#4118=CARTESIAN_POINT('',(0.00652583432269307,0.0040006092330911,-0.0134473690283013));
#4119=CARTESIAN_POINT('',(0.00652424145552782,0.0040006092330911,-0.0134168272967559));
#4120=CARTESIAN_POINT('',(0.00652380487761369,0.0040006092330911,-0.0134084931681933));
#4121=CARTESIAN_POINT('',(0.00495,0.00399999999999973,-0.0162));
#4122=CARTESIAN_POINT('',(0.00495,0.0039999999999998,-0.0164617993877991));
#4123=CARTESIAN_POINT('',(0.00495,0.00378331386847346,-0.0169833138684736));
#4124=CARTESIAN_POINT('',(0.00495,0.00326179938779915,-0.0172000000000002));
#4125=CARTESIAN_POINT('',(0.00495,0.003,-0.0172000000000003));
#4126=CARTESIAN_POINT('',(0.00495,0.00399999999999978,-0.0162));
#4127=CARTESIAN_POINT('',(0.00495,0.00399999999999978,-0.0162));
#4128=CARTESIAN_POINT('',(0.00497038486843427,0.00399999999999978,-0.0161981135548209));
#4129=CARTESIAN_POINT('',(0.0050111546053028,0.00399999999999988,-0.0161943406644626));
#4130=CARTESIAN_POINT('',(0.00506400065540028,0.00399999999999984,-0.0161741154415077));
#4131=CARTESIAN_POINT('',(0.00514538966029652,0.0039999999999998,-0.0161338199908527));
#4132=CARTESIAN_POINT('',(0.00523963530768012,0.00399999999999969,-0.0160665226935696));
#4133=CARTESIAN_POINT('',(0.00533905773159364,0.00399999999999964,-0.0159797241449829));
#4134=CARTESIAN_POINT('',(0.0054592462343838,0.00399999999999961,-0.0158585245105587));
#4135=CARTESIAN_POINT('',(0.00559362722745649,0.00399999999999967,-0.015700018839217));
#4136=CARTESIAN_POINT('',(0.00578340128671345,0.00399999999999986,-0.0154352583678087));
#4137=CARTESIAN_POINT('',(0.00598816976007791,0.00399999999999976,-0.0150899687698494));
#4138=CARTESIAN_POINT('',(0.00619990538038243,0.00399999999999974,-0.0146606027833417));
#4139=CARTESIAN_POINT('',(0.00635053086527588,0.00399999999999973,-0.0142913877217921));
#4140=CARTESIAN_POINT('',(0.00645772897922547,0.00399999999999975,-0.0139901374961226));
#4141=CARTESIAN_POINT('',(0.00650811822070748,0.00399999999999971,-0.0138165063008899));
#4142=CARTESIAN_POINT('',(0.00653538988764858,0.00399999999999973,-0.0137198147165244));
#4143=CARTESIAN_POINT('',(0.00653939446669686,0.00399999999999986,-0.0136999999975914));
#4144=CARTESIAN_POINT('',(-0.00683896076284076,0.004,-0.0156062135977565));
#4145=CARTESIAN_POINT('',(-0.00495,0.00399999999999973,-0.0162));
#4146=CARTESIAN_POINT('',(-0.00495,0.00399999999999978,-0.0162));
#4147=CARTESIAN_POINT('',(-0.00495,0.00399999999999986,-0.0162));
#4148=CARTESIAN_POINT('',(-0.00507922601457994,0.00399999999999986,-0.0161880412378972));
#4149=CARTESIAN_POINT('',(-0.00529717084841715,0.00400000000000207,-0.0160334679940785));
#4150=CARTESIAN_POINT('',(-0.00564331066548994,0.00399999999999796,-0.0156600223105738));
#4151=CARTESIAN_POINT('',(-0.00598486796760286,0.00400000000000025,-0.0151190918254874));
#4152=CARTESIAN_POINT('',(-0.00630174305056178,0.00399999999999948,-0.014424816435603));
#4153=CARTESIAN_POINT('',(-0.00648831490762447,0.00399999999999946,-0.0139532286882711));
#4154=CARTESIAN_POINT('',(-0.00653938618539741,0.00399999999999946,-0.0136999983263274));
#4155=CARTESIAN_POINT('',(-0.00495,0.00295237795263458,-0.0172029166305456));
#4156=CARTESIAN_POINT('',(-0.00497681751039365,0.00295237795263463,-0.0172023426637085));
#4157=CARTESIAN_POINT('',(-0.00503045253118104,0.00295237795263472,-0.0172011947300345));
#4158=CARTESIAN_POINT('',(-0.00512410351956489,0.00295237795263481,-0.0171912807595585));
#4159=CARTESIAN_POINT('',(-0.00527026292325176,0.00295237795263487,-0.0171640137393227));
#4160=CARTESIAN_POINT('',(-0.00544336772503736,0.00295237795263478,-0.0171050944697148));
#4161=CARTESIAN_POINT('',(-0.0056206687683047,0.00295237795263466,-0.017017372554992));
#4162=CARTESIAN_POINT('',(-0.00582818450052094,0.00295237795263455,-0.0168842521109352));
#4163=CARTESIAN_POINT('',(-0.00604922452546128,0.00295237795263449,-0.0166963969527876));
#4164=CARTESIAN_POINT('',(-0.00635416411560732,0.00295237795263441,-0.0163685734012819));
#4165=CARTESIAN_POINT('',(-0.00667006461957401,0.00295237795263481,-0.0159222814443539));
#4166=CARTESIAN_POINT('',(-0.00698629986876099,0.00295237795263454,-0.015351577001251));
#4167=CARTESIAN_POINT('',(-0.00720867817283261,0.00295237795263463,-0.0148529711136532));
#4168=CARTESIAN_POINT('',(-0.00736371420235456,0.00295237795263463,-0.0144412954327505));
#4169=CARTESIAN_POINT('',(-0.00744975226566462,0.00295237795263455,-0.0141779236588036));
#4170=CARTESIAN_POINT('',(-0.00749801717826344,0.00295237795263456,-0.0140024472864278));
#4171=CARTESIAN_POINT('',(-0.00751790237220147,0.00295237795263458,-0.0139201211783005));
#4172=CARTESIAN_POINT('',(-0.00753040513905619,0.00295237795263464,-0.0138648130588676));
#4173=CARTESIAN_POINT('',(-0.00754400692469619,0.00295237795263457,-0.0137945500571706));
#4174=CARTESIAN_POINT('',(-0.00755366818936916,0.00295237795263458,-0.0137259647486269));
#4175=CARTESIAN_POINT('',(-0.0075528824130074,0.00295237795263458,-0.0136826869539484));
#4176=CARTESIAN_POINT('',(-0.00755239510747155,0.00295237795263458,-0.0136707261380682));
#4177=CARTESIAN_POINT('',(-0.00495,0.00296165284784554,-0.0172023485860332));
#4178=CARTESIAN_POINT('',(-0.00497681483266491,0.00296165284784558,-0.0172017744723726));
#4179=CARTESIAN_POINT('',(-0.0050304444979948,0.00296165284784568,-0.0172006262450516));
#4180=CARTESIAN_POINT('',(-0.00512408119872426,0.00296165284784577,-0.0171907103760953));
#4181=CARTESIAN_POINT('',(-0.00527021361848257,0.00296165284784583,-0.0171634398364495));
#4182=CARTESIAN_POINT('',(-0.00544327938473651,0.00296165284784574,-0.0171045170780722));
#4183=CARTESIAN_POINT('',(-0.00562053719872742,0.00296165284784562,-0.0170167945602791));
#4184=CARTESIAN_POINT('',(-0.0058280005893428,0.00296165284784552,-0.0168836777583473));
#4185=CARTESIAN_POINT('',(-0.00604898668068403,0.00296165284784545,-0.016695835557535));
#4186=CARTESIAN_POINT('',(-0.00635385563429785,0.00296165284784538,-0.0163680440064903));
#4187=CARTESIAN_POINT('',(-0.00666968760852614,0.00296165284784577,-0.0159218064561849));
#4188=CARTESIAN_POINT('',(-0.00698585981732529,0.0029616528478455,-0.0153511812719113));
#4189=CARTESIAN_POINT('',(-0.00720819540435154,0.00296165284784558,-0.0148526490341645));
#4190=CARTESIAN_POINT('',(-0.00736320258321317,0.00296165284784558,-0.0144410364237292));
#4191=CARTESIAN_POINT('',(-0.00744922454735324,0.00296165284784552,-0.0141777057045812));
#4192=CARTESIAN_POINT('',(-0.00749747970290965,0.00296165284784552,-0.0140022568061498));
#4193=CARTESIAN_POINT('',(-0.00751736127243437,0.00296165284784554,-0.0139199439130926));
#4194=CARTESIAN_POINT('',(-0.00752985580531999,0.00296165284784559,-0.0138646418343119));
#4195=CARTESIAN_POINT('',(-0.00754346472959834,0.00296165284784554,-0.0137943950979424));
#4196=CARTESIAN_POINT('',(-0.00755311063534683,0.00296165284784554,-0.0137258139322669));
#4197=CARTESIAN_POINT('',(-0.00755231659990686,0.00296165284784554,-0.0136825390692968));
#4198=CARTESIAN_POINT('',(-0.00755182721593924,0.00296165284784554,-0.0136705791591224));
#4199=CARTESIAN_POINT('',(-0.00495,0.0029709277430565,-0.0172017805415207));
#4200=CARTESIAN_POINT('',(-0.00497681215493617,0.00297092774305655,-0.0172012062810367));
#4201=CARTESIAN_POINT('',(-0.00503043646480855,0.00297092774305664,-0.0172000577600687));
#4202=CARTESIAN_POINT('',(-0.00512405887788362,0.00297092774305673,-0.017190139992632));
#4203=CARTESIAN_POINT('',(-0.00527016431371337,0.00297092774305678,-0.0171628659335765));
#4204=CARTESIAN_POINT('',(-0.00544319104443567,0.0029709277430567,-0.0171039396864296));
#4205=CARTESIAN_POINT('',(-0.00562040562915013,0.00297092774305657,-0.0170162165655662));
#4206=CARTESIAN_POINT('',(-0.00582781667816467,0.00297092774305648,-0.0168831034057593));
#4207=CARTESIAN_POINT('',(-0.00604874883590678,0.00297092774305641,-0.0166952741622825));
#4208=CARTESIAN_POINT('',(-0.00635354715298838,0.00297092774305634,-0.0163675146116986));
#4209=CARTESIAN_POINT('',(-0.00666931059747828,0.00297092774305673,-0.015921331468016));
#4210=CARTESIAN_POINT('',(-0.00698541976588958,0.00297092774305645,-0.0153507855425718));
#4211=CARTESIAN_POINT('',(-0.00720771263587046,0.00297092774305654,-0.0148523269546757));
#4212=CARTESIAN_POINT('',(-0.00736269096407177,0.00297092774305655,-0.0144407774147078));
#4213=CARTESIAN_POINT('',(-0.00744869682904187,0.00297092774305648,-0.0141774877503588));
#4214=CARTESIAN_POINT('',(-0.00749694222755585,0.00297092774305647,-0.0140020663258718));
#4215=CARTESIAN_POINT('',(-0.00751682017266727,0.0029709277430565,-0.0139197666478848));
#4216=CARTESIAN_POINT('',(-0.00752930647158378,0.00297092774305655,-0.0138644706097561));
#4217=CARTESIAN_POINT('',(-0.00754292253450048,0.0029709277430565,-0.0137942401387143));
#4218=CARTESIAN_POINT('',(-0.0075525530813245,0.0029709277430565,-0.0137256631159069));
#4219=CARTESIAN_POINT('',(-0.00755175078680632,0.0029709277430565,-0.0136823911846452));
#4220=CARTESIAN_POINT('',(-0.00755125932440695,0.0029709277430565,-0.0136704321801765));
#4221=CARTESIAN_POINT('',(-0.00495,0.00298020263826746,-0.0172012124970083));
#4222=CARTESIAN_POINT('',(-0.00497680947720743,0.00298020263826751,-0.0172006380897008));
#4223=CARTESIAN_POINT('',(-0.0050304284316223,0.0029802026382676,-0.0171994892750858));
#4224=CARTESIAN_POINT('',(-0.00512403655704299,0.00298020263826769,-0.0171895696091688));
#4225=CARTESIAN_POINT('',(-0.00527011500894417,0.00298020263826775,-0.0171622920307034));
#4226=CARTESIAN_POINT('',(-0.00544310270413482,0.00298020263826766,-0.0171033622947869));
#4227=CARTESIAN_POINT('',(-0.00562027405957285,0.00298020263826754,-0.0170156385708534));
#4228=CARTESIAN_POINT('',(-0.00582763276698653,0.00298020263826743,-0.0168825290531714));
#4229=CARTESIAN_POINT('',(-0.00604851099112953,0.00298020263826737,-0.01669471276703));
#4230=CARTESIAN_POINT('',(-0.00635323867167891,0.00298020263826729,-0.016366985216907));
#4231=CARTESIAN_POINT('',(-0.00666893358643041,0.00298020263826769,-0.0159208564798471));
#4232=CARTESIAN_POINT('',(-0.00698497971445388,0.00298020263826741,-0.0153503898132322));
#4233=CARTESIAN_POINT('',(-0.00720722986738938,0.00298020263826749,-0.0148520048751869));
#4234=CARTESIAN_POINT('',(-0.00736217934493038,0.00298020263826751,-0.0144405184056865));
#4235=CARTESIAN_POINT('',(-0.00744816911073049,0.00298020263826743,-0.0141772697961365));
#4236=CARTESIAN_POINT('',(-0.00749640475220206,0.00298020263826742,-0.0140018758455938));
#4237=CARTESIAN_POINT('',(-0.00751627907290017,0.00298020263826746,-0.0139195893826769));
#4238=CARTESIAN_POINT('',(-0.00752875713784758,0.0029802026382675,-0.0138642993852003));
#4239=CARTESIAN_POINT('',(-0.00754238033940262,0.00298020263826745,-0.0137940851794861));
#4240=CARTESIAN_POINT('',(-0.00755199552730217,0.00298020263826746,-0.013725512299547));
#4241=CARTESIAN_POINT('',(-0.00755118497370577,0.00298020263826746,-0.0136822432999936));
#4242=CARTESIAN_POINT('',(-0.00755069143287464,0.00298020263826746,-0.0136702852012307));
#4243=CARTESIAN_POINT('',(-0.00495,0.00298680175884498,-0.017200808331339));
#4244=CARTESIAN_POINT('',(-0.00497680757199401,0.00298680175884502,-0.017200233819566));
#4245=CARTESIAN_POINT('',(-0.00503042271598202,0.00298680175884512,-0.0171990847960202));
#4246=CARTESIAN_POINT('',(-0.00512402067568634,0.0029868017588452,-0.0171891637793278));
#4247=CARTESIAN_POINT('',(-0.0052700799284274,0.00298680175884526,-0.0171618836967899));
#4248=CARTESIAN_POINT('',(-0.00544303984969993,0.00298680175884517,-0.0171029514786016));
#4249=CARTESIAN_POINT('',(-0.00562018044735567,0.00298680175884505,-0.0170152273255814));
#4250=CARTESIAN_POINT('',(-0.00582750191353617,0.00298680175884495,-0.0168821203992842));
#4251=CARTESIAN_POINT('',(-0.00604834176373363,0.00298680175884488,-0.0166943133323325));
#4252=CARTESIAN_POINT('',(-0.00635301918614179,0.00298680175884481,-0.01636660855065));
#4253=CARTESIAN_POINT('',(-0.00666866534174329,0.0029868017588452,-0.0159205185240936));
#4254=CARTESIAN_POINT('',(-0.006984666616309,0.00298680175884493,-0.0153501082504146));
#4255=CARTESIAN_POINT('',(-0.00720688637591641,0.002986801758845,-0.0148517757144974));
#4256=CARTESIAN_POINT('',(-0.00736181532611108,0.00298680175884502,-0.0144403341198565));
#4257=CARTESIAN_POINT('',(-0.0074477936372951,0.00298680175884495,-0.0141771147209403));
#4258=CARTESIAN_POINT('',(-0.00749602233659666,0.00298680175884493,-0.0140017403182058));
#4259=CARTESIAN_POINT('',(-0.00751589407851195,0.00298680175884498,-0.0139194632578578));
#4260=CARTESIAN_POINT('',(-0.00752836628496137,0.002986801758845,-0.0138641775583264));
#4261=CARTESIAN_POINT('',(-0.00754199456568271,0.00298680175884497,-0.01379397492545));
#4262=CARTESIAN_POINT('',(-0.00755159882565346,0.00298680175884498,-0.0137254049931762));
#4263=CARTESIAN_POINT('',(-0.00755078239569385,0.00298680175884498,-0.0136821380795436));
#4264=CARTESIAN_POINT('',(-0.00755028737605121,0.00298680175884498,-0.0136701806251936));
#4265=CARTESIAN_POINT('',(-0.00495,0.00299340087942248,-0.0172004041656696));
#4266=CARTESIAN_POINT('',(-0.00497680566678058,0.00299340087942253,-0.0171998295494313));
#4267=CARTESIAN_POINT('',(-0.00503041700034175,0.00299340087942262,-0.0171986803169546));
#4268=CARTESIAN_POINT('',(-0.00512400479432969,0.00299340087942271,-0.0171887579494867));
#4269=CARTESIAN_POINT('',(-0.00527004484791062,0.00299340087942277,-0.0171614753628763));
#4270=CARTESIAN_POINT('',(-0.00544297699526505,0.00299340087942269,-0.0171025406624162));
#4271=CARTESIAN_POINT('',(-0.00562008683513848,0.00299340087942256,-0.0170148160803095));
#4272=CARTESIAN_POINT('',(-0.00582737106008581,0.00299340087942246,-0.0168817117453969));
#4273=CARTESIAN_POINT('',(-0.00604817253633773,0.0029934008794224,-0.016693913897635));
#4274=CARTESIAN_POINT('',(-0.00635279970060467,0.00299340087942232,-0.016366231884393));
#4275=CARTESIAN_POINT('',(-0.00666839709705617,0.00299340087942272,-0.0159201805683401));
#4276=CARTESIAN_POINT('',(-0.00698435351816411,0.00299340087942244,-0.015349826687597));
#4277=CARTESIAN_POINT('',(-0.00720654288444344,0.00299340087942251,-0.0148515465538078));
#4278=CARTESIAN_POINT('',(-0.00736145130729177,0.00299340087942253,-0.0144401498340264));
#4279=CARTESIAN_POINT('',(-0.00744741816385972,0.00299340087942246,-0.0141769596457442));
#4280=CARTESIAN_POINT('',(-0.00749563992099126,0.00299340087942244,-0.0140016047908177));
#4281=CARTESIAN_POINT('',(-0.00751550908412374,0.00299340087942249,-0.0139193371330387));
#4282=CARTESIAN_POINT('',(-0.00752797543207516,0.00299340087942252,-0.0138640557314525));
#4283=CARTESIAN_POINT('',(-0.0075416087919628,0.00299340087942248,-0.013793864671414));
#4284=CARTESIAN_POINT('',(-0.00755120212400474,0.00299340087942249,-0.0137252976868053));
#4285=CARTESIAN_POINT('',(-0.00755037981768192,0.00299340087942249,-0.0136820328590936));
#4286=CARTESIAN_POINT('',(-0.00754988331922776,0.00299340087942249,-0.0136700760491564));
#4287=CARTESIAN_POINT('',(-0.00495,0.003,-0.0172000000000002));
#4288=CARTESIAN_POINT('',(-0.00497680376156716,0.00300000000000005,-0.0171994252792965));
#4289=CARTESIAN_POINT('',(-0.00503041128470148,0.00300000000000014,-0.017198275837889));
#4290=CARTESIAN_POINT('',(-0.00512398891297304,0.00300000000000023,-0.0171883521196456));
#4291=CARTESIAN_POINT('',(-0.00527000976739385,0.00300000000000028,-0.0171610670289627));
#4292=CARTESIAN_POINT('',(-0.00544291414083017,0.00300000000000021,-0.0171021298462309));
#4293=CARTESIAN_POINT('',(-0.0056199932229213,0.00300000000000008,-0.0170144048350376));
#4294=CARTESIAN_POINT('',(-0.00582724020663546,0.003,-0.0168813030915097));
#4295=CARTESIAN_POINT('',(-0.00604800330894183,0.00299999999999991,-0.0166935144629374));
#4296=CARTESIAN_POINT('',(-0.00635258021506756,0.00299999999999984,-0.016365855218136));
#4297=CARTESIAN_POINT('',(-0.00666812885236906,0.00300000000000024,-0.0159198426125865));
#4298=CARTESIAN_POINT('',(-0.00698404042001923,0.00299999999999995,-0.0153495451247794));
#4299=CARTESIAN_POINT('',(-0.00720619939297047,0.003,-0.0148513173931183));
#4300=CARTESIAN_POINT('',(-0.00736108728847247,0.00300000000000005,-0.0144399655481964));
#4301=CARTESIAN_POINT('',(-0.00744704269042434,0.003,-0.0141768045705481));
#4302=CARTESIAN_POINT('',(-0.00749525750538586,0.00299999999999996,-0.0140014692634297));
#4303=CARTESIAN_POINT('',(-0.00751512408973552,0.003,-0.0139192110082196));
#4304=CARTESIAN_POINT('',(-0.00752758457918895,0.00300000000000004,-0.0138639339045785));
#4305=CARTESIAN_POINT('',(-0.00754122301824289,0.003,-0.0137937544173779));
#4306=CARTESIAN_POINT('',(-0.00755080542235602,0.003,-0.0137251903804346));
#4307=CARTESIAN_POINT('',(-0.00754997723966999,0.003,-0.0136819276386436));
#4308=CARTESIAN_POINT('',(-0.00754947926240432,0.003,-0.0136699714731193));
#4309=CARTESIAN_POINT('',(-0.00495,0.00306728233173515,-0.0171958792678025));
#4310=CARTESIAN_POINT('',(-0.0049767843366756,0.00306728233173519,-0.0171953034820057));
#4311=CARTESIAN_POINT('',(-0.00503035301002681,0.00306728233173529,-0.0171941519104123));
#4312=CARTESIAN_POINT('',(-0.00512382699219979,0.00306728233173538,-0.0171842144201335));
#4313=CARTESIAN_POINT('',(-0.00526965209868035,0.00306728233173543,-0.0171569037988007));
#4314=CARTESIAN_POINT('',(-0.00544227329893477,0.00306728233173535,-0.0170979413076915));
#4315=CARTESIAN_POINT('',(-0.00561903878540543,0.00306728233173522,-0.0170102119216812));
#4316=CARTESIAN_POINT('',(-0.00582590607049532,0.00306728233173512,-0.0168771365990079));
#4317=CARTESIAN_POINT('',(-0.00604627792543718,0.00306728233173505,-0.0166894419660783));
#4318=CARTESIAN_POINT('',(-0.00635034241708435,0.00306728233173498,-0.0163620148603553));
#4319=CARTESIAN_POINT('',(-0.00666539392309888,0.00306728233173538,-0.0159163969335973));
#4320=CARTESIAN_POINT('',(-0.00698084818053789,0.0030672823317351,-0.0153466744084965));
#4321=CARTESIAN_POINT('',(-0.00720269727371667,0.00306728233173518,-0.0148489809506554));
#4322=CARTESIAN_POINT('',(-0.00735737587955509,0.00306728233173519,-0.0144380866341493));
#4323=CARTESIAN_POINT('',(-0.00744321449423663,0.00306728233173512,-0.0141752234779361));
#4324=CARTESIAN_POINT('',(-0.00749135852925398,0.00306728233173511,-0.0140000874734513));
#4325=CARTESIAN_POINT('',(-0.00751119882123348,0.00306728233173515,-0.0139179250835543));
#4326=CARTESIAN_POINT('',(-0.00752359957948473,0.00306728233173518,-0.0138626918002635));
#4327=CARTESIAN_POINT('',(-0.00753728980394671,0.00306728233173514,-0.0137926303056812));
#4328=CARTESIAN_POINT('',(-0.0075467607907092,0.00306728233173514,-0.0137240963221048));
#4329=CARTESIAN_POINT('',(-0.00754587269467348,0.00306728233173515,-0.013680854847635));
#4330=CARTESIAN_POINT('',(-0.00754535963996143,0.00306728233173515,-0.0136689052523193));
#4331=CARTESIAN_POINT('',(-0.00495,0.00320184699520543,-0.017187637803407));
#4332=CARTESIAN_POINT('',(-0.00497674548689248,0.00320184699520548,-0.0171870598874242));
#4333=CARTESIAN_POINT('',(-0.00503023646067745,0.00320184699520557,-0.0171859040554588));
#4334=CARTESIAN_POINT('',(-0.00512350315065331,0.00320184699520566,-0.0171759390211093));
#4335=CARTESIAN_POINT('',(-0.00526893676125336,0.00320184699520572,-0.0171485773384766));
#4336=CARTESIAN_POINT('',(-0.00544099161514398,0.00320184699520563,-0.0170895642306126));
#4337=CARTESIAN_POINT('',(-0.00561712991037369,0.0032018469952055,-0.0170018260949684));
#4338=CARTESIAN_POINT('',(-0.00582323779821503,0.00320184699520541,-0.0168688036140043));
#4339=CARTESIAN_POINT('',(-0.0060428271584279,0.00320184699520534,-0.0166812969723601));
#4340=CARTESIAN_POINT('',(-0.00634586682111794,0.00320184699520527,-0.0163543341447938));
#4341=CARTESIAN_POINT('',(-0.00665992406455854,0.00320184699520566,-0.0159095055756189));
#4342=CARTESIAN_POINT('',(-0.00697446370157521,0.00320184699520539,-0.0153409329759305));
#4343=CARTESIAN_POINT('',(-0.00719569303520906,0.00320184699520546,-0.0148443080657296));
#4344=CARTESIAN_POINT('',(-0.00734995306172033,0.00320184699520547,-0.0144343288060552));
#4345=CARTESIAN_POINT('',(-0.00743555810186121,0.00320184699520541,-0.0141720612927123));
#4346=CARTESIAN_POINT('',(-0.0074835605769902,0.00320184699520539,-0.0139973238934946));
#4347=CARTESIAN_POINT('',(-0.0075033482842294,0.00320184699520543,-0.0139153532342237));
#4348=CARTESIAN_POINT('',(-0.00751562958007628,0.00320184699520546,-0.0138602075916334));
#4349=CARTESIAN_POINT('',(-0.00752942337535436,0.00320184699520543,-0.0137903820822877));
#4350=CARTESIAN_POINT('',(-0.00753867152741558,0.00320184699520543,-0.0137219082054452));
#4351=CARTESIAN_POINT('',(-0.00753766360468046,0.00320184699520543,-0.0136787092656176));
#4352=CARTESIAN_POINT('',(-0.00753712039507566,0.00320184699520543,-0.0136667728107194));
#4353=CARTESIAN_POINT('',(-0.00495,0.00345108757687113,-0.0171050363354144));
#4354=CARTESIAN_POINT('',(-0.0049763502114598,0.00345108757687117,-0.0171044328506136));
#4355=CARTESIAN_POINT('',(-0.00502905063437941,0.00345108757687126,-0.017103225881012));
#4356=CARTESIAN_POINT('',(-0.00512019534469034,0.00345108757687134,-0.0170929620487926));
#4357=CARTESIAN_POINT('',(-0.0052616421526281,0.00345108757687139,-0.0170650586332919));
#4358=CARTESIAN_POINT('',(-0.0054279248545743,0.00345108757687131,-0.0170054995443271));
#4359=CARTESIAN_POINT('',(-0.00559775215618885,0.00345108757687119,-0.0169176760070212));
#4360=CARTESIAN_POINT('',(-0.0057962185291498,0.0034510875768711,-0.0167851850002488));
#4361=CARTESIAN_POINT('',(-0.00600802445022097,0.00345108757687102,-0.0165996097822128));
#4362=CARTESIAN_POINT('',(-0.00630085685003844,0.00345108757687099,-0.0162773471449676));
#4363=CARTESIAN_POINT('',(-0.00660499558435058,0.00345108757687134,-0.0158404583311605));
#4364=CARTESIAN_POINT('',(-0.00691041767222499,0.00345108757687108,-0.0152834277348907));
#4365=CARTESIAN_POINT('',(-0.00712545855692022,0.00345108757687116,-0.0147975116678177));
#4366=CARTESIAN_POINT('',(-0.00727553731596646,0.00345108757687117,-0.0143966976240246));
#4367=CARTESIAN_POINT('',(-0.00735880651726516,0.00345108757687111,-0.0141403941899306));
#4368=CARTESIAN_POINT('',(-0.00740539125756711,0.00345108757687109,-0.0139696463765645));
#4369=CARTESIAN_POINT('',(-0.00742446294659461,0.00345108757687114,-0.013889512185607));
#4370=CARTESIAN_POINT('',(-0.00743688704661903,0.00345108757687116,-0.013835879157992));
#4371=CARTESIAN_POINT('',(-0.00744948222595073,0.00345108757687111,-0.0137673513025112));
#4372=CARTESIAN_POINT('',(-0.00745559488466432,0.00345108757687112,-0.0136988990691882));
#4373=CARTESIAN_POINT('',(-0.00745405433947661,0.00345108757687113,-0.0136564965996402));
#4374=CARTESIAN_POINT('',(-0.0074534256344445,0.00345108757687113,-0.0136448136605618));
#4375=CARTESIAN_POINT('',(-0.00495,0.00372173753029082,-0.016921737530291));
#4376=CARTESIAN_POINT('',(-0.00497549794714324,0.00372173753029086,-0.0169210794966519));
#4377=CARTESIAN_POINT('',(-0.00502649384142971,0.00372173753029093,-0.0169197634293738));
#4378=CARTESIAN_POINT('',(-0.005112790041656,0.00372173753029101,-0.0169087473232606));
#4379=CARTESIAN_POINT('',(-0.00524501904756307,0.00372173753029103,-0.0168794570058349));
#4380=CARTESIAN_POINT('',(-0.00539816537943639,0.00372173753029095,-0.0168185562053886));
#4381=CARTESIAN_POINT('',(-0.00555360066693196,0.00372173753029086,-0.0167303958571305));
#4382=CARTESIAN_POINT('',(-0.00573526305276563,0.00372173753029077,-0.0165992528406252));
#4383=CARTESIAN_POINT('',(-0.0059297378022257,0.00372173753029069,-0.0164180040705058));
#4384=CARTESIAN_POINT('',(-0.00620030564165602,0.00372173753029074,-0.0161064531573592));
#4385=CARTESIAN_POINT('',(-0.00648260619476962,0.003721737530291,-0.0156872960221927));
#4386=CARTESIAN_POINT('',(-0.00676804855356619,0.00372173753029078,-0.0151559814568409));
#4387=CARTESIAN_POINT('',(-0.00696946525893969,0.00372173753029085,-0.0146938328493853));
#4388=CARTESIAN_POINT('',(-0.00711029294679699,0.00372173753029085,-0.0143133162748511));
#4389=CARTESIAN_POINT('',(-0.00718850293519838,0.00372173753029079,-0.0140702737960012));
#4390=CARTESIAN_POINT('',(-0.00723177712677979,0.0037217375302908,-0.0139082703238658));
#4391=CARTESIAN_POINT('',(-0.00725036577717533,0.00372173753029083,-0.0138327014881974));
#4392=CARTESIAN_POINT('',(-0.00725579211168522,0.00372173753029087,-0.0137789100416718));
#4393=CARTESIAN_POINT('',(-0.00728135502798395,0.00372173753029081,-0.0137210051853902));
#4394=CARTESIAN_POINT('',(-0.0072688605672749,0.00372173753029081,-0.0136467497803365));
#4395=CARTESIAN_POINT('',(-0.00726605625974902,0.00372173753029082,-0.0136061131613362));
#4396=CARTESIAN_POINT('',(-0.00726547425394745,0.00372173753029082,-0.0135951230012112));
#4397=CARTESIAN_POINT('',(-0.00495,0.00390503633541408,-0.0166510875768712));
#4398=CARTESIAN_POINT('',(-0.00497409038705357,0.00390503633541412,-0.0166502396678888));
#4399=CARTESIAN_POINT('',(-0.00502227116116072,0.00390503633541419,-0.0166485438499242));
#4400=CARTESIAN_POINT('',(-0.00509999421732931,0.00390503633541423,-0.0166357237488103));
#4401=CARTESIAN_POINT('',(-0.00521657108737523,0.00390503633541425,-0.0166034718119103));
#4402=CARTESIAN_POINT('',(-0.00534786035497001,0.00390503633541415,-0.0165396841219173));
#4403=CARTESIAN_POINT('',(-0.00548164752825337,0.00390503633541407,-0.0164512585335703));
#4404=CARTESIAN_POINT('',(-0.00563857558656822,0.00390503633541397,-0.0163226003382224));
#4405=CARTESIAN_POINT('',(-0.00580885171686704,0.00390503633541395,-0.0161488342330349));
#4406=CARTESIAN_POINT('',(-0.00604818677389214,0.00390503633541408,-0.0158542103532229));
#4407=CARTESIAN_POINT('',(-0.00629940395365712,0.00390503633541419,-0.0154618888656266));
#4408=CARTESIAN_POINT('',(-0.00655647691755134,0.00390503633541405,-0.0149688525573614));
#4409=CARTESIAN_POINT('',(-0.00673825022063284,0.0039050363354141,-0.0145416985793691));
#4410=CARTESIAN_POINT('',(-0.00686597734510587,0.00390503633541408,-0.0141911010655258));
#4411=CARTESIAN_POINT('',(-0.00693624145608618,0.0039050363354141,-0.0139671620521022));
#4412=CARTESIAN_POINT('',(-0.00697566090052717,0.00390503633541401,-0.0138184775321247));
#4413=CARTESIAN_POINT('',(-0.00698887725276236,0.00390503633541414,-0.0137474434833082));
#4414=CARTESIAN_POINT('',(-0.00701222974891378,0.00390503633541405,-0.0137070082050512));
#4415=CARTESIAN_POINT('',(-0.00699323831746408,0.00390503633541409,-0.0136327181443839));
#4416=CARTESIAN_POINT('',(-0.00699402025295282,0.00390503633541409,-0.0135715454531349));
#4417=CARTESIAN_POINT('',(-0.00699243852454066,0.0039050363354141,-0.0135351038350056));
#4418=CARTESIAN_POINT('',(-0.00699192252909645,0.0039050363354141,-0.0135251184082177));
#4419=CARTESIAN_POINT('',(-0.00495,0.00398763780340657,-0.0164018469952055));
#4420=CARTESIAN_POINT('',(-0.00497274472256763,0.00398763780340661,-0.0164007419186265));
#4421=CARTESIAN_POINT('',(-0.0050182341677029,0.00398763780340669,-0.0163985317654687));
#4422=CARTESIAN_POINT('',(-0.00508517872475497,0.00398763780340671,-0.0163827241849559));
#4423=CARTESIAN_POINT('',(-0.00518304799310366,0.00398763780340669,-0.0163460298486165));
#4424=CARTESIAN_POINT('',(-0.00529271127017837,0.0039876378034066,-0.016279471892105));
#4425=CARTESIAN_POINT('',(-0.00540721949907228,0.00398763780340649,-0.0161915926660002));
#4426=CARTESIAN_POINT('',(-0.0055425780776471,0.00398763780340645,-0.0160663037357592));
#4427=CARTESIAN_POINT('',(-0.00569251321576103,0.00398763780340645,-0.0159006556659305));
#4428=CARTESIAN_POINT('',(-0.00590389307859764,0.00398763780340667,-0.0156222094387461));
#4429=CARTESIAN_POINT('',(-0.00612850484269181,0.00398763780340662,-0.0152555525731277));
#4430=CARTESIAN_POINT('',(-0.00636019302400235,0.00398763780340658,-0.0147977665737295));
#4431=CARTESIAN_POINT('',(-0.00652444526782818,0.00398763780340656,-0.0144027212628175));
#4432=CARTESIAN_POINT('',(-0.00664063682719657,0.00398763780340662,-0.0140795348025073));
#4433=CARTESIAN_POINT('',(-0.00670311787589366,0.00398763780340647,-0.0138727537983467));
#4434=CARTESIAN_POINT('',(-0.00674002344332856,0.00398763780340666,-0.0137366266030308));
#4435=CARTESIAN_POINT('',(-0.00675439755650329,0.00398763780340655,-0.0136724131997024));
#4436=CARTESIAN_POINT('',(-0.00674376661828331,0.00398763780340658,-0.0136200889430298));
#4437=CARTESIAN_POINT('',(-0.00674503537302921,0.00398763780340658,-0.01356171961841));
#4438=CARTESIAN_POINT('',(-0.0067408669664809,0.0039876378034066,-0.0135036387588551));
#4439=CARTESIAN_POINT('',(-0.00673902621599784,0.00398763780340661,-0.0134702917002593));
#4440=CARTESIAN_POINT('',(-0.0067385477523788,0.0039876378034066,-0.0134612047431875));
#4441=CARTESIAN_POINT('',(-0.00495,0.00399587926780201,-0.0162672823317352));
#4442=CARTESIAN_POINT('',(-0.00497117148647872,0.00399587926780206,-0.0162656563427561));
#4443=CARTESIAN_POINT('',(-0.00501351445943616,0.00399587926780215,-0.016262404364798));
#4444=CARTESIAN_POINT('',(-0.00507106001185184,0.00399587926780213,-0.0162436516893238));
#4445=CARTESIAN_POINT('',(-0.0051579424378989,0.0039958792678021,-0.0162045566101073));
#4446=CARTESIAN_POINT('',(-0.00525732729517953,0.00399587926780199,-0.016137505759748));
#4447=CARTESIAN_POINT('',(-0.00536177832075318,0.00399587926780192,-0.016050346985322));
#4448=CARTESIAN_POINT('',(-0.00548702351547157,0.0039958792678019,-0.0159277842522922));
#4449=CARTESIAN_POINT('',(-0.00562658922355801,0.00399587926780193,-0.0157668977814549));
#4450=CARTESIAN_POINT('',(-0.00582356521734151,0.00399587926780213,-0.0154975753914545));
#4451=CARTESIAN_POINT('',(-0.00603494812094921,0.00399587926780204,-0.0151451633709422));
#4452=CARTESIAN_POINT('',(-0.0062533345949224,0.00399587926780202,-0.0147063240468043));
#4453=CARTESIAN_POINT('',(-0.00640850233279331,0.003995879267802,-0.0143284989021339));
#4454=CARTESIAN_POINT('',(-0.0065186982618825,0.00399587926780204,-0.0140199365982508));
#4455=CARTESIAN_POINT('',(-0.00657688895946014,0.00399587926780196,-0.0138222618630329));
#4456=CARTESIAN_POINT('',(-0.00661274717507627,0.00399587926780204,-0.013692877523833));
#4457=CARTESIAN_POINT('',(-0.00661398710814706,0.00399587926780201,-0.0136263261367151));
#4458=CARTESIAN_POINT('',(-0.00660908350767304,0.00399587926780203,-0.0135792320727698));
#4459=CARTESIAN_POINT('',(-0.00660746075872058,0.00399587926780204,-0.0135225570329511));
#4460=CARTESIAN_POINT('',(-0.00660424487313466,0.00399587926780204,-0.0134678874975526));
#4461=CARTESIAN_POINT('',(-0.00660256161662564,0.00399587926780204,-0.0134363228185681));
#4462=CARTESIAN_POINT('',(-0.00660210976533991,0.00399587926780204,-0.0134277141756296));
#4463=CARTESIAN_POINT('',(-0.00495,0.00399999999999973,-0.0162));
#4464=CARTESIAN_POINT('',(-0.00497038486843427,0.00399999999999978,-0.0161981135548209));
#4465=CARTESIAN_POINT('',(-0.0050111546053028,0.00399999999999988,-0.0161943406644626));
#4466=CARTESIAN_POINT('',(-0.00506400065540028,0.00399999999999984,-0.0161741154415077));
#4467=CARTESIAN_POINT('',(-0.00514538966029652,0.0039999999999998,-0.0161338199908527));
#4468=CARTESIAN_POINT('',(-0.00523963530768012,0.00399999999999969,-0.0160665226935696));
#4469=CARTESIAN_POINT('',(-0.00533905773159364,0.00399999999999964,-0.0159797241449829));
#4470=CARTESIAN_POINT('',(-0.0054592462343838,0.00399999999999961,-0.0158585245105587));
#4471=CARTESIAN_POINT('',(-0.00559362722745649,0.00399999999999967,-0.015700018839217));
#4472=CARTESIAN_POINT('',(-0.00578340128671345,0.00399999999999986,-0.0154352583678087));
#4473=CARTESIAN_POINT('',(-0.00598816976007791,0.00399999999999976,-0.0150899687698494));
#4474=CARTESIAN_POINT('',(-0.00619990538038243,0.00399999999999974,-0.0146606027833417));
#4475=CARTESIAN_POINT('',(-0.00635053086527588,0.00399999999999973,-0.0142913877217921));
#4476=CARTESIAN_POINT('',(-0.00645772897922547,0.00399999999999975,-0.0139901374961226));
#4477=CARTESIAN_POINT('',(-0.00651377450124338,0.0039999999999997,-0.0137970158953761));
#4478=CARTESIAN_POINT('',(-0.00654910904095012,0.00399999999999974,-0.0136710029842341));
#4479=CARTESIAN_POINT('',(-0.00654378188396895,0.00399999999999975,-0.0136032826052214));
#4480=CARTESIAN_POINT('',(-0.00654174195236791,0.00399999999999975,-0.0135588036376398));
#4481=CARTESIAN_POINT('',(-0.00653867345156627,0.00399999999999977,-0.0135029757402217));
#4482=CARTESIAN_POINT('',(-0.00653593382646155,0.00399999999999976,-0.0134500118669014));
#4483=CARTESIAN_POINT('',(-0.00653432931693954,0.00399999999999976,-0.0134193383777225));
#4484=CARTESIAN_POINT('',(-0.00653389077182048,0.00399999999999976,-0.0134109688918506));
#4485=CARTESIAN_POINT('',(-0.00495,0.003,-0.0172000000000002));
#4486=CARTESIAN_POINT('',(-0.00495,0.00326179938779915,-0.0172000000000002));
#4487=CARTESIAN_POINT('',(-0.00495,0.00378331386847346,-0.0169833138684736));
#4488=CARTESIAN_POINT('',(-0.00495,0.0039999999999998,-0.0164617993877991));
#4489=CARTESIAN_POINT('',(-0.00495,0.00399999999999973,-0.0162));
#4490=CARTESIAN_POINT('',(-0.00495,0.00299999999999974,-0.0162000000000002));
#4491=CARTESIAN_POINT('',(0.00675,0.0041,-0.01305));
#4492=CARTESIAN_POINT('',(0.00675,0.0041,-0.0131));
#4493=CARTESIAN_POINT('',(-0.00675,0.0041,-0.0131));
#4494=CARTESIAN_POINT('',(0.00675,0.0041,-0.0131));
#4495=CARTESIAN_POINT('',(-0.00675,0.0041,-0.01305));
#4496=CARTESIAN_POINT('',(-0.00675,0.0041,-0.01305));
#4497=CARTESIAN_POINT('',(0.00675,0.0041,-0.01305));
#4498=CARTESIAN_POINT('',(0.00675,0.0041,-0.01305));
#4499=CARTESIAN_POINT('',(0.00675,0.0041,-0.01305));
#4500=CARTESIAN_POINT('',(0.00675,0.0032,-0.01305));
#4501=CARTESIAN_POINT('',(0.00675,0.0032,-0.0131));
#4502=CARTESIAN_POINT('',(0.00765,0.0032,-0.0131));
#4503=CARTESIAN_POINT('',(0.00675,0.0032,-0.01305));
#4504=CARTESIAN_POINT('',(0.00765,0.0032,-0.01305));
#4505=CARTESIAN_POINT('',(0.00765,0.0032,-0.01305));
#4506=CARTESIAN_POINT('',(0.00765,-0.0038,-0.01305));
#4507=CARTESIAN_POINT('',(0.00765,-0.0038,-0.0131));
#4508=CARTESIAN_POINT('',(0.00765,-0.0038,-0.0131));
#4509=CARTESIAN_POINT('',(0.00765,-0.0038,-0.01305));
#4510=CARTESIAN_POINT('',(0.00765,-0.0038,-0.01305));
#4511=CARTESIAN_POINT('',(0.00765,-0.0038,-0.01305));
#4512=CARTESIAN_POINT('',(-0.00765,-0.0038,-0.01305));
#4513=CARTESIAN_POINT('',(-0.00765,-0.0038,-0.0131));
#4514=CARTESIAN_POINT('',(-0.00765,-0.0038,-0.0131));
#4515=CARTESIAN_POINT('',(-0.00765,-0.0038,-0.01305));
#4516=CARTESIAN_POINT('',(-0.00765,-0.0038,-0.01305));
#4517=CARTESIAN_POINT('',(-0.00765,-0.0038,-0.01305));
#4518=CARTESIAN_POINT('',(-0.00765,0.0032,-0.01305));
#4519=CARTESIAN_POINT('',(-0.00765,0.0032,-0.0131));
#4520=CARTESIAN_POINT('',(-0.00765,0.0032,-0.0131));
#4521=CARTESIAN_POINT('',(-0.00765,0.0032,-0.01305));
#4522=CARTESIAN_POINT('',(-0.00765,0.0032,-0.01305));
#4523=CARTESIAN_POINT('',(-0.00765,0.0032,-0.01305));
#4524=CARTESIAN_POINT('',(-0.00675,0.0032,-0.01305));
#4525=CARTESIAN_POINT('',(-0.00675,0.0032,-0.0131));
#4526=CARTESIAN_POINT('',(-0.00675,0.0032,-0.01305));
#4527=CARTESIAN_POINT('',(-0.00675,0.0032,-0.0131));
#4528=CARTESIAN_POINT('',(-0.00775,-0.0039,-0.0131));
#4529=CARTESIAN_POINT('',(-0.00775,-0.0039,-0.0131));
#4530=CARTESIAN_POINT('',(-0.00675,0.0032,-0.01305));
#4531=CARTESIAN_POINT('',(-0.00675,0.0032,-0.01305));
#4532=CARTESIAN_POINT('',(-0.00775,0.0032,-0.01305));
#4533=CARTESIAN_POINT('',(-0.00675,0.0042,-0.01305));
#4534=CARTESIAN_POINT('',(0.00675,0.0042,-0.01305));
#4535=CARTESIAN_POINT('',(0.00675,0.0042,-0.01305));
#4536=CARTESIAN_POINT('',(0.00675,0.0032,-0.01305));
#4537=CARTESIAN_POINT('',(0.00775,0.0032,-0.01305));
#4538=CARTESIAN_POINT('',(0.00775,-0.0039,-0.01305));
#4539=CARTESIAN_POINT('',(0.00775,-0.0039,-0.01305));
#4540=CARTESIAN_POINT('',(-0.00775,-0.0039,-0.01305));
#4541=CARTESIAN_POINT('',(-0.00775,-0.0039,-0.01305));
#4542=CARTESIAN_POINT('',(-0.00775,0.0032,-0.01305));
#4543=CARTESIAN_POINT('',(0.00775,-0.0042,-0.0077));
#4544=CARTESIAN_POINT('',(-0.00117100843970178,0.0026,-0.0077));
#4545=CARTESIAN_POINT('',(-0.00117100843970178,0.0028,-0.0077));
#4546=CARTESIAN_POINT('',(-0.0013118195446466,0.00245797101449276,-0.0077));
#4547=CARTESIAN_POINT('',(-0.0036,0.00015,-0.0077));
#4548=CARTESIAN_POINT('',(-0.000589557748455473,-0.00107463768115942,-0.0077));
#4549=CARTESIAN_POINT('',(-0.000404299763745041,-0.00115,-0.0077));
#4550=CARTESIAN_POINT('',(-0.000404299763745041,-0.00135,-0.0077));
#4551=CARTESIAN_POINT('',(0.000404299763745041,-0.00135,-0.0077));
#4552=CARTESIAN_POINT('',(0.000404299763745042,-0.00135,-0.0077));
#4553=CARTESIAN_POINT('',(0.000404299763745041,-0.00115,-0.0077));
#4554=CARTESIAN_POINT('',(0.000589557748455474,-0.00107463768115942,-0.0077));
#4555=CARTESIAN_POINT('',(0.0036,0.00015,-0.0077));
#4556=CARTESIAN_POINT('',(0.0013118195446466,0.00245797101449276,-0.0077));
#4557=CARTESIAN_POINT('',(0.00117100843970178,0.0026,-0.0077));
#4558=CARTESIAN_POINT('',(0.00117100843970178,0.0028,-0.0077));
#4559=CARTESIAN_POINT('',(-0.00117100843970178,0.0028,-0.0077));
#4560=CARTESIAN_POINT('',(0.00775,-0.0042,-0.0077));
#4561=CARTESIAN_POINT('',(-0.001,-0.0031,-0.0077));
#4562=CARTESIAN_POINT('',(-0.0036,-0.0031,-0.0077));
#4563=CARTESIAN_POINT('',(-0.001,-0.0031,-0.0077));
#4564=CARTESIAN_POINT('',(-0.0036,0.00015,-0.0077));
#4565=CARTESIAN_POINT('',(-0.0036,0.0034,-0.0077));
#4566=CARTESIAN_POINT('',(-0.0036,0.0034,-0.0077));
#4567=CARTESIAN_POINT('',(0.00595,0.0034,-0.0077));
#4568=CARTESIAN_POINT('',(0.00595,0.0024,-0.0077));
#4569=CARTESIAN_POINT('',(0.00695,0.0024,-0.0077));
#4570=CARTESIAN_POINT('',(0.00695,0.0024,-0.0077));
#4571=CARTESIAN_POINT('',(0.00695,-0.0021,-0.0077));
#4572=CARTESIAN_POINT('',(0.00595,-0.0021,-0.0077));
#4573=CARTESIAN_POINT('',(0.00595,-0.0031,-0.0077));
#4574=CARTESIAN_POINT('',(-0.001,-0.0031,-0.0077));
#4575=CARTESIAN_POINT('',(0.001,-0.0031,-0.0077));
#4576=CARTESIAN_POINT('',(0.001,-0.0031,-0.0077));
#4577=CARTESIAN_POINT('',(0.001,-0.00195,-0.0077));
#4578=CARTESIAN_POINT('',(-0.001,-0.00195,-0.0077));
#4579=CARTESIAN_POINT('',(-0.001,-0.00195,-0.0077));
#4580=CARTESIAN_POINT('',(-0.001,-0.0031,-0.0077));
#4581=CARTESIAN_POINT('',(0.00775,-0.0039,-0.0077));
#4582=CARTESIAN_POINT('',(0.00775,-0.0039,-0.0077));
#4583=CARTESIAN_POINT('',(-0.00775,-0.0039,-0.0077));
#4584=CARTESIAN_POINT('',(0.00775,-0.0042,-0.0077));
#4585=CARTESIAN_POINT('',(0.00775,0.0032,-0.0077));
#4586=CARTESIAN_POINT('',(0.00675,0.0032,-0.0077));
#4587=CARTESIAN_POINT('',(0.00675,0.0042,-0.0077));
#4588=CARTESIAN_POINT('',(0.00775,0.0042,-0.0077));
#4589=CARTESIAN_POINT('',(-0.00675,0.0042,-0.0077));
#4590=CARTESIAN_POINT('',(-0.00675,0.0032,-0.0077));
#4591=CARTESIAN_POINT('',(-0.00775,0.0032,-0.0077));
#4592=CARTESIAN_POINT('',(-0.00775,-0.0042,-0.0077));
#4593=CARTESIAN_POINT('',(-0.0036,-0.00286905989232415,0.));
#4594=CARTESIAN_POINT('',(0.001,-0.0062609927238132,-0.005875));
#4595=CARTESIAN_POINT('',(0.001,-0.0031,-0.0004));
#4596=CARTESIAN_POINT('',(0.001,-0.00286905989232415,5.78241158658936E-19));
#4597=CARTESIAN_POINT('',(-0.001,-0.0031,-0.0004));
#4598=CARTESIAN_POINT('',(0.00595,-0.0031,-0.0004));
#4599=CARTESIAN_POINT('',(0.00595,-0.00267679491924311,0.000333012701892219));
#4600=CARTESIAN_POINT('',(0.00595,-0.00286905989232415,0.));
#4601=CARTESIAN_POINT('',(-0.0036,-0.00286905989232415,0.));
#4602=CARTESIAN_POINT('',(0.00595,-0.0021,0.));
#4603=CARTESIAN_POINT('',(0.00695,-0.0021,-0.0004));
#4604=CARTESIAN_POINT('',(0.00695,-0.0021,-0.000400000000000005));
#4605=CARTESIAN_POINT('',(0.00671905989232415,-0.0021,0.));
#4606=CARTESIAN_POINT('',(0.00595,-0.0021,0.));
#4607=CARTESIAN_POINT('',(0.00595,-0.0021,-0.0004));
#4608=CARTESIAN_POINT('',(0.00671905989232415,0.00015,0.));
#4609=CARTESIAN_POINT('',(0.00695,0.0024,-0.0004));
#4610=CARTESIAN_POINT('',(0.00695,0.0024,-0.0004));
#4611=CARTESIAN_POINT('',(0.00671905989232415,0.0024,0.));
#4612=CARTESIAN_POINT('',(0.00671905989232415,0.00015,0.));
#4613=CARTESIAN_POINT('',(0.00695,0.0024,-0.0004));
#4614=CARTESIAN_POINT('',(0.00595,0.0024,0.));
#4615=CARTESIAN_POINT('',(0.00595,0.0034,-0.0004));
#4616=CARTESIAN_POINT('',(0.00595,0.0034,-0.000400000000000005));
#4617=CARTESIAN_POINT('',(0.00595,0.00316905989232415,0.));
#4618=CARTESIAN_POINT('',(0.00595,0.0024,0.));
#4619=CARTESIAN_POINT('',(0.00595,0.0024,-0.0004));
#4620=CARTESIAN_POINT('',(-0.0036,0.00316905989232415,0.));
#4621=CARTESIAN_POINT('',(-0.0036,0.0034,-0.0004));
#4622=CARTESIAN_POINT('',(-0.0036,0.0034,-0.000400000000000005));
#4623=CARTESIAN_POINT('',(-0.0036,0.00316905989232415,0.));
#4624=CARTESIAN_POINT('',(-0.0036,0.00316905989232415,0.));
#4625=CARTESIAN_POINT('',(-0.0036,0.0034,-0.0004));
#4626=CARTESIAN_POINT('',(-0.0036,-0.00286905989232415,0.));
#4627=CARTESIAN_POINT('',(-0.001,-0.0062609927238132,-0.005875));
#4628=CARTESIAN_POINT('',(-0.001,-0.00286905989232415,0.));
#4629=CARTESIAN_POINT('',(-0.001,-0.0031,-0.000400000000000005));
#4630=CARTESIAN_POINT('',(-0.0036,-0.00286905989232415,0.));
#4631=CARTESIAN_POINT('',(-0.0036,-0.00286905989232415,0.));
#4632=CARTESIAN_POINT('',(-0.0036,-0.0031,-0.0004));
#4633=CARTESIAN_POINT('',(-0.0036,-0.0031,-0.000400000000000005));
#4634=CARTESIAN_POINT('',(-0.001,-0.0031,-0.0004));
#4635=CARTESIAN_POINT('',(0.000404299763745041,-0.00135,-0.0077));
#4636=CARTESIAN_POINT('',(0.000404299763745041,-0.00135,0.));
#4637=CARTESIAN_POINT('',(-0.000404299763745041,-0.00135,0.));
#4638=CARTESIAN_POINT('',(0.000404299763745041,-0.00135,0.));
#4639=CARTESIAN_POINT('',(0.000404299763745041,-0.00135,-0.0077));
#4640=CARTESIAN_POINT('',(-0.000404299763745041,-0.00135,-0.0077));
#4641=CARTESIAN_POINT('',(0.0036,0.00015,-0.0077));
#4642=CARTESIAN_POINT('',(0.0036,0.00015,0.));
#4643=CARTESIAN_POINT('',(0.000589557748455474,-0.00107463768115942,0.));
#4644=CARTESIAN_POINT('',(0.0013118195446466,0.00245797101449276,0.));
#4645=CARTESIAN_POINT('',(0.0013118195446466,0.00245797101449276,-0.0077));
#4646=CARTESIAN_POINT('',(0.000589557748455474,-0.00107463768115942,-0.0077));
#4647=CARTESIAN_POINT('',(-0.00117100843970178,0.0028,-0.0077));
#4648=CARTESIAN_POINT('',(-0.00117100843970178,0.0028,0.));
#4649=CARTESIAN_POINT('',(0.00117100843970178,0.0028,0.));
#4650=CARTESIAN_POINT('',(-0.00117100843970178,0.0028,0.));
#4651=CARTESIAN_POINT('',(-0.00117100843970178,0.0028,-0.0077));
#4652=CARTESIAN_POINT('',(0.00117100843970178,0.0028,-0.0077));
#4653=CARTESIAN_POINT('',(-0.00117100843970178,0.0026,-0.0077));
#4654=CARTESIAN_POINT('',(-0.00117100843970178,0.0026,0.));
#4655=CARTESIAN_POINT('',(-0.0013118195446466,0.00245797101449276,0.));
#4656=CARTESIAN_POINT('',(-0.0013118195446466,0.00245797101449276,-0.0077));
#4657=CARTESIAN_POINT('',(-0.000404299763745041,-0.00115,-0.0077));
#4658=CARTESIAN_POINT('',(-0.000404299763745041,-0.00115,0.));
#4659=CARTESIAN_POINT('',(-0.000589557748455473,-0.00107463768115942,0.));
#4660=CARTESIAN_POINT('',(-0.000589557748455473,-0.00107463768115942,-0.0077));
#4661=CARTESIAN_POINT('',(-0.0036,0.00015,0.));
#4662=CARTESIAN_POINT('',(-0.0036,0.00015,0.));
#4663=CARTESIAN_POINT('',(0.00117100843970178,0.0026,0.));
#4664=CARTESIAN_POINT('',(0.000404299763745041,-0.00115,0.));
#4665=CARTESIAN_POINT('',(0.001,-0.0031,0.));
#4666=CARTESIAN_POINT('',(0.001,-0.00195,0.));
#4667=CARTESIAN_POINT('',(-0.0036,0.00015,0.));
#4668=CARTESIAN_POINT('',(-0.001,-0.0031,0.));
#4669=CARTESIAN_POINT('',(-0.001,-0.00195,0.));
#4670=CARTESIAN_POINT('',(-0.001,-0.00195,0.));
#4671=CARTESIAN_POINT('',(-0.0036,0.00015,0.));
#4672=CARTESIAN_POINT('',(-0.00155,0.00015,0.));
#4673=CARTESIAN_POINT('',(0.0036,0.00015,0.));
#4674=CARTESIAN_POINT('',(0.00565,0.00015,0.));
#4675=CARTESIAN_POINT('',(-0.001,-0.0031,-0.0077));
#4676=CARTESIAN_POINT('',(-0.001,-0.0031,-0.0077));
#4677=CARTESIAN_POINT('',(-0.001,-0.00195,-0.0077));
#4678=CARTESIAN_POINT('',(-0.001,-0.00195,-0.0077));
#4679=CARTESIAN_POINT('',(0.001,-0.00195,-0.0077));
#4680=CARTESIAN_POINT('',(0.001,-0.0031,-0.0077));
#4681=CARTESIAN_POINT('',(0.001,-0.0031,-0.0077));
#4682=CARTESIAN_POINT('',(-0.001,-0.0031,-0.0077));
#4683=CARTESIAN_POINT('',(0.00595,-0.0031,-0.0077));
#4684=CARTESIAN_POINT('',(0.00595,-0.0021,-0.0077));
#4685=CARTESIAN_POINT('',(0.00695,-0.0021,-0.0077));
#4686=CARTESIAN_POINT('',(0.00695,0.0024,-0.0077));
#4687=CARTESIAN_POINT('',(0.00695,0.0024,-0.0077));
#4688=CARTESIAN_POINT('',(0.00595,0.0024,-0.0077));
#4689=CARTESIAN_POINT('',(0.00595,0.0034,-0.0077));
#4690=CARTESIAN_POINT('',(-0.0036,0.0034,-0.0077));
#4691=CARTESIAN_POINT('',(-0.0036,0.0034,-0.0077));
#4692=CARTESIAN_POINT('',(-0.0036,0.00015,-0.0077));
#4693=CARTESIAN_POINT('',(-0.0036,-0.0031,-0.0077));
#4694=CARTESIAN_POINT('',(-0.0036,0.00015,-0.0004));
#4695=CARTESIAN_POINT('',(-0.001,-0.0031,-0.0077));
#4696=CARTESIAN_POINT('',(0.00675,0.0032,-0.0156062135977565));
#4697=CARTESIAN_POINT('',(0.00675,0.0042,-0.0156062135977565));
#4698=CARTESIAN_POINT('',(0.00775,0.0032,-0.0077));
#4699=CARTESIAN_POINT('',(-0.00675,0.0032,-0.0156062135977565));
#4700=CARTESIAN_POINT('',(-0.00775,0.0032,-0.0077));
#4701=CARTESIAN_POINT('',(-0.00675,0.0042,-0.0156062135977565));
#4702=CARTESIAN_POINT('',(-0.00775,-0.0042,-0.0077));
#4703=CARTESIAN_POINT('',(-0.00775,0.0032,-0.0077));
#4704=CARTESIAN_POINT('',(-0.00775,-0.0039,-0.0077));
#4705=CARTESIAN_POINT('',(0.00775,-0.0042,-0.0077));
#4706=CARTESIAN_POINT('',(0.00775,-0.0039,-0.0137));
#4707=CARTESIAN_POINT('',(-0.00683896076284076,0.0042,-0.0156062135977565));
#4708=CARTESIAN_POINT('',(0.00675,0.0042,-0.0156062135977565));
#4709=CARTESIAN_POINT('',(-0.00675,0.0042,-0.0156062135977565));
#4710=CARTESIAN_POINT('',(0.00675,0.0032,-0.0156062135977565));
#4711=CARTESIAN_POINT('',(0.00775,0.0032,-0.0077));
#4712=CARTESIAN_POINT('',(-0.00675,0.0032,-0.0156062135977565));
#4713=CARTESIAN_POINT('',(-0.00775,-0.0042,-0.0077));
#4714=CARTESIAN_POINT('',(-0.00775,-0.0039,-0.0077));
#4715=CARTESIAN_POINT('',(0.00775,-0.0042,-0.0077));
#4716=CARTESIAN_POINT('',(0.00775,-0.0039,-0.0137));
#4717=CARTESIAN_POINT('',(-0.00683896076284076,-0.0039,-0.0156062135977565));
#4718=CARTESIAN_POINT('',(-0.00683896076284076,-0.0039,-0.0156062135977565));
#4719=CARTESIAN_POINT('',(-0.0036,0.00015,-0.0077));
#4720=CARTESIAN_POINT('',(0.00117100843970178,0.0026,-0.0077));
#4721=CARTESIAN_POINT('',(0.000404299763745041,-0.00115,-0.0077));
#4722=CARTESIAN_POINT('',(-0.0036,0.00015,0.));
#4723=CARTESIAN_POINT('',(-0.0036,0.00015,-0.0113));
#4724=CARTESIAN_POINT('',(0.0036,0.00015,-0.0113));
#4725=CARTESIAN_POINT('',(0.,0.,0.));
#4726=CARTESIAN_POINT('',(-0.0036,0.00015,-0.01));
#4727=CARTESIAN_POINT('',(-0.0036,0.000149999999999996,-0.01));
#4728=CARTESIAN_POINT('',(-0.00185,0.000149999999999996,-0.01));
#4729=CARTESIAN_POINT('',(-0.0036,0.000149999999999996,-0.0004));
#4730=CARTESIAN_POINT('',(-0.0036,0.000149999999999996,-0.0004));
#4731=CARTESIAN_POINT('',(-0.00155,0.000149999999999996,-0.0004));
#4732=CARTESIAN_POINT('',(-0.0036,0.000149999999999996,-0.0004));
#4733=CARTESIAN_POINT('',(-0.00165,0.000149999999999996,-0.0004));
#4734=CARTESIAN_POINT('',(-0.0036,0.00015,-0.0113));
#4735=CARTESIAN_POINT('',(-0.0036,0.000149999999999996,-0.0113));
#4736=CARTESIAN_POINT('',(-0.00155,0.000149999999999996,-0.0113));
#4737=CARTESIAN_POINT('',(-0.0036,0.000149999999999996,-0.0170982756057297));
#4738=CARTESIAN_POINT('',(-0.0036,0.000149999999999996,-0.0170982756057297));
#4739=CARTESIAN_POINT('',(-0.0036,0.000149999999999996,-0.0006));
#4740=CARTESIAN_POINT('',(-0.00185,0.000149999999999996,-0.0006));
#4741=CARTESIAN_POINT('',(-0.0036,0.000149999999999996,-0.0004));
#4742=CARTESIAN_POINT('',(0.,0.,0.));
#4743=CARTESIAN_POINT('',(0.0036,0.00015,-0.01));
#4744=CARTESIAN_POINT('',(0.0036,0.00015,-0.01));
#4745=CARTESIAN_POINT('',(0.00535,0.00015,-0.01));
#4746=CARTESIAN_POINT('',(0.0036,0.00015,-0.0004));
#4747=CARTESIAN_POINT('',(0.0036,0.00015,-0.0004));
#4748=CARTESIAN_POINT('',(0.00565,0.00015,-0.0004));
#4749=CARTESIAN_POINT('',(0.0036,0.00015,-0.0004));
#4750=CARTESIAN_POINT('',(0.00555,0.00015,-0.0004));
#4751=CARTESIAN_POINT('',(-0.0036,0.00015,-0.0113));
#4752=CARTESIAN_POINT('',(0.0036,0.00015,-0.0113));
#4753=CARTESIAN_POINT('',(0.00565,0.00015,-0.0113));
#4754=CARTESIAN_POINT('',(0.0036,0.00015,-0.0170982756057297));
#4755=CARTESIAN_POINT('',(0.0036,0.00015,-0.0170982756057297));
#4756=CARTESIAN_POINT('',(0.0036,0.00015,-0.0006));
#4757=CARTESIAN_POINT('',(0.00535,0.00015,-0.0006));
#4758=CARTESIAN_POINT('',(0.0036,0.00015,-0.0004));
#4759=MECHANICAL_DESIGN_GEOMETRIC_PRESENTATION_REPRESENTATION('',(#2372),
#4766);
#4760=MECHANICAL_DESIGN_GEOMETRIC_PRESENTATION_REPRESENTATION('',(#2373),
#4767);
#4761=MECHANICAL_DESIGN_GEOMETRIC_PRESENTATION_REPRESENTATION('',(#2374),
#4768);
#4762=MECHANICAL_DESIGN_GEOMETRIC_PRESENTATION_REPRESENTATION('',(#2375),
#4769);
#4763=MECHANICAL_DESIGN_GEOMETRIC_PRESENTATION_REPRESENTATION('',(#2376),
#4770);
#4764=MECHANICAL_DESIGN_GEOMETRIC_PRESENTATION_REPRESENTATION('',(#2377),
#4771);
#4765=MECHANICAL_DESIGN_GEOMETRIC_PRESENTATION_REPRESENTATION('',(#2378),
#4772);
#4766=(
GEOMETRIC_REPRESENTATION_CONTEXT(3)
GLOBAL_UNCERTAINTY_ASSIGNED_CONTEXT((#4773))
GLOBAL_UNIT_ASSIGNED_CONTEXT((#4794,#4787,#4780))
REPRESENTATION_CONTEXT('XT60PW-F_XT60PW-F','TOP_LEVEL_ASSEMBLY_PART')
);
#4767=(
GEOMETRIC_REPRESENTATION_CONTEXT(3)
GLOBAL_UNCERTAINTY_ASSIGNED_CONTEXT((#4774))
GLOBAL_UNIT_ASSIGNED_CONTEXT((#4795,#4788,#4781))
REPRESENTATION_CONTEXT('XT60PW-F_XT60PW-F','TOP_LEVEL_ASSEMBLY_PART')
);
#4768=(
GEOMETRIC_REPRESENTATION_CONTEXT(3)
GLOBAL_UNCERTAINTY_ASSIGNED_CONTEXT((#4775))
GLOBAL_UNIT_ASSIGNED_CONTEXT((#4796,#4789,#4782))
REPRESENTATION_CONTEXT('XT60PW-F_XT60PW-F','TOP_LEVEL_ASSEMBLY_PART')
);
#4769=(
GEOMETRIC_REPRESENTATION_CONTEXT(3)
GLOBAL_UNCERTAINTY_ASSIGNED_CONTEXT((#4776))
GLOBAL_UNIT_ASSIGNED_CONTEXT((#4797,#4790,#4783))
REPRESENTATION_CONTEXT('XT60PW-F_XT60PW-F','TOP_LEVEL_ASSEMBLY_PART')
);
#4770=(
GEOMETRIC_REPRESENTATION_CONTEXT(3)
GLOBAL_UNCERTAINTY_ASSIGNED_CONTEXT((#4777))
GLOBAL_UNIT_ASSIGNED_CONTEXT((#4798,#4791,#4784))
REPRESENTATION_CONTEXT('XT60PW-F_XT60PW-F','TOP_LEVEL_ASSEMBLY_PART')
);
#4771=(
GEOMETRIC_REPRESENTATION_CONTEXT(3)
GLOBAL_UNCERTAINTY_ASSIGNED_CONTEXT((#4778))
GLOBAL_UNIT_ASSIGNED_CONTEXT((#4799,#4792,#4785))
REPRESENTATION_CONTEXT('XT60PW-F_XT60PW-F','TOP_LEVEL_ASSEMBLY_PART')
);
#4772=(
GEOMETRIC_REPRESENTATION_CONTEXT(3)
GLOBAL_UNCERTAINTY_ASSIGNED_CONTEXT((#4779))
GLOBAL_UNIT_ASSIGNED_CONTEXT((#4800,#4793,#4786))
REPRESENTATION_CONTEXT('XT60PW-F_XT60PW-F','TOP_LEVEL_ASSEMBLY_PART')
);
#4773=UNCERTAINTY_MEASURE_WITH_UNIT(LENGTH_MEASURE(5.E-6),#4794,
'DISTANCE_ACCURACY_VALUE','Maximum Tolerance applied to model');
#4774=UNCERTAINTY_MEASURE_WITH_UNIT(LENGTH_MEASURE(5.E-6),#4795,
'DISTANCE_ACCURACY_VALUE','Maximum Tolerance applied to model');
#4775=UNCERTAINTY_MEASURE_WITH_UNIT(LENGTH_MEASURE(5.E-6),#4796,
'DISTANCE_ACCURACY_VALUE','Maximum Tolerance applied to model');
#4776=UNCERTAINTY_MEASURE_WITH_UNIT(LENGTH_MEASURE(5.E-6),#4797,
'DISTANCE_ACCURACY_VALUE','Maximum Tolerance applied to model');
#4777=UNCERTAINTY_MEASURE_WITH_UNIT(LENGTH_MEASURE(5.E-6),#4798,
'DISTANCE_ACCURACY_VALUE','Maximum Tolerance applied to model');
#4778=UNCERTAINTY_MEASURE_WITH_UNIT(LENGTH_MEASURE(5.E-6),#4799,
'DISTANCE_ACCURACY_VALUE','Maximum Tolerance applied to model');
#4779=UNCERTAINTY_MEASURE_WITH_UNIT(LENGTH_MEASURE(5.E-6),#4800,
'DISTANCE_ACCURACY_VALUE','Maximum Tolerance applied to model');
#4780=(
NAMED_UNIT(*)
SI_UNIT($,.STERADIAN.)
SOLID_ANGLE_UNIT()
);
#4781=(
NAMED_UNIT(*)
SI_UNIT($,.STERADIAN.)
SOLID_ANGLE_UNIT()
);
#4782=(
NAMED_UNIT(*)
SI_UNIT($,.STERADIAN.)
SOLID_ANGLE_UNIT()
);
#4783=(
NAMED_UNIT(*)
SI_UNIT($,.STERADIAN.)
SOLID_ANGLE_UNIT()
);
#4784=(
NAMED_UNIT(*)
SI_UNIT($,.STERADIAN.)
SOLID_ANGLE_UNIT()
);
#4785=(
NAMED_UNIT(*)
SI_UNIT($,.STERADIAN.)
SOLID_ANGLE_UNIT()
);
#4786=(
NAMED_UNIT(*)
SI_UNIT($,.STERADIAN.)
SOLID_ANGLE_UNIT()
);
#4787=(
NAMED_UNIT(*)
PLANE_ANGLE_UNIT()
SI_UNIT($,.RADIAN.)
);
#4788=(
NAMED_UNIT(*)
PLANE_ANGLE_UNIT()
SI_UNIT($,.RADIAN.)
);
#4789=(
NAMED_UNIT(*)
PLANE_ANGLE_UNIT()
SI_UNIT($,.RADIAN.)
);
#4790=(
NAMED_UNIT(*)
PLANE_ANGLE_UNIT()
SI_UNIT($,.RADIAN.)
);
#4791=(
NAMED_UNIT(*)
PLANE_ANGLE_UNIT()
SI_UNIT($,.RADIAN.)
);
#4792=(
NAMED_UNIT(*)
PLANE_ANGLE_UNIT()
SI_UNIT($,.RADIAN.)
);
#4793=(
NAMED_UNIT(*)
PLANE_ANGLE_UNIT()
SI_UNIT($,.RADIAN.)
);
#4794=(
LENGTH_UNIT()
NAMED_UNIT(*)
SI_UNIT($,.METRE.)
);
#4795=(
LENGTH_UNIT()
NAMED_UNIT(*)
SI_UNIT($,.METRE.)
);
#4796=(
LENGTH_UNIT()
NAMED_UNIT(*)
SI_UNIT($,.METRE.)
);
#4797=(
LENGTH_UNIT()
NAMED_UNIT(*)
SI_UNIT($,.METRE.)
);
#4798=(
LENGTH_UNIT()
NAMED_UNIT(*)
SI_UNIT($,.METRE.)
);
#4799=(
LENGTH_UNIT()
NAMED_UNIT(*)
SI_UNIT($,.METRE.)
);
#4800=(
LENGTH_UNIT()
NAMED_UNIT(*)
SI_UNIT($,.METRE.)
);
#4801=PRODUCT_DEFINITION_SHAPE('','',#4808);
#4802=PRODUCT_DEFINITION_SHAPE('','',#4809);
#4803=PRODUCT_DEFINITION_SHAPE('','',#4810);
#4804=PRODUCT_DEFINITION_SHAPE('','',#4811);
#4805=PRODUCT_DEFINITION_SHAPE('','',#4812);
#4806=PRODUCT_DEFINITION_SHAPE('','',#4813);
#4807=PRODUCT_DEFINITION_SHAPE('','',#4814);
#4808=PRODUCT_DEFINITION('','',#4822,#4815);
#4809=PRODUCT_DEFINITION('','',#4823,#4816);
#4810=PRODUCT_DEFINITION('','',#4824,#4817);
#4811=PRODUCT_DEFINITION('','',#4825,#4818);
#4812=PRODUCT_DEFINITION('','',#4826,#4819);
#4813=PRODUCT_DEFINITION('','',#4827,#4820);
#4814=PRODUCT_DEFINITION('','',#4828,#4821);
#4815=PRODUCT_DEFINITION_CONTEXT('',#4864,'design');
#4816=PRODUCT_DEFINITION_CONTEXT('',#4865,'design');
#4817=PRODUCT_DEFINITION_CONTEXT('',#4866,'design');
#4818=PRODUCT_DEFINITION_CONTEXT('',#4867,'design');
#4819=PRODUCT_DEFINITION_CONTEXT('',#4868,'design');
#4820=PRODUCT_DEFINITION_CONTEXT('',#4869,'design');
#4821=PRODUCT_DEFINITION_CONTEXT('',#4870,'design');
#4822=PRODUCT_DEFINITION_FORMATION_WITH_SPECIFIED_SOURCE('','',#4836,
 .NOT_KNOWN.);
#4823=PRODUCT_DEFINITION_FORMATION_WITH_SPECIFIED_SOURCE('','',#4837,
 .NOT_KNOWN.);
#4824=PRODUCT_DEFINITION_FORMATION_WITH_SPECIFIED_SOURCE('','',#4838,
 .NOT_KNOWN.);
#4825=PRODUCT_DEFINITION_FORMATION_WITH_SPECIFIED_SOURCE('','',#4839,
 .NOT_KNOWN.);
#4826=PRODUCT_DEFINITION_FORMATION_WITH_SPECIFIED_SOURCE('','',#4840,
 .NOT_KNOWN.);
#4827=PRODUCT_DEFINITION_FORMATION_WITH_SPECIFIED_SOURCE('','',#4841,
 .NOT_KNOWN.);
#4828=PRODUCT_DEFINITION_FORMATION_WITH_SPECIFIED_SOURCE('','',#4842,
 .NOT_KNOWN.);
#4829=PRODUCT_RELATED_PRODUCT_CATEGORY('','',(#4836));
#4830=PRODUCT_RELATED_PRODUCT_CATEGORY('','',(#4837));
#4831=PRODUCT_RELATED_PRODUCT_CATEGORY('','',(#4838));
#4832=PRODUCT_RELATED_PRODUCT_CATEGORY('','',(#4839));
#4833=PRODUCT_RELATED_PRODUCT_CATEGORY('','',(#4840));
#4834=PRODUCT_RELATED_PRODUCT_CATEGORY('','',(#4841));
#4835=PRODUCT_RELATED_PRODUCT_CATEGORY('','',(#4842));
#4836=PRODUCT('XT60PW-F_XT60PW-F','XT60PW-F_XT60PW-F',
'XT60PW-F_XT60PW-F',(#4850));
#4837=PRODUCT('XT60PW-F_XT60PW-F','XT60PW-F_XT60PW-F',
'XT60PW-F_XT60PW-F',(#4851));
#4838=PRODUCT('XT60PW-F_XT60PW-F','XT60PW-F_XT60PW-F',
'XT60PW-F_XT60PW-F',(#4852));
#4839=PRODUCT('XT60PW-F_XT60PW-F','XT60PW-F_XT60PW-F',
'XT60PW-F_XT60PW-F',(#4853));
#4840=PRODUCT('XT60PW-F_XT60PW-F','XT60PW-F_XT60PW-F',
'XT60PW-F_XT60PW-F',(#4854));
#4841=PRODUCT('XT60PW-F_XT60PW-F','XT60PW-F_XT60PW-F',
'XT60PW-F_XT60PW-F',(#4855));
#4842=PRODUCT('XT60PW-F_XT60PW-F','XT60PW-F_XT60PW-F',
'XT60PW-F_XT60PW-F',(#4856));
#4843=PRODUCT_CATEGORY('','');
#4844=PRODUCT_CATEGORY('','');
#4845=PRODUCT_CATEGORY('','');
#4846=PRODUCT_CATEGORY('','');
#4847=PRODUCT_CATEGORY('','');
#4848=PRODUCT_CATEGORY('','');
#4849=PRODUCT_CATEGORY('','');
#4850=PRODUCT_CONTEXT('',#4864,'mechanical');
#4851=PRODUCT_CONTEXT('',#4865,'mechanical');
#4852=PRODUCT_CONTEXT('',#4866,'mechanical');
#4853=PRODUCT_CONTEXT('',#4867,'mechanical');
#4854=PRODUCT_CONTEXT('',#4868,'mechanical');
#4855=PRODUCT_CONTEXT('',#4869,'mechanical');
#4856=PRODUCT_CONTEXT('',#4870,'mechanical');
#4857=APPLICATION_PROTOCOL_DEFINITION('international standard',
'ap242_managed_model_based_3d_engineering',2011,#4864);
#4858=APPLICATION_PROTOCOL_DEFINITION('international standard',
'ap242_managed_model_based_3d_engineering',2011,#4865);
#4859=APPLICATION_PROTOCOL_DEFINITION('international standard',
'ap242_managed_model_based_3d_engineering',2011,#4866);
#4860=APPLICATION_PROTOCOL_DEFINITION('international standard',
'ap242_managed_model_based_3d_engineering',2011,#4867);
#4861=APPLICATION_PROTOCOL_DEFINITION('international standard',
'ap242_managed_model_based_3d_engineering',2011,#4868);
#4862=APPLICATION_PROTOCOL_DEFINITION('international standard',
'ap242_managed_model_based_3d_engineering',2011,#4869);
#4863=APPLICATION_PROTOCOL_DEFINITION('international standard',
'ap242_managed_model_based_3d_engineering',2011,#4870);
#4864=APPLICATION_CONTEXT('managed model based 3d engineering');
#4865=APPLICATION_CONTEXT('managed model based 3d engineering');
#4866=APPLICATION_CONTEXT('managed model based 3d engineering');
#4867=APPLICATION_CONTEXT('managed model based 3d engineering');
#4868=APPLICATION_CONTEXT('managed model based 3d engineering');
#4869=APPLICATION_CONTEXT('managed model based 3d engineering');
#4870=APPLICATION_CONTEXT('managed model based 3d engineering');
ENDSEC;
END-ISO-10303-21;
